Workbook

Sheet EXPEDITION CONSOLIDATION
A1: EXPEDITION DRILLING AND BLASTING, INC.
A2: PHILSAGA MINING CORPORATION (OPERATION)
A3: Bayugan 3, Rosario Agusan del Sur
A5: DAILY CONSOLIDATION BLASTER REPORT
A6: FOR JUNE 1-7, 2026
A8: Location | C8: : | D8: MINE SITE, CO-O, CONSUELO, BUNAWAN , AGUSAN DEL SUR
A10: I. | B10: EXPLOSIVE USED | F10: REQUISITIONED | J10: CONSUMED | N10: REQUIRED
F11: (KLS) | G11: (PCS) | J11: (KLS) | K11: (PCS) | N11: (KLS) | O11: (PCS)
B12: Emulison Senatel Pulsar 38 | F12: =G12/38*25 -> 0 | G12: ='1-2'!G11+'1-2'!G47+'3-4'!G11+'3-4'!G49+'5-6'!G11+'5-6'!G49+'7.'!G11+'7.'!G49+'8'!G11+'8'!G50+'9'!G11+'9'!G49+'10'!G11+'10'!G49 -> 0 | H12: pcs | J12: =F12 -> 0 | K12: =G12 -> 0 | L12: pcs | N12: =F12 -> 0 | O12: =G12 -> 0 | P12: pcs
B13: Emulison Senatel Pulsar 135 | F13: =G13/135*25 -> 0 | G13: ='1-2'!G12+'1-2'!G48+'3-4'!G12+'3-4'!G50+'5-6'!G12+'5-6'!G50+'7.'!G12+'7.'!G50+'8'!G12+'8'!G51+'9'!G12+'9'!G50+'10'!G12+'10'!G50 -> 0 | H13: pcs | J13: =F13 -> 0 | K13: =G13 -> 0 | L13: pcs | N13: =F13 -> 0 | O13: =G13 -> 0 | P13: pcs
B14: Emulsion Senatel Pulsar 215 P | F14: =G14/215*25 -> 1087.3256 | G14: ='1-2'!G13+'1-2'!G49+'3-4'!G13+'3-4'!G51+'5-6'!G13+'5-6'!G51+'7.'!G13+'7.'!G51+'8'!G13+'8'!G52+'9'!G13+'9'!G51+'10'!G13+'10'!G51 -> 9351 | H14: pcs | J14: =F14 -> 1087.3256 | K14: =G14 -> 9351 | L14: pcs | N14: =F14 -> 1087.3256 | O14: =G14 -> 9351 | P14: pcs
B15: Anfo | F15: ='1-2'!F14+'1-2'!F50+'3-4'!F14+'3-4'!F52+'5-6'!F14+'5-6'!F52+'7.'!F14+'7.'!F52+'8'!F14+'8'!F53+'9'!F14+'9'!F52+'10'!F14+'10'!F52 -> 7769.8 | J15: =F15 -> 7769.8 | N15: =F15 -> 7769.8
B16: OBC | G16: ='1-2'!G15+'1-2'!G51+'3-4'!G15+'3-4'!G53+'5-6'!G15+'5-6'!G53+'7.'!G15+'7.'!G53+'8'!G15+'8'!G54+'9'!G15+'9'!G53+'10'!G15+'10'!G53 -> 632 | H16: pcs | K16: =G16 -> 632 | L16: pcs | O16: =G16 -> 632 | P16: pcs
B17: Safety Fuse | G17: ='1-2'!G16+'1-2'!G52+'3-4'!G16+'3-4'!G54+'5-6'!G16+'5-6'!G54+'7.'!G16+'7.'!G54+'8'!G16+'8'!G55+'9'!G16+'9'!G54 -> 1535.76 | H17: meters | K17: =G17 -> 1535.76 | L17: meters | O17: =G17 -> 1535.76 | P17: meters
B18: EXEL Detonator (3.6) | G18: ='1-2'!G17+'1-2'!G53+'3-4'!G17+'3-4'!G55+'5-6'!G17+'5-6'!G55+'7.'!G17+'7.'!G55+'8'!G17+'8'!G56+'9'!G17+'9'!G55+'10'!G17+'10'!G55 -> 580 | H18: pcs | K18: =G18 -> 580 | L18: pcs | O18: =G18 -> 580 | P18: pcs
B19: EXEL Detonator (2.4) | G19: ='1-2'!G18+'1-2'!G54+'3-4'!G18+'3-4'!G56+'5-6'!G18+'5-6'!G56+'7.'!G18+'7.'!G56+'8'!G18+'8'!G57+'9'!G18+'9'!G56+'10'!G18+'10'!G56 -> 10535 | H19: pcs | K19: =G19 -> 10535 | L19: pcs | O19: =G19 -> 10535 | P19: pcs
B20: EXEL Detonator (4.9) | G20: ='1-2'!G19+'1-2'!G55+'3-4'!G19+'3-4'!G57+'5-6'!G19+'5-6'!G57+'7.'!G19+'7.'!G58+'8'!G19+'8'!G58+'9'!G19+'9'!G57+'10'!G19+'10'!G57 -> 0 | H20: pcs | K20: =G20 -> 0 | L20: pcs | O20: =G20 -> 0 | P20: pcs
B21: Cordtex (Detonating Cord) 5 | G21: ='1-2'!G20+'1-2'!G56+'3-4'!G20+'3-4'!G58+'5-6'!G20+'5-6'!G58+'7.'!G20+'7.'!G58+'8'!G20+'8'!G58+'9'!G20+'9'!G57+'10'!G19+'10'!G57 -> 2350 | H21: meters | K21: =G21 -> 2350 | L21: meters | O21: =G21 -> 2350 | P21: meters
B22: Cordtex (DCORD I) 5 | G22: ='1-2'!G21+'1-2'!G57+'3-4'!G21+'3-4'!G59+'5-6'!G21+'5-6'!G59+'7.'!G21+'7.'!G59+'8'!G22+'8'!G60+'9'!G22+'9'!G59+'10'!G21+'10'!G59 -> 0 | H22: meters | K22: =G22 -> 0 | L22: meters | O22: =G22 -> 0 | P22: meters
B23: Cordtex (Detonating Cord) 40 | G23: ='1-2'!G22+'1-2'!G58+'3-4'!G22+'3-4'!G60+'5-6'!G22+'5-6'!G60+'7.'!G22+'7.'!G60+'8'!G23+'8'!G61+'9'!G23+'9'!G60+'10'!G22+'10'!G60 -> 0 | H23: meters | K23: =G23 -> 0 | L23: meters | O23: =G23 -> 0 | P23: meters
B24: MS 12 | G24: ='1-2'!G23+'1-2'!G59+'3-4'!G23+'3-4'!G61+'5-6'!G23+'5-6'!G61+'7.'!G23+'7.'!G61+'8'!G24+'8'!G62+'9'!G24+'9'!G61+'10'!G23+'10'!G61 -> 0 | H24: meters | K24: 0 | L24: meters | O24: 0 | P24: meters
B25: MS 18 | G25: ='1-2'!G24+'1-2'!G60+'3-4'!G24+'3-4'!G62+'5-6'!G24+'5-6'!G62+'7.'!G24+'7.'!G62+'8'!G25+'8'!G63+'9'!G25+'9'!G62+'10'!G24+'10'!G62 -> 0 | H25: meters | K25: 0 | L25: meters | O25: 0 | P25: meters
B26: Fuse Lighter | G26: ='1-2'!G25+'1-2'!G61+'3-4'!G25+'3-4'!G63+'5-6'!G25+'5-6'!G63+'7.'!G25+'7.'!G63+'8'!G26+'8'!G64+'9'!G24+'9'!G63+'10'!G25+'10'!G63 -> 2 | H26: pcs | K26: =G26 -> 2 | L26: meters | O26: =G26 -> 2 | P26: meters
B27: BILL WIRE | G27: ='1-2'!G26+'1-2'!G62+'3-4'!G26+'3-4'!G64+'5-6'!G26+'5-6'!G64+'7.'!G26+'7.'!G64+'8'!G27+'8'!G65+'9'!G25+'9'!G64+'10'!G26+'10'!G64 -> 26 | H27: pcs | K27: =G27 -> 26 | L27: meters | O27: =G27 -> 26 | P27: meters
B28: EBC | G28: ='1-2'!G27+'1-2'!G63+'3-4'!G27+'3-4'!G65+'5-6'!G27+'5-6'!G65+'7.'!G27+'7.'!G65+'8'!G28+'8'!G66+'9'!G28+'9'!G65+'10'!G27+'10'!G65 -> 28 | H28: pcs | K28: =G28 -> 28 | L28: meters | O28: =G28 -> 28 | P28: meters
A30: II. | B30: CHARGED DRILL HOLES
C31: (a) | D31: PRIMARY: | E31: ='1-2'!E30:F30+'1-2'!E66:F66+'3-4'!E30:F30+'3-4'!E68:F68+'5-6'!E30:F30+'5-6'!E68:F68+'7.'!E30:F30+'7.'!E68:F68+'8'!E31:F31+'8'!E68:F68+'9'!E31:F31+'9'!E67:F67+'10'!E30:F30+'10'!E67:F67 -> 450 | G31: No. of holes: | J31: ='1-2'!J30:K30+'1-2'!J66:K66+'3-4'!J30:K30+'3-4'!J68:K68+'5-6'!J30:K30+'5-6'!J68:K68+'7.'!J30:K30+'7.'!J68:K68+'8'!J31:K31+'8'!J68:K68+'9'!J31:K31+'9'!J67:K67+'10'!J30:K30+'10'!J67:K67 -> 11010 | L31: Depth: | N31: 5'X11" | T31: =J31+J32 -> 11115
C32: (b) | D32: SECONDARY: | E32: ='1-2'!E31:F31+'1-2'!E67:F67+'3-4'!E31:F31+'3-4'!E69:F69+'5-6'!E31:F31+'5-6'!E69:F69+'7.'!E31:F31+'7.'!E69:F69+'8'!E32:F32+'8'!E69:F69+'9'!E32:F32+'9'!E68:F68+'10'!E31:F31+'10'!E68:F68 -> 16 | G32: No. of holes: | J32: ='1-2'!J31:K31+'1-2'!J67:K67+'3-4'!J31:K31+'3-4'!J69:K69+'5-6'!J31:K31+'5-6'!J69:K69+'7.'!J31:K31+'7.'!J69:K69+'8'!J32:K32+'8'!J69:K69+'9'!J32:K32+'9'!J68:K68+'10'!J31:K31+'10'!J68:K68 -> 105 | L32: Depth: | N32: 3X'11"
A34: III. | B34: ESTIMATED TONNAGE OF BLASTED MATERIAL
B35: REMARKS:
A38: Prepared by: | F38: Witnessed and Checked by: | L38: Reviewed by:
A41: RONALD V BATERNA | F41: PEMS VER M JULAO | L41: RAFFY D TORRES
A42: LICENSED BLASTER | F42: PNP - PPO AGUSAN DEL SUR REPRESENTATIVE | L42: MINE EXPLOSIVES MANAGER
A43: FPKB15-090124-1069
A46: Noted by:
A49: ENGR EARL M SON
A50: MINE DIVISION MANAGER

Sheet 1-2
A1: EXPEDITION DRILLING AND BLASTING, INC.
A2: PHILSAGA MINING CORPORATION (OPERATION)
A3: Bayugan 3, Rosario Agusan del Sur
A5: DAILY BLASTER REPORT
A6: Location | C6: : | D6: MINE SITE, CO-O, CONSUELO, BUNAWAN , AGUSAN DEL SUR | M6: Date: | N6: 46174
A7: Time of Blasting | C7: : | D7: 6:45 AM / 2:45 PM / 10:45 PM | M7: Shift: | N7: 1ST SHIFT/2ND SHIFT/3RD SHIFT
A9: I. | B9: EXPLOSIVE USED | F9: REQUISITIONED | J9: CONSUMED | N9: REQUIRED
F10: (KLS) | G10: (PCS) | J10: (KLS) | K10: (PCS) | N10: (KLS) | O10: (PCS)
B11: ='EXPEDITION CONSOLIDATION'!B12:D12 -> Emulison Senatel Pulsar 38 | F11: =G11/38*25 -> 0 | H11: pcs | J11: =F11 -> 0 | K11: =G11 -> 0 | L11: pcs | N11: =F11 -> 0 | O11: =G11 -> 0 | P11: pcs
B12: ='EXPEDITION CONSOLIDATION'!B13:D13 -> Emulison Senatel Pulsar 135 | F12: =G12/135*25 -> 0 | H12: pcs | J12: =F12 -> 0 | K12: =G12 -> 0 | L12: pcs | N12: =F12 -> 0 | O12: =G12 -> 0 | P12: pcs
B13: ='EXPEDITION CONSOLIDATION'!B14:D14 -> Emulsion Senatel Pulsar 215 P | F13: =G13/215*25 -> 128.48837 | G13: 1105 | H13: pcs | J13: =F13 -> 128.48837 | K13: =G13 -> 1105 | L13: pcs | N13: =F13 -> 128.48837 | O13: =G13 -> 1105 | P13: pcs
B14: ='EXPEDITION CONSOLIDATION'!B15:D15 -> Anfo | F14: 981 | J14: =F14 -> 981 | N14: =F14 -> 981
B15: ='EXPEDITION CONSOLIDATION'!B16:D16 -> OBC | G15: 80 | H15: pcs | K15: =G15 -> 80 | L15: pcs | O15: =G15 -> 80 | P15: pcs
B16: ='EXPEDITION CONSOLIDATION'!B17:D17 -> Safety Fuse | G16: =G15*2.43 -> 194.4 | H16: meters | K16: =G16 -> 194.4 | L16: meters | O16: =G16 -> 194.4 | P16: meters
B17: ='EXPEDITION CONSOLIDATION'!B18:D18 -> EXEL Detonator (3.6) | G17: 98 | H17: pcs | K17: =G17 -> 98 | L17: pcs | O17: =G17 -> 98 | P17: pcs
B18: ='EXPEDITION CONSOLIDATION'!B19:D19 -> EXEL Detonator (2.4) | G18: 1267 | H18: pcs | K18: =G18 -> 1267 | L18: pcs | O18: =G18 -> 1267 | P18: pcs
B19: ='EXPEDITION CONSOLIDATION'!B20:D20 -> EXEL Detonator (4.9) | H19: pcs | K19: =G19 -> 0 | L19: pcs | O19: =G19 -> 0 | P19: pcs
B20: ='EXPEDITION CONSOLIDATION'!B21:D21 -> Cordtex (Detonating Cord) 5 | G20: 392 | H20: meters | K20: =G20 -> 392 | L20: meters | O20: =G20 -> 392 | P20: meters
B21: ='EXPEDITION CONSOLIDATION'!B22:D22 -> Cordtex (DCORD I) 5 | H21: meters | K21: =G21 -> 0 | L21: meters | O21: =G21 -> 0 | P21: meters
B22: ='EXPEDITION CONSOLIDATION'!B23:D23 -> Cordtex (Detonating Cord) 40 | H22: meters | K22: =G22 -> 0 | L22: meters | O22: =G22 -> 0 | P22: meters
B23: ='EXPEDITION CONSOLIDATION'!B24:D24 -> MS 12 | H23: meters | K23: =G23 -> 0 | L23: meters | O23: =G23 -> 0 | P23: meters
B24: ='EXPEDITION CONSOLIDATION'!B25:D25 -> MS 18 | H24: meters | K24: =G24 -> 0 | L24: meters | O24: =G24 -> 0 | P24: meters
B25: ='EXPEDITION CONSOLIDATION'!B26:D26 -> Fuse Lighter | H25: pcs | K25: =G25 -> 0 | L25: pcs | O25: =G25 -> 0 | P25: pcs
B26: ='EXPEDITION CONSOLIDATION'!B27:D27 -> BILL WIRE | H26: pcs | K26: =G26 -> 0 | L26: pcs | O26: =G26 -> 0 | P26: pcs
B27: ='EXPEDITION CONSOLIDATION'!B28:D28 -> EBC | G27: 2 | H27: pcs | K27: =G27 -> 2 | L27: pcs | O27: =G27 -> 2 | P27: pcs
A29: II. | B29: CHARGED DRILL HOLES
C30: (a) | D30: PRIMARY: | E30: 54 | G30: No. of holes: | J30: =G17+G18+G19-J31 -> 1365 | M30: Depth: | N30: 5'X11"
C31: (b) | D31: SECONDARY: | E31: 0 | G31: No. of holes: | J31: 0 | M31: Depth: | N31: 3X'11"
A33: III. | B33: ESTIMATED TONNAGE OF BLASTED MATERIAL
B34: REMARKS:
A37: EXPEDITION DRILLING AND BLASTING, INC.
A38: PHILSAGA MINING CORPORATION (OPERATION)
A39: Bayugan 3, Rosario Agusan del Sur
A41: DAILY BLASTER REPORT
A42: Location | C42: : | D42: MINE SITE, CO-O, CONSUELO, BUNAWAN , AGUSAN DEL SUR | M42: Date: | N42: 46175
A43: Time of Blasting | C43: : | D43: 6:45 AM / 2:45 PM / 10:45 PM | M43: Shift: | N43: 1ST SHIFT/2ND SHIFT/3RD SHIFT
A45: I. | B45: EXPLOSIVE USED | F45: REQUISITIONED | J45: CONSUMED | N45: REQUIRED
F46: (KLS) | G46: (PCS) | J46: (KLS) | K46: (PCS) | N46: (KLS) | O46: (PCS)
B47: ='EXPEDITION CONSOLIDATION'!B12:D12 -> Emulison Senatel Pulsar 38 | F47: =G47/38*25 -> 0 | H47: pcs | J47: =F47 -> 0 | K47: =G47 -> 0 | L47: pcs | N47: =F47 -> 0 | O47: =G47 -> 0 | P47: pcs
B48: ='EXPEDITION CONSOLIDATION'!B13:D13 -> Emulison Senatel Pulsar 135 | F48: =G48/135*25 -> 0 | H48: pcs | J48: =F48 -> 0 | K48: =G48 -> 0 | L48: pcs | N48: =F48 -> 0 | O48: =G48 -> 0 | P48: pcs
B49: ='EXPEDITION CONSOLIDATION'!B14:D14 -> Emulsion Senatel Pulsar 215 P | F49: =G49/215*25 -> 169.06977 | G49: 1454 | H49: pcs | J49: =F49 -> 169.06977 | K49: =G49 -> 1454 | L49: pcs | N49: =F49 -> 169.06977 | O49: =G49 -> 1454 | P49: pcs
B50: ='EXPEDITION CONSOLIDATION'!B15:D15 -> Anfo | F50: 1128.2 | J50: =F50 -> 1128.2 | N50: =F50 -> 1128.2
B51: ='EXPEDITION CONSOLIDATION'!B16:D16 -> OBC | G51: 85 | H51: pcs | K51: =G51 -> 85 | L51: pcs | O51: =G51 -> 85 | P51: pcs
B52: ='EXPEDITION CONSOLIDATION'!B17:D17 -> Safety Fuse | G52: =G51*2.43 -> 206.55 | H52: meters | K52: =G52 -> 206.55 | L52: meters | O52: =G52 -> 206.55 | P52: meters
B53: ='EXPEDITION CONSOLIDATION'!B18:D18 -> EXEL Detonator (3.6) | G53: 100 | H53: pcs | K53: =G53 -> 100 | L53: pcs | O53: =G53 -> 100 | P53: pcs
B54: ='EXPEDITION CONSOLIDATION'!B19:D19 -> EXEL Detonator (2.4) | G54: 1484 | H54: pcs | K54: =G54 -> 1484 | L54: pcs | O54: =G54 -> 1484 | P54: pcs
B55: ='EXPEDITION CONSOLIDATION'!B20:D20 -> EXEL Detonator (4.9) | H55: pcs | K55: =G55 -> 0 | L55: pcs | O55: =G55 -> 0 | P55: pcs
B56: ='EXPEDITION CONSOLIDATION'!B21:D21 -> Cordtex (Detonating Cord) 5 | G56: 437 | H56: meters | K56: =G56 -> 437 | L56: meters | O56: =G56 -> 437 | P56: meters
B57: ='EXPEDITION CONSOLIDATION'!B22:D22 -> Cordtex (DCORD I) 5 | H57: meters | K57: =G57 -> 0 | L57: meters | O57: =G57 -> 0 | P57: meters
B58: ='EXPEDITION CONSOLIDATION'!B23:D23 -> Cordtex (Detonating Cord) 40 | H58: meters | K58: =G58 -> 0 | L58: meters | O58: =G58 -> 0 | P58: meters
B59: ='EXPEDITION CONSOLIDATION'!B24:D24 -> MS 12 | H59: meters | K59: =G59 -> 0 | L59: meters | O59: =G59 -> 0 | P59: meters
B60: ='EXPEDITION CONSOLIDATION'!B25:D25 -> MS 18 | H60: meters | K60: =G60 -> 0 | L60: meters | O60: =G60 -> 0 | P60: meters
B61: ='EXPEDITION CONSOLIDATION'!B26:D26 -> Fuse Lighter | H61: pcs | K61: =G61 -> 0 | L61: pcs | O61: =G61 -> 0 | P61: pcs
B62: ='EXPEDITION CONSOLIDATION'!B27:D27 -> BILL WIRE | H62: pcs | K62: =G62 -> 0 | L62: pcs | O62: =G62 -> 0 | P62: pcs
B63: ='EXPEDITION CONSOLIDATION'!B28:D28 -> EBC | G63: 6 | H63: pcs | K63: =G63 -> 6 | L63: pcs | O63: =G63 -> 6 | P63: pcs
A65: II. | B65: CHARGED DRILL HOLES
C66: (a) | D66: PRIMARY: | E66: 74 | G66: No. of holes: | J66: =G53+G54+G55-J67 -> 1565 | M66: Depth: | N66: 5'X11"
C67: (b) | D67: SECONDARY: | E67: 3 | G67: No. of holes: | J67: =6+7+6 -> 19 | M67: Depth: | N67: 3X'11"
A69: III. | B69: ESTIMATED TONNAGE OF BLASTED MATERIAL
B70: REMARKS:

Sheet 3-4
A1: EXPEDITION DRILLING AND BLASTING, INC.
A2: PHILSAGA MINING CORPORATION (OPERATION)
A3: Bayugan 3, Rosario Agusan del Sur
A5: DAILY BLASTER REPORT
A6: Location | C6: : | D6: MINE SITE, CO-O, CONSUELO, BUNAWAN , AGUSAN DEL SUR | M6: Date: | N6: 46176
A7: Time of Blasting | C7: : | D7: 6:45 AM / 2:45 PM / 10:45 PM | M7: Shift: | N7: 1ST SHIFT/2ND SHIFT/3RD SHIFT
A9: I. | B9: EXPLOSIVE USED | F9: REQUISITIONED | J9: CONSUMED | N9: REQUIRED
F10: (KLS) | G10: (PCS) | J10: (KLS) | K10: (PCS) | N10: (KLS) | O10: (PCS)
B11: ='EXPEDITION CONSOLIDATION'!B12:D12 -> Emulison Senatel Pulsar 38 | F11: =G11/38*25 -> 0 | H11: pcs | J11: =F11 -> 0 | K11: =G11 -> 0 | L11: pcs | N11: =F11 -> 0 | O11: =G11 -> 0 | P11: pcs
B12: ='EXPEDITION CONSOLIDATION'!B13:D13 -> Emulison Senatel Pulsar 135 | F12: =G12/135*25 -> 0 | H12: pcs | J12: =F12 -> 0 | K12: =G12 -> 0 | L12: pcs | N12: =F12 -> 0 | O12: =G12 -> 0 | P12: pcs
B13: ='EXPEDITION CONSOLIDATION'!B14:D14 -> Emulsion Senatel Pulsar 215 P | F13: =G13/215*25 -> 200.23256 | G13: 1722 | H13: pcs | J13: =F13 -> 200.23256 | K13: =G13 -> 1722 | L13: pcs | N13: =F13 -> 200.23256 | O13: =G13 -> 1722 | P13: pcs
B14: ='EXPEDITION CONSOLIDATION'!B15:D15 -> Anfo | F14: 1107.8 | J14: =F14 -> 1107.8 | N14: =F14 -> 1107.8
B15: ='EXPEDITION CONSOLIDATION'!B16:D16 -> OBC | G15: 88 | H15: pcs | K15: =G15 -> 88 | L15: pcs | O15: =G15 -> 88 | P15: pcs
B16: ='EXPEDITION CONSOLIDATION'!B17:D17 -> Safety Fuse | G16: =G15*2.43 -> 213.84 | H16: meters | K16: =G16 -> 213.84 | L16: pcs | O16: =G16 -> 213.84 | P16: meters
B17: ='EXPEDITION CONSOLIDATION'!B18:D18 -> EXEL Detonator (3.6) | G17: 69 | H17: pcs | K17: =G17 -> 69 | L17: pcs | O17: =G17 -> 69 | P17: pcs
B18: ='EXPEDITION CONSOLIDATION'!B19:D19 -> EXEL Detonator (2.4) | G18: 1599 | H18: pcs | K18: =G18 -> 1599 | L18: pcs | O18: =G18 -> 1599 | P18: pcs
B19: ='EXPEDITION CONSOLIDATION'!B20:D20 -> EXEL Detonator (4.9) | H19: pcs | K19: =G19 -> 0 | L19: pcs | O19: =G19 -> 0 | P19: pcs
B20: ='EXPEDITION CONSOLIDATION'!B21:D21 -> Cordtex (Detonating Cord) 5 | G20: 424 | H20: meters | K20: =G20 -> 424 | L20: meters | O20: =G20 -> 424 | P20: meters
B21: ='EXPEDITION CONSOLIDATION'!B22:D22 -> Cordtex (DCORD I) 5 | H21: meters | K21: =G21 -> 0 | L21: meters | O21: =G21 -> 0 | P21: meters
B22: ='EXPEDITION CONSOLIDATION'!B23:D23 -> Cordtex (Detonating Cord) 40 | H22: meters | K22: =G22 -> 0 | O22: =G22 -> 0 | P22: meters
B23: ='EXPEDITION CONSOLIDATION'!B24:D24 -> MS 12 | H23: meters | K23: =G23 -> 0 | L23: meters | O23: =G23 -> 0 | P23: meters
B24: ='EXPEDITION CONSOLIDATION'!B25:D25 -> MS 18 | H24: meters | K24: =G24 -> 0 | L24: meters | O24: =G24 -> 0 | P24: meters
B25: ='EXPEDITION CONSOLIDATION'!B26:D26 -> Fuse Lighter | H25: pcs | K25: =G25 -> 0 | L25: pcs | O25: =G25 -> 0 | P25: pcs
B26: ='EXPEDITION CONSOLIDATION'!B27:D27 -> BILL WIRE | H26: pcs | K26: =G26 -> 0 | L26: pcs | O26: =G26 -> 0 | P26: pcs
B27: ='EXPEDITION CONSOLIDATION'!B28:D28 -> EBC | G27: 6 | H27: pcs | K27: =G27 -> 6 | L27: pcs | O27: =G27 -> 6 | P27: pcs
A29: II. | B29: CHARGED DRILL HOLES
C30: (a) | D30: PRIMARY: | E30: 65 | G30: No. of holes: | J30: =G17+G18-J31+G19 -> 1652 | M30: Depth: | N30: 5'X11"
C31: (b) | D31: SECONDARY: | E31: 2 | G31: No. of holes: | J31: =6+10 -> 16 | M31: Depth: | N31: 3X'11"
A33: III. | B33: ESTIMATED TONNAGE OF BLASTED MATERIAL
B34: REMARKS:
A39: EXPEDITION DRILLING AND BLASTING, INC.
A40: PHILSAGA MINING CORPORATION (OPERATION)
A41: Bayugan 3, Rosario Agusan del Sur
A43: DAILY BLASTER REPORT
A44: Location | C44: : | D44: MINE SITE, CO-O, CONSUELO, BUNAWAN , AGUSAN DEL SUR | M44: Date: | N44: 46177
A45: Time of Blasting | C45: : | D45: 6:45 AM / 2:45 PM / 10:45 PM | M45: Shift: | N45: 1ST SHIFT/2ND SHIFT/3RD SHIFT
A47: I. | B47: EXPLOSIVE USED | F47: REQUISITIONED | J47: CONSUMED | N47: REQUIRED
F48: (KLS) | G48: (PCS) | J48: (KLS) | K48: (PCS) | N48: (KLS) | O48: (PCS)
B49: ='EXPEDITION CONSOLIDATION'!B12:D12 -> Emulison Senatel Pulsar 38 | F49: =G49/38*25 -> 0 | H49: pcs | J49: =F49 -> 0 | K49: =G49 -> 0 | L49: pcs | N49: =F49 -> 0 | O49: =G49 -> 0 | P49: pcs
B50: ='EXPEDITION CONSOLIDATION'!B13:D13 -> Emulison Senatel Pulsar 135 | F50: =G50/135*25 -> 0 | H50: pcs | J50: =F50 -> 0 | K50: =G50 -> 0 | L50: pcs | N50: =F50 -> 0 | O50: =G50 -> 0 | P50: pcs
B51: ='EXPEDITION CONSOLIDATION'!B14:D14 -> Emulsion Senatel Pulsar 215 P | F51: =G51/215*25 -> 152.90698 | G51: 1315 | H51: pcs | J51: =F51 -> 152.90698 | K51: =G51 -> 1315 | L51: pcs | N51: =F51 -> 152.90698 | O51: =G51 -> 1315 | P51: pcs
B52: ='EXPEDITION CONSOLIDATION'!B15:D15 -> Anfo | F52: 1183.4 | J52: =F52 -> 1183.4 | N52: =F52 -> 1183.4
B53: ='EXPEDITION CONSOLIDATION'!B16:D16 -> OBC | G53: 90 | H53: pcs | K53: =G53 -> 90 | L53: pcs | O53: =G53 -> 90 | P53: pcs
B54: ='EXPEDITION CONSOLIDATION'!B17:D17 -> Safety Fuse | G54: =G53*2.43 -> 218.7 | H54: meters | K54: =G54 -> 218.7 | L54: meters | O54: =G54 -> 218.7 | P54: meters
B55: ='EXPEDITION CONSOLIDATION'!B18:D18 -> EXEL Detonator (3.6) | G55: 97 | H55: pcs | K55: =G55 -> 97 | L55: pcs | O55: =G55 -> 97 | P55: pcs
B56: ='EXPEDITION CONSOLIDATION'!B19:D19 -> EXEL Detonator (2.4) | G56: 1580 | H56: pcs | K56: =G56 -> 1580 | L56: pcs | O56: =G56 -> 1580 | P56: pcs
B57: ='EXPEDITION CONSOLIDATION'!B20:D20 -> EXEL Detonator (4.9) | H57: pcs | K57: =G57 -> 0 | L57: pcs | O57: =G57 -> 0 | P57: pcs
B58: ='EXPEDITION CONSOLIDATION'!B21:D21 -> Cordtex (Detonating Cord) 5 | G58: 285 | H58: meters | K58: =G58 -> 285 | L58: meters | O58: =G58 -> 285 | P58: meters
B59: ='EXPEDITION CONSOLIDATION'!B22:D22 -> Cordtex (DCORD I) 5 | H59: meters | K59: =G59 -> 0 | L59: meters | O59: =G59 -> 0 | P59: meters
B60: ='EXPEDITION CONSOLIDATION'!B23:D23 -> Cordtex (Detonating Cord) 40 | H60: meters | K60: =G60 -> 0 | L60: meters | O60: =G60 -> 0 | P60: meters
B61: ='EXPEDITION CONSOLIDATION'!B24:D24 -> MS 12 | H61: meters | K61: =G61 -> 0 | L61: meters | O61: =G61 -> 0 | P61: meters
B62: ='EXPEDITION CONSOLIDATION'!B25:D25 -> MS 18 | H62: meters | K62: =G62 -> 0 | L62: meters | O62: =G62 -> 0 | P62: meters
B63: ='EXPEDITION CONSOLIDATION'!B26:D26 -> Fuse Lighter | H63: pcs | K63: =G63 -> 0 | L63: pcs | O63: =G63 -> 0 | P63: pcs
B64: ='EXPEDITION CONSOLIDATION'!B27:D27 -> BILL WIRE | H64: pcs | K64: =G64 -> 0 | L64: pcs | O64: =G64 -> 0 | P64: pcs
B65: ='EXPEDITION CONSOLIDATION'!B28:D28 -> EBC | G65: 4 | H65: pcs | K65: =G65 -> 4 | L65: pcs | O65: =G65 -> 4 | P65: pcs
A67: II. | B67: CHARGED DRILL HOLES
C68: (a) | D68: PRIMARY: | E68: 69 | G68: No. of holes: | J68: =G55+G56-J69+G57 -> 1670 | M68: Depth: | N68: 5'X11"
C69: (b) | D69: SECONDARY: | E69: 2 | G69: No. of holes: | J69: =5+2 -> 7 | M69: Depth: | N69: 3X'11"
A71: III. | B71: ESTIMATED TONNAGE OF BLASTED MATERIAL
B72: REMARKS:

Sheet 5-6
A1: EXPEDITION DRILLING AND BLASTING, INC.
A2: PHILSAGA MINING CORPORATION (OPERATION)
A3: Bayugan 3, Rosario Agusan del Sur
A5: DAILY BLASTER REPORT
A6: Location | C6: : | D6: MINE SITE, CO-O, CONSUELO, BUNAWAN , AGUSAN DEL SUR | M6: Date: | N6: 46178
A7: Time of Blasting | C7: : | D7: 6:45 AM / 2:45 PM / 10:45 PM | M7: Shift: | N7: 1ST SHIFT/2ND SHIFT/3RD SHIFT
A9: I. | B9: EXPLOSIVE USED | F9: REQUISITIONED | J9: CONSUMED | N9: REQUIRED
F10: (KLS) | G10: (PCS) | J10: (KLS) | K10: (PCS) | N10: (KLS) | O10: (PCS)
B11: ='EXPEDITION CONSOLIDATION'!B12:D12 -> Emulison Senatel Pulsar 38 | F11: =G11/38*25 -> 0 | H11: pcs | J11: =F11 -> 0 | K11: =G11 -> 0 | L11: pcs | N11: =F11 -> 0 | O11: =G11 -> 0 | P11: pcs
B12: ='EXPEDITION CONSOLIDATION'!B13:D13 -> Emulison Senatel Pulsar 135 | F12: =G12/135*25 -> 0 | H12: pcs | J12: =F12 -> 0 | K12: =G12 -> 0 | L12: pcs | N12: =F12 -> 0 | O12: =G12 -> 0 | P12: pcs
B13: ='EXPEDITION CONSOLIDATION'!B14:D14 -> Emulsion Senatel Pulsar 215 P | F13: =G13/215*25 -> 160.69767 | G13: 1382 | H13: pcs | J13: =F13 -> 160.69767 | K13: =G13 -> 1382 | L13: pcs | N13: =F13 -> 160.69767 | O13: =G13 -> 1382 | P13: pcs
B14: ='EXPEDITION CONSOLIDATION'!B15:D15 -> Anfo | F14: 1186.6 | J14: =F14 -> 1186.6 | N14: =F14 -> 1186.6
B15: ='EXPEDITION CONSOLIDATION'!B16:D16 -> OBC | G15: 112 | H15: pcs | K15: =G15 -> 112 | L15: pcs | O15: =G15 -> 112 | P15: pcs
B16: ='EXPEDITION CONSOLIDATION'!B17:D17 -> Safety Fuse | G16: =G15*2.43 -> 272.16 | H16: meters | K16: =G16 -> 272.16 | L16: meters | O16: =G16 -> 272.16 | P16: meters
B17: ='EXPEDITION CONSOLIDATION'!B18:D18 -> EXEL Detonator (3.6) | G17: 74 | H17: pcs | K17: =G17 -> 74 | L17: pcs | O17: =G17 -> 74 | P17: pcs
B18: ='EXPEDITION CONSOLIDATION'!B19:D19 -> EXEL Detonator (2.4) | G18: 1615 | H18: pcs | K18: =G18 -> 1615 | L18: pcs | O18: =G18 -> 1615 | P18: pcs
B19: ='EXPEDITION CONSOLIDATION'!B20:D20 -> EXEL Detonator (4.9) | H19: pcs | K19: =G19 -> 0 | L19: pcs | O19: =G19 -> 0 | P19: pcs
B20: ='EXPEDITION CONSOLIDATION'!B21:D21 -> Cordtex (Detonating Cord) 5 | G20: 254 | H20: meters | K20: =G20 -> 254 | L20: meters | O20: =G20 -> 254 | P20: meters
B21: ='EXPEDITION CONSOLIDATION'!B22:D22 -> Cordtex (DCORD I) 5 | H21: meters | K21: =G21 -> 0 | L21: meters | O21: =G21 -> 0 | P21: meters
B22: ='EXPEDITION CONSOLIDATION'!B23:D23 -> Cordtex (Detonating Cord) 40 | H22: meters | K22: =G22 -> 0 | L22: meters | O22: =G22 -> 0 | P22: meters
B23: ='EXPEDITION CONSOLIDATION'!B24:D24 -> MS 12 | H23: meters | K23: =G23 -> 0 | L23: meters | O23: =G23 -> 0 | P23: meters
B24: ='EXPEDITION CONSOLIDATION'!B25:D25 -> MS 18 | H24: meters | K24: =G24 -> 0 | L24: meters | O24: =G24 -> 0 | P24: meters
B25: ='EXPEDITION CONSOLIDATION'!B26:D26 -> Fuse Lighter | G25: 2 | H25: pcs | K25: =G25 -> 2 | L25: pcs | O25: =G25 -> 2 | P25: pcs
B26: ='EXPEDITION CONSOLIDATION'!B27:D27 -> BILL WIRE | G26: 26 | H26: pcs | K26: =G26 -> 26 | L26: pcs | O26: =G26 -> 26 | P26: pcs
B27: ='EXPEDITION CONSOLIDATION'!B28:D28 -> EBC | G27: 4 | H27: pcs | K27: =G27 -> 4 | L27: pcs | O27: =G27 -> 4 | P27: pcs
A29: II. | B29: CHARGED DRILL HOLES
C30: (a) | D30: PRIMARY: | E30: 68 | G30: No. of holes: | J30: =G17+G18-J31+G19 -> 1661 | M30: Depth: | N30: 5'X11"
C31: (b) | D31: SECONDARY: | E31: 3 | G31: No. of holes: | J31: =9+9+10 -> 28 | M31: Depth: | N31: 3X'11"
A33: III. | B33: ESTIMATED TONNAGE OF BLASTED MATERIAL
B34: REMARKS:
A39: EXPEDITION DRILLING AND BLASTING, INC.
A40: PHILSAGA MINING CORPORATION (OPERATION)
A41: Bayugan 3, Rosario Agusan del Sur
A43: DAILY BLASTER REPORT
A44: Location | C44: : | D44: MINE SITE, CO-O, CONSUELO, BUNAWAN , AGUSAN DEL SUR | M44: Date: | N44: 46179
A45: Time of Blasting | C45: : | D45: 6:45 AM / 2:45 PM / 10:45 PM | M45: Shift: | N45: 1ST SHIFT/2ND SHIFT/3RD SHIFT
A47: I. | B47: EXPLOSIVE USED | F47: REQUISITIONED | J47: CONSUMED | N47: REQUIRED
F48: (KLS) | G48: (PCS) | J48: (KLS) | K48: (PCS) | N48: (KLS) | O48: (PCS)
B49: ='EXPEDITION CONSOLIDATION'!B12:D12 -> Emulison Senatel Pulsar 38 | F49: =G49/38*25 -> 0 | H49: pcs | J49: =F49 -> 0 | K49: =G49 -> 0 | L49: pcs | N49: =F49 -> 0 | O49: =G49 -> 0 | P49: pcs
B50: ='EXPEDITION CONSOLIDATION'!B13:D13 -> Emulison Senatel Pulsar 135 | F50: =G50/135*25 -> 0 | H50: pcs | J50: =F50 -> 0 | K50: =G50 -> 0 | L50: pcs | N50: =F50 -> 0 | O50: =G50 -> 0 | P50: pcs
B51: ='EXPEDITION CONSOLIDATION'!B14:D14 -> Emulsion Senatel Pulsar 215 P | F51: =G51/215*25 -> 169.53488 | G51: 1458 | H51: pcs | J51: =F51 -> 169.53488 | L51: pcs | N51: =F51 -> 169.53488 | O51: =G51 -> 1458 | P51: pcs
B52: ='EXPEDITION CONSOLIDATION'!B15:D15 -> Anfo | F52: 1295.2 | J52: =F52 -> 1295.2 | N52: =F52 -> 1295.2
B53: ='EXPEDITION CONSOLIDATION'!B16:D16 -> OBC | G53: 105 | H53: pcs | K53: =G53 -> 105 | L53: pcs | O53: =G53 -> 105 | P53: pcs
B54: ='EXPEDITION CONSOLIDATION'!B17:D17 -> Safety Fuse | G54: =G53*2.43 -> 255.15 | H54: meters | K54: =G54 -> 255.15 | L54: meters | O54: =G54 -> 255.15 | P54: meters
B55: ='EXPEDITION CONSOLIDATION'!B18:D18 -> EXEL Detonator (3.6) | G55: 90 | H55: pcs | K55: =G55 -> 90 | L55: pcs | O55: =G55 -> 90 | P55: pcs
B56: ='EXPEDITION CONSOLIDATION'!B19:D19 -> EXEL Detonator (2.4) | G56: 1757 | H56: pcs | K56: =G56 -> 1757 | L56: pcs | O56: =G56 -> 1757 | P56: pcs
B57: ='EXPEDITION CONSOLIDATION'!B20:D20 -> EXEL Detonator (4.9) | H57: pcs | K57: =G57 -> 0 | L57: pcs | O57: =G57 -> 0 | P57: pcs
B58: ='EXPEDITION CONSOLIDATION'!B21:D21 -> Cordtex (Detonating Cord) 5 | G58: 355 | H58: meters | K58: =G58 -> 355 | L58: meters | O58: =G58 -> 355 | P58: meters
B59: ='EXPEDITION CONSOLIDATION'!B22:D22 -> Cordtex (DCORD I) 5 | H59: meters | K59: =G59 -> 0 | L59: meters | O59: =G59 -> 0 | P59: meters
B60: ='EXPEDITION CONSOLIDATION'!B23:D23 -> Cordtex (Detonating Cord) 40 | H60: meters | K60: =G60 -> 0 | L60: meters | O60: =G60 -> 0 | P60: meters
B61: ='EXPEDITION CONSOLIDATION'!B24:D24 -> MS 12 | H61: meters | K61: =G61 -> 0 | L61: meters | O61: =G61 -> 0 | P61: meters
B62: ='EXPEDITION CONSOLIDATION'!B25:D25 -> MS 18 | H62: meters | K62: =G62 -> 0 | L62: meters | O62: =G62 -> 0 | P62: meters
B63: ='EXPEDITION CONSOLIDATION'!B26:D26 -> Fuse Lighter | H63: pcs | K63: =G63 -> 0 | L63: pcs | O63: =G63 -> 0 | P63: pcs
B64: ='EXPEDITION CONSOLIDATION'!B27:D27 -> BILL WIRE | H64: pcs | K64: =G64 -> 0 | L64: pcs | O64: =G64 -> 0 | P64: pcs
B65: ='EXPEDITION CONSOLIDATION'!B28:D28 -> EBC | G65: 4 | H65: pcs | K65: =G65 -> 4 | L65: pcs | O65: =G65 -> 4 | P65: pcs
A67: II. | B67: CHARGED DRILL HOLES
C68: (a) | D68: PRIMARY: | E68: 73 | G68: No. of holes: | J68: =G55+G56+G57-J69 -> 1831 | M68: Depth: | N68: 5'X11"
C69: (b) | D69: SECONDARY: | E69: 3 | G69: No. of holes: | J69: =6+8+2 -> 16 | M69: Depth: | N69: 3X'11"
A71: III. | B71: ESTIMATED TONNAGE OF BLASTED MATERIAL
B72: REMARKS:

Sheet 7.
A1: EXPEDITION DRILLING AND BLASTING, INC.
A2: PHILSAGA MINING CORPORATION (OPERATION)
A3: Bayugan 3, Rosario Agusan del Sur
A5: DAILY BLASTER REPORT
A6: Location | C6: : | D6: MINE SITE, CO-O, CONSUELO, BUNAWAN , AGUSAN DEL SUR | M6: Date: | N6: 46180
A7: Time of Blasting | C7: : | D7: 6:45 AM / 2:45 PM / 10:45 PM | M7: Shift: | N7: 1ST SHIFT/2ND SHIFT/3RD SHIFT
A9: I. | B9: EXPLOSIVE USED | F9: REQUISITIONED | J9: CONSUMED | N9: REQUIRED
F10: (KLS) | G10: (PCS) | J10: (KLS) | K10: (PCS) | N10: (KLS) | O10: (PCS)
B11: ='EXPEDITION CONSOLIDATION'!B12:D12 -> Emulison Senatel Pulsar 38 | F11: =G11/38*25 -> 0 | H11: pcs | J11: =F11 -> 0 | K11: =G11 -> 0 | L11: pcs | N11: =F11 -> 0 | O11: =G11 -> 0 | P11: pcs
B12: ='EXPEDITION CONSOLIDATION'!B13:D13 -> Emulison Senatel Pulsar 135 | F12: =G12/135*25 -> 0 | H12: pcs | J12: =F12 -> 0 | K12: =G12 -> 0 | L12: pcs | N12: =F12 -> 0 | O12: =G12 -> 0 | P12: pcs
B13: ='EXPEDITION CONSOLIDATION'!B14:D14 -> Emulsion Senatel Pulsar 215 P | F13: =G13/215*25 -> 106.39535 | G13: 915 | H13: pcs | J13: =F13 -> 106.39535 | K13: =G13 -> 915 | L13: pcs | N13: =F13 -> 106.39535 | O13: =G13 -> 915 | P13: pcs
B14: ='EXPEDITION CONSOLIDATION'!B15:D15 -> Anfo | F14: 887.6 | J14: =F14 -> 887.6 | N14: =F14 -> 887.6
B15: ='EXPEDITION CONSOLIDATION'!B16:D16 -> OBC | G15: 72 | H15: pcs | K15: =G15 -> 72 | L15: pcs | O15: =G15 -> 72 | P15: pcs
B16: ='EXPEDITION CONSOLIDATION'!B17:D17 -> Safety Fuse | G16: =G15*2.43 -> 174.96 | H16: meters | K16: =G16 -> 174.96 | L16: meters | O16: =G16 -> 174.96 | P16: meters
B17: ='EXPEDITION CONSOLIDATION'!B18:D18 -> EXEL Detonator (3.6) | G17: 52 | H17: pcs | K17: =G17 -> 52 | L17: pcs | O17: =G17 -> 52 | P17: pcs
B18: ='EXPEDITION CONSOLIDATION'!B19:D19 -> EXEL Detonator (2.4) | G18: 1233 | H18: pcs | K18: =G18 -> 1233 | L18: pcs | O18: =G18 -> 1233 | P18: pcs
B19: ='EXPEDITION CONSOLIDATION'!B20:D20 -> EXEL Detonator (4.9) | H19: pcs | K19: =G19 -> 0 | L19: pcs | O19: =G19 -> 0 | P19: pcs
B20: ='EXPEDITION CONSOLIDATION'!B21:D21 -> Cordtex (Detonating Cord) 5 | G20: 203 | H20: meters | K20: =G20 -> 203 | L20: meters | O20: =G20 -> 203 | P20: meters
B21: ='EXPEDITION CONSOLIDATION'!B22:D22 -> Cordtex (DCORD I) 5 | H21: meters | K21: =G21 -> 0 | L21: meters | O21: =G21 -> 0 | P21: meters
B22: ='EXPEDITION CONSOLIDATION'!B23:D23 -> Cordtex (Detonating Cord) 40 | H22: meters | K22: =G22 -> 0 | L22: meters | O22: =G22 -> 0 | P22: meters
B23: ='EXPEDITION CONSOLIDATION'!B24:D24 -> MS 12 | H23: meters | K23: =G23 -> 0 | L23: meters | O23: =G23 -> 0 | P23: meters
B24: ='EXPEDITION CONSOLIDATION'!B25:D25 -> MS 18 | H24: meters | K24: =G24 -> 0 | L24: meters | O24: =G24 -> 0 | P24: meters
B25: ='EXPEDITION CONSOLIDATION'!B26:D26 -> Fuse Lighter | H25: pcs | K25: =G25 -> 0 | L25: pcs | O25: =G25 -> 0 | P25: pcs
B26: ='EXPEDITION CONSOLIDATION'!B27:D27 -> BILL WIRE | H26: pcs | K26: =G26 -> 0 | L26: pcs | O26: =G26 -> 0 | P26: pcs
B27: ='EXPEDITION CONSOLIDATION'!B28:D28 -> EBC | G27: 2 | H27: pcs | K27: =G27 -> 2 | L27: pcs | O27: =G27 -> 2 | P27: pcs
A29: II. | B29: CHARGED DRILL HOLES
C30: (a) | D30: PRIMARY: | E30: 47 | G30: No. of holes: | J30: =G17+G18-J31+G19 -> 1266 | M30: Depth: | N30: 5'X11"
C31: (b) | D31: SECONDARY: | E31: 3 | G31: No. of holes: | J31: =7+8+4 -> 19 | M31: Depth: | N31: 3X'11"
A33: III. | B33: ESTIMATED TONNAGE OF BLASTED MATERIAL
B34: REMARKS:
A39: EXPEDITION DRILLING AND BLASTING, INC.
A40: PHILSAGA MINING CORPORATION (OPERATION)
A41: Bayugan 3, Rosario Agusan del Sur
A43: DAILY BLASTER REPORT
A44: Location | C44: : | D44: MINE SITE, CO-O, CONSUELO, BUNAWAN , AGUSAN DEL SUR | M44: Date:
A45: Time of Blasting | C45: : | D45: 6:45 AM / 2:45 PM / 10:45 PM | M45: Shift: | N45: 1ST SHIFT/2ND SHIFT/3RD SHIFT
A47: I. | B47: EXPLOSIVE USED | F47: REQUISITIONED | J47: CONSUMED | N47: REQUIRED
F48: (KLS) | G48: (PCS) | J48: (KLS) | K48: (PCS) | N48: (KLS) | O48: (PCS)
B49: ='EXPEDITION CONSOLIDATION'!B12:D12 -> Emulison Senatel Pulsar 38 | F49: =G49/38*25 -> 0 | H49: pcs | J49: =F49 -> 0 | K49: =G49 -> 0 | L49: pcs | N49: =F49 -> 0 | O49: =G49 -> 0 | P49: pcs
B50: ='EXPEDITION CONSOLIDATION'!B13:D13 -> Emulison Senatel Pulsar 135 | F50: =G50/135*25 -> 0 | H50: pcs | J50: =F50 -> 0 | K50: =G50 -> 0 | L50: pcs | N50: =F50 -> 0 | O50: =G50 -> 0 | P50: pcs
B51: ='EXPEDITION CONSOLIDATION'!B14:D14 -> Emulsion Senatel Pulsar 215 P | F51: =G51/215*25 -> 0 | H51: pcs | J51: =F51 -> 0 | K51: =G51 -> 0 | L51: pcs | N51: =F51 -> 0 | O51: =G51 -> 0 | P51: pcs
B52: ='EXPEDITION CONSOLIDATION'!B15:D15 -> Anfo | F52: 0 | J52: =F52 -> 0 | N52: =F52 -> 0
B53: ='EXPEDITION CONSOLIDATION'!B16:D16 -> OBC | H53: pcs | K53: =G53 -> 0 | L53: pcs | O53: =G53 -> 0 | P53: pcs
B54: ='EXPEDITION CONSOLIDATION'!B17:D17 -> Safety Fuse | G54: =G53*2.43 -> 0 | H54: meters | K54: =G54 -> 0 | L54: meters | O54: =G54 -> 0 | P54: meters
B55: ='EXPEDITION CONSOLIDATION'!B18:D18 -> EXEL Detonator (3.6) | H55: pcs | K55: =G55 -> 0 | L55: pcs | O55: =G55 -> 0 | P55: pcs
B56: ='EXPEDITION CONSOLIDATION'!B19:D19 -> EXEL Detonator (2.4) | H56: pcs | K56: =G56 -> 0 | L56: pcs | O56: =G56 -> 0 | P56: pcs
B57: ='EXPEDITION CONSOLIDATION'!B20:D20 -> EXEL Detonator (4.9) | H57: pcs | K57: =G57 -> 0 | L57: pcs | O57: =G57 -> 0 | P57: pcs
B58: ='EXPEDITION CONSOLIDATION'!B21:D21 -> Cordtex (Detonating Cord) 5 | H58: meters | K58: =G58 -> 0 | L58: meters | O58: =G58 -> 0 | P58: meters
B59: ='EXPEDITION CONSOLIDATION'!B22:D22 -> Cordtex (DCORD I) 5 | H59: meters | K59: =G59 -> 0 | L59: meters | O59: =G59 -> 0 | P59: meters
B60: ='EXPEDITION CONSOLIDATION'!B23:D23 -> Cordtex (Detonating Cord) 40 | H60: meters | K60: =G60 -> 0 | L60: meters | O60: =G60 -> 0 | P60: meters
B61: ='EXPEDITION CONSOLIDATION'!B24:D24 -> MS 12 | H61: meters | K61: =G61 -> 0 | L61: meters | O61: =G61 -> 0 | P61: meters
B62: ='EXPEDITION CONSOLIDATION'!B25:D25 -> MS 18 | H62: meters | K62: =G62 -> 0 | L62: meters | O62: =G62 -> 0 | P62: meters
B63: ='EXPEDITION CONSOLIDATION'!B26:D26 -> Fuse Lighter | H63: pcs | K63: =G63 -> 0 | L63: pcs | O63: =G63 -> 0 | P63: pcs
B64: ='EXPEDITION CONSOLIDATION'!B27:D27 -> BILL WIRE | H64: pcs | K64: =G64 -> 0 | L64: pcs | O64: =G64 -> 0 | P64: pcs
B65: ='EXPEDITION CONSOLIDATION'!B28:D28 -> EBC | H65: pcs | K65: =G65 -> 0 | L65: pcs | O65: =G65 -> 0 | P65: pcs
A66: II. | B66: CHARGED DRILL HOLES
C68: (a) | D68: PRIMARY: | E68: 0 | G68: No. of holes: | J68: =G55+G56-J69 -> 0 | M68: Depth: | N68: 5'X11"
C69: (b) | D69: SECONDARY: | E69: 0 | G69: No. of holes: | J69: 0 | M69: Depth: | N69: 3X'11"
A71: III. | B71: ESTIMATED TONNAGE OF BLASTED MATERIAL
B72: REMARKS:

Sheet 4
A1: EXPEDITION DRILLING AND BLASTING, INC.
A2: PHILSAGA MINING CORPORATION (OPERATION)
A3: Bayugan 3, Rosario Agusan del Sur
A5: DAILY BLASTER REPORT
A6: Location | C6: : | D6: MINE SITE, CO-O, CONSUELO, BUNAWAN , AGUSAN DEL SUR | M6: Date: | N6: 0
A7: Time of Blasting | C7: : | D7: 6:45 AM / 2:45 PM / 10:45 PM | M7: Shift: | N7: 1ST SHIFT/2ND SHIFT/3RD SHIFT
A9: I. | B9: EXPLOSIVE USED | F9: REQUISITIONED | J9: CONSUMED | N9: REQUIRED
F10: (KLS) | G10: (PCS) | J10: (KLS) | K10: (PCS) | N10: (KLS) | O10: (PCS)
B11: ='EXPEDITION CONSOLIDATION'!B12:D12 -> Emulison Senatel Pulsar 38 | F11: =G11/38*25 -> 0 | H11: pcs | J11: =F11 -> 0 | K11: =G11 -> 0 | L11: pcs | N11: =F11 -> 0 | O11: =G11 -> 0 | P11: pcs
B12: ='EXPEDITION CONSOLIDATION'!B13:D13 -> Emulison Senatel Pulsar 135 | F12: =G12/135*25 -> 0 | H12: pcs | J12: =F12 -> 0 | K12: =G12 -> 0 | L12: pcs | N12: =F12 -> 0 | O12: =G12 -> 0 | P12: pcs
B13: ='EXPEDITION CONSOLIDATION'!B14:D14 -> Emulsion Senatel Pulsar 215 P | F13: =G13/215*25 -> 0 | H13: pcs | J13: =F13 -> 0 | K13: =G13 -> 0 | L13: pcs | N13: =F13 -> 0 | O13: =G13 -> 0 | P13: pcs
B14: ='EXPEDITION CONSOLIDATION'!B15:D15 -> Anfo | J14: =F14 -> 0 | N14: =F14 -> 0
B15: ='EXPEDITION CONSOLIDATION'!B16:D16 -> OBC | H15: pcs | K15: =G15 -> 0 | L15: pcs | O15: =G15 -> 0 | P15: pcs
B16: ='EXPEDITION CONSOLIDATION'!B17:D17 -> Safety Fuse | G16: =G15*2.43 -> 0 | H16: meters | K16: =G16 -> 0 | L16: meters | O16: =G16 -> 0 | P16: meters
B17: ='EXPEDITION CONSOLIDATION'!B18:D18 -> EXEL Detonator (3.6) | H17: pcs | K17: =G17 -> 0 | L17: pcs | O17: =G17 -> 0 | P17: pcs
B18: ='EXPEDITION CONSOLIDATION'!B19:D19 -> EXEL Detonator (2.4) | H18: pcs | K18: =G18 -> 0 | L18: pcs | O18: =G18 -> 0 | P18: pcs
B19: ='EXPEDITION CONSOLIDATION'!B20:D20 -> EXEL Detonator (4.9) | H19: pcs | K19: =G19 -> 0 | L19: pcs | O19: =G19 -> 0 | P19: pcs
B20: ='EXPEDITION CONSOLIDATION'!B21:D21 -> Cordtex (Detonating Cord) 5 | H20: meters | K20: =G20 -> 0 | L20: meters | O20: =G20 -> 0 | P20: meters
B21: ='EXPEDITION CONSOLIDATION'!B22:D22 -> Cordtex (DCORD I) 5 | H21: meters | K21: =G21 -> 0 | L21: meters | O21: =G21 -> 0 | P21: meters
B22: ='EXPEDITION CONSOLIDATION'!B23:D23 -> Cordtex (Detonating Cord) 40 | H22: meters | K22: =G22 -> 0 | L22: meters | O22: =G22 -> 0 | P22: meters
B23: ='EXPEDITION CONSOLIDATION'!B24:D24 -> MS 12 | H23: meters | K23: =G23 -> 0 | L23: meters | O23: =G23 -> 0 | P23: meters
B24: ='EXPEDITION CONSOLIDATION'!B25:D25 -> MS 18 | H24: meters | K24: =G24 -> 0 | L24: meters | O24: =G24 -> 0 | P24: meters
B25: ='EXPEDITION CONSOLIDATION'!B26:D26 -> Fuse Lighter | H25: pcs | K25: =G25 -> 0 | L25: pcs | O25: =G25 -> 0 | P25: pcs
B26: ='EXPEDITION CONSOLIDATION'!B27:D27 -> BILL WIRE | H26: pcs | K26: =G26 -> 0 | L26: pcs | O26: =G26 -> 0 | P26: pcs
B27: ='EXPEDITION CONSOLIDATION'!B28:D28 -> EBC | H27: pcs | K27: =G27 -> 0 | L27: pcs | O27: =G27 -> 0 | P27: pcs
A29: II. | B29: CHARGED DRILL HOLES
C30: (a) | D30: PRIMARY: | E30: 0 | G30: No. of holes: | J30: =G17+G18-J31+G19 -> 0 | M30: Depth: | N30: 5'X11"
C31: (b) | D31: SECONDARY: | E31: 0 | G31: No. of holes: | J31: 0 | M31: Depth: | N31: 3X'11"
A33: III. | B33: ESTIMATED TONNAGE OF BLASTED MATERIAL
B34: REMARKS:
A39: EXPEDITION DRILLING AND BLASTING, INC.
A40: PHILSAGA MINING CORPORATION (OPERATION)
A41: Bayugan 3, Rosario Agusan del Sur
A43: DAILY BLASTER REPORT
A44: Location | C44: : | D44: MINE SITE, CO-O, CONSUELO, BUNAWAN , AGUSAN DEL SUR | M44: Date: | N44: 0
A45: Time of Blasting | C45: : | D45: 6:45 AM / 2:45 PM / 10:45 PM | M45: Shift: | N45: 1ST SHIFT/2ND SHIFT/3RD SHIFT
A47: I. | B47: EXPLOSIVE USED | F47: REQUISITIONED | J47: CONSUMED | N47: REQUIRED
F48: (KLS) | G48: (PCS) | J48: (KLS) | K48: (PCS) | N48: (KLS) | O48: (PCS)
B49: ='EXPEDITION CONSOLIDATION'!B12:D12 -> Emulison Senatel Pulsar 38 | F49: =G49/38*25 -> 0 | H49: pcs | J49: =F49 -> 0 | K49: =G49 -> 0 | L49: pcs | N49: =F49 -> 0 | O49: =G49 -> 0 | P49: pcs
B50: ='EXPEDITION CONSOLIDATION'!B13:D13 -> Emulison Senatel Pulsar 135 | F50: =G50/135*25 -> 0 | H50: pcs | J50: =F50 -> 0 | K50: =G50 -> 0 | L50: pcs | N50: =F50 -> 0 | O50: =G50 -> 0 | P50: pcs
B51: ='EXPEDITION CONSOLIDATION'!B14:D14 -> Emulsion Senatel Pulsar 215 P | F51: =G51/215*25 -> 0 | H51: pcs | J51: =F51 -> 0 | K51: =G51 -> 0 | L51: pcs | N51: =F51 -> 0 | O51: =G51 -> 0 | P51: pcs
B52: ='EXPEDITION CONSOLIDATION'!B15:D15 -> Anfo | J52: =F52 -> 0 | N52: =F52 -> 0
B53: ='EXPEDITION CONSOLIDATION'!B16:D16 -> OBC | H53: pcs | K53: =G53 -> 0 | L53: pcs | O53: =G53 -> 0 | P53: pcs
B54: ='EXPEDITION CONSOLIDATION'!B17:D17 -> Safety Fuse | G54: =G53*2.43 -> 0 | H54: meters | K54: =G54 -> 0 | L54: meters | O54: =G54 -> 0 | P54: meters
B55: ='EXPEDITION CONSOLIDATION'!B18:D18 -> EXEL Detonator (3.6) | H55: pcs | K55: =G55 -> 0 | L55: pcs | O55: =G55 -> 0 | P55: pcs
B56: ='EXPEDITION CONSOLIDATION'!B19:D19 -> EXEL Detonator (2.4) | H56: pcs | K56: =G56 -> 0 | L56: pcs | O56: =G56 -> 0 | P56: pcs
B57: ='EXPEDITION CONSOLIDATION'!B20:D20 -> EXEL Detonator (4.9) | H57: pcs | K57: =G57 -> 0 | L57: pcs | O57: =G57 -> 0 | P57: pcs
B58: ='EXPEDITION CONSOLIDATION'!B21:D21 -> Cordtex (Detonating Cord) 5 | H58: meters | K58: =G58 -> 0 | L58: meters | O58: =G58 -> 0 | P58: meters
B59: ='EXPEDITION CONSOLIDATION'!B22:D22 -> Cordtex (DCORD I) 5 | H59: meters | K59: =G59 -> 0 | L59: meters | O59: =G59 -> 0 | P59: meters
B60: ='EXPEDITION CONSOLIDATION'!B23:D23 -> Cordtex (Detonating Cord) 40 | H60: meters | K60: =G60 -> 0 | L60: meters | O60: =G60 -> 0 | P60: meters
B61: ='EXPEDITION CONSOLIDATION'!B24:D24 -> MS 12 | H61: meters | K61: =G61 -> 0 | L61: meters | O61: =G61 -> 0 | P61: meters
B62: ='EXPEDITION CONSOLIDATION'!B25:D25 -> MS 18 | H62: meters | K62: =G62 -> 0 | L62: meters | O62: =G62 -> 0 | P62: meters
B63: ='EXPEDITION CONSOLIDATION'!B26:D26 -> Fuse Lighter | H63: pcs | K63: =G63 -> 0 | L63: pcs | O63: =G63 -> 0 | P63: pcs
B64: ='EXPEDITION CONSOLIDATION'!B27:D27 -> BILL WIRE | H64: pcs | K64: =G64 -> 0 | L64: pcs | O64: =G64 -> 0 | P64: pcs
B65: ='EXPEDITION CONSOLIDATION'!B28:D28 -> EBC | H65: pcs | K65: =G65 -> 0 | L65: pcs | O65: =G65 -> 0 | P65: pcs
A67: II. | B67: CHARGED DRILL HOLES
C69: (a) | D69: PRIMARY: | G69: No. of holes: | J69: =G55+G56-J70 -> 0 | M69: Depth: | N69: 5'X11"
C70: (b) | D70: SECONDARY: | G70: No. of holes: | M70: Depth: | N70: 3X'11"
A72: III. | B72: ESTIMATED TONNAGE OF BLASTED MATERIAL
B73: REMARKS:

Sheet MT.ROCK CONSOLIDATION
A1: MT. ROCK POWDER CORPORATION
A2: PHILSAGA MINING CORPORATION (OPERATION)
A3: Bayugan 3, Rosario Agusan del Sur
A5: DAILY CONSOLIDATION BLASTER REPORT
A6: ='EXPEDITION CONSOLIDATION'!A6:P6 -> FOR JUNE 1-7, 2026
A8: Location | C8: : | D8: MINE SITE, CO-O, CONSUELO, BUNAWAN , AGUSAN DEL SUR
A10: I. | B10: EXPLOSIVE USED | F10: REQUISITIONED | J10: CONSUMED | N10: REQUIRED
F11: (KLS) | G11: (PCS) | J11: (KLS) | K11: (PCS) | N11: (KLS) | O11: (PCS)
B12: Emulsion Super Power 208 | F12: =G12/208*25 -> 0 | G12: ='1-2.'!G11+'1-2.'!G47+'3-4.'!G12+'3-4.'!G48+'5-6.'!G11+'5-6.'!G47+'7'!G11+'7'!G47+'12'!G11+'12'!G44+'13'!G11+'13'!G44+'14'!G11+'14'!G45 -> 0 | H12: pcs | J12: =F12 -> 0 | K12: =G12 -> 0 | L12: pcs | N12: =F12 -> 0 | O12: =G12 -> 0 | P12: pcs
B13: NEOGEL 200 | F13: =G13/200*25 -> 1383.25 | G13: ='1-2.'!G12+'1-2.'!G48+'3-4.'!G13+'3-4.'!G49+'5-6.'!G12+'5-6.'!G48+'7'!G12+'7'!G48+'12'!G12+'12'!G45+'13'!G12+'13'!G45+'14'!G12+'14'!G46 -> 11066 | H13: pcs | J13: =F13 -> 1383.25 | K13: =G13 -> 11066 | L13: pcs | N13: =F13 -> 1383.25 | O13: =G13 -> 11066 | P13: pcs
B14: Anfo | F14: ='1-2.'!F13+'1-2.'!F49+'3-4.'!F14+'3-4.'!F50+'5-6.'!F13+'5-6.'!F49+'7'!F13+'7'!F49+'12'!F13+'12'!F46+'13'!F13+'13'!F46+'14'!F13+'14'!F47 -> 0 | J14: =F14 -> 0 | N14: =F14 -> 0
B15: OBC | G15: ='1-2.'!G14+'1-2.'!G50+'3-4.'!G15+'3-4.'!G51+'5-6.'!G14+'5-6.'!G50+'7'!G14+'7'!G50+'12'!G14+'12'!G47+'13'!G14+'13'!G47+'14'!G14+'14'!G48 -> 632 | H15: pcs | K15: =G15 -> 632 | L15: pcs | O15: =G15 -> 632 | P15: pcs
B16: Safety Fuse | G16: ='1-2.'!G15+'1-2.'!G51+'3-4.'!G16+'3-4.'!G52+'5-6.'!G15+'5-6.'!G51+'7'!G15+'7'!G51+'12'!G15+'12'!G48+'13'!G15+'13'!G48+'14'!G15+'14'!G49 -> 1535.76 | H16: mtrs | K16: =G16 -> 1535.76 | L16: mtrs | O16: =G16 -> 1535.76 | P16: mtrs
B17: SHOCKSTAR Detonator 2.4 | G17: ='1-2.'!G16+'1-2.'!G52+'3-4.'!G17+'3-4.'!G53+'5-6.'!G16+'5-6.'!G52+'7'!G16+'7'!G51+'12'!G15+'12'!G48+'13'!G15+'13'!G48+'14'!G15+'14'!G49 -> 0 | H17: pcs | K17: =G17 -> 0 | L17: pcs | O17: =G17 -> 0 | P17: pcs
B18: SUPREME Detonator 2.4 | G18: ='1-2.'!G17+'1-2.'!G53+'3-4.'!G18+'3-4.'!G54+'5-6.'!G17+'5-6.'!G53+'7'!G17+'7'!G53+'12'!G16+'12'!G49+'13'!G16+'13'!G49+'14'!G16+'14'!G50 -> 0 | H18: pcs | K18: =G18 -> 0 | L18: pcs | O18: =G18 -> 0 | P18: pcs
B19: SUPREME Detonator 3.6 | G19: ='1-2.'!G18+'1-2.'!G54+'3-4.'!G19+'3-4.'!G55+'5-6.'!G18+'5-6.'!G54+'7'!G18+'7'!G54+'12'!G17+'12'!G50+'13'!G17+'13'!G50+'14'!G17+'14'!G51 -> 0 | H19: pcs | K19: =G19 -> 0 | L19: pcs | O19: =G19 -> 0 | P19: pcs
B20: NONEL Detonator 2.4 | G20: ='1-2.'!G19+'1-2.'!G55+'3-4.'!G20+'3-4.'!G56+'5-6.'!G19+'5-6.'!G55+'7'!G19+'7'!G55+'12'!G18+'12'!G51+'13'!G18+'13'!G51+'14'!G18+'14'!G52 -> 0 | H20: pcs | K20: =G20 -> 0 | L20: pcs | O20: 0 | P20: pcs
B21: NONEL Detonator 3.6 | G21: ='1-2.'!G20+'1-2.'!G56+'3-4.'!G21+'3-4.'!G57+'5-6.'!G20+'5-6.'!G56+'7'!G20+'7'!G56+'12'!G19+'12'!G52+'13'!G19+'13'!G52+'14'!G19+'14'!G53 -> 0 | H21: pcs | K21: =G21 -> 0 | L21: pcs | O21: =G21 -> 0 | P21: pcs
B22: Solar Detonating Cord 6 | G22: ='1-2.'!G21+'1-2.'!G57+'3-4.'!G22+'3-4.'!G58+'5-6.'!G21+'5-6.'!G57+'7'!G21+'7'!G57+'12'!G20+'12'!G53+'13'!G20+'13'!G53+'14'!G20+'14'!G54 -> 0 | H22: mtrs | K22: =G22 -> 0 | L22: mtrs | O22: =G22 -> 0 | P22: mtrs
B23: Solar Detonating Cord 10 | G23: ='1-2.'!G22+'1-2.'!G58+'3-4.'!G23+'3-4.'!G59+'5-6.'!G22+'5-6.'!G58+'7'!G22+'7'!G58+'12'!G21+'12'!G54+'13'!G21+'13'!G54+'14'!G21+'14'!G55 -> 2928 | H23: mtrs | K23: =G23 -> 2928 | L23: mtrs | O23: =G23 -> 2928 | P23: mtrs
B24: Solar Detonating Cord 40 | G24: ='1-2.'!G23+'1-2.'!G59+'3-4.'!G24+'3-4.'!G60+'5-6.'!G23+'5-6.'!G59+'7'!G23+'7'!G59+'12'!G22+'12'!G55+'13'!G22+'13'!G55+'14'!G22+'14'!G56 -> 0 | H24: mtrs | K24: =G24 -> 0 | L24: mtrs | O24: =G24 -> 0 | P24: mtrs
B25: Fuse Lighter | G25: ='1-2.'!G24+'1-2.'!G60+'3-4.'!G25+'3-4.'!G61+'5-6.'!G24+'5-6.'!G60+'7'!G24+'7'!G60+'12'!G23+'12'!G56+'13'!G23+'13'!G56+'14'!G23+'14'!G57 -> 0 | H25: pcs | K25: =G25 -> 0 | L25: pcs | O25: =G25 -> 0 | P25: pcs
B26: BILL WIRE | G26: ='1-2.'!G25+'1-2.'!G61+'3-4.'!G26+'3-4.'!G62+'5-6.'!G25+'5-6.'!G61+'7'!G25+'7'!G61+'12'!G24+'12'!G57+'13'!G24+'13'!G57+'14'!G24+'14'!G58 -> 0 | H26: mtrs | K26: =G26 -> 0 | L26: mtrs | O26: =G26 -> 0 | P26: mtrs
B27: Solar EBC | G27: ='1-2.'!G26+'1-2.'!G62+'3-4.'!G27+'3-4.'!G63+'5-6.'!G26+'5-6.'!G62+'7'!G26+'7'!G62+'12'!G25+'12'!G58+'13'!G25+'13'!G58+'14'!G25+'14'!G59 -> 0 | H27: pcs | K27: =G27 -> 0 | L27: pcs | O27: =G27 -> 0 | P27: pcs
A29: II. | B29: CHARGED DRILL HOLES
C30: (a) | D30: PRIMARY: | E30: ='1-2.'!E29:F29+'1-2.'!E65:F65+'3-4.'!E30:F30+'3-4.'!E66:F66+'5-6.'!E29:F29+'5-6.'!E65:F65+'7'!E29:F29+'7'!E65:F65+'12'!E28:F28+'12'!E61:F61+'13'!E28:F28+'13'!E61:F61+'14'!E28:F28+'14'!E62:F62 -> 0 | G30: No. of holes: | J30: ='1-2.'!J29:K29+'1-2.'!J65:K65+'3-4.'!J30:K30+'3-4.'!J66:K66+'5-6.'!J29:K29+'5-6.'!J65:K65+'7'!J29:K29+'7'!J65:K65+'12'!J28:K28+'12'!J61:K61+'13'!J28:K28+'13'!J61:K61+'14'!J28:K28+'14'!J62:K62 -> 0 | L30: Depth: | N30: 5'X11" | T30: =J30+J31 -> 0
C31: (b) | D31: SECONDARY: | E31: ='1-2.'!E30:F30+'1-2.'!E66:F66+'3-4.'!E31:F31+'3-4.'!E67:F67+'5-6.'!E30:F30+'5-6.'!E66:F66+'7'!E30:F30+'7'!E66:F66+'12'!E29:F29+'12'!E62:F62+'13'!E29:F29+'13'!E62:F62+'14'!E29:F29+'14'!E63:F63 -> 0 | G31: No. of holes: | J31: ='1-2.'!J30:K30+'1-2.'!J66:K66+'3-4.'!J31:K31+'3-4.'!J67:K67+'5-6.'!J30:K30+'5-6.'!J66:K66+'7'!J30:K30+'7'!J66:K66+'12'!J29:K29+'12'!J62:K62+'13'!J29:K29+'13'!J62:K62+'14'!J29:K29+'14'!J63:K63 -> 0 | L31: Depth: | N31: 3X'11"
A33: III. | B33: ESTIMATED TONNAGE OF BLASTED MATERIAL
B34: REMARKS:
A37: Prepared by: | F37: Witnessed and Checked by: | L37: Reviewed by:
A39: JOHNNY U GALENG | F39: PEMS VER M JULAO | L39: RAFFY D TORRES
A40: LICENSED BLASTER | F40: PNP - PPO AGUSAN DEL SUR REPRESENTATIVE | L40: MINE EXPLOSIVES MANAGER
A41: FPDJ10-111022-0847
A44: Noted by:
A47: ENGR EARL M SON
A48: MINE DIVISION MANAGER

Sheet 8
A1: EXPEDITION DRILLING AND BLASTING, INC.
A2: PHILSAGA MINING CORPORATION (OPERATION)
A3: Bayugan 3, Rosario Agusan del Sur
A5: DAILY BLASTER REPORT
A6: Location | C6: : | D6: MINE SITE, CO-O, CONSUELO, BUNAWAN , AGUSAN DEL SUR | M6: Date: | N6: 0
A7: Time of Blasting | C7: : | D7: 6:45 AM / 2:45 PM / 10:45 PM | M7: Shift: | N7: 1ST SHIFT/2ND SHIFT/3RD SHIFT
A9: I. | B9: EXPLOSIVE USED | F9: REQUISITIONED | J9: CONSUMED | N9: REQUIRED
F10: (KLS) | G10: (PCS) | J10: (KLS) | K10: (PCS) | N10: (KLS) | O10: (PCS)
B11: Emulsion Senatel Pulsar 38 | F11: =G11/200*25 -> 0 | H11: pcs | J11: =F11 -> 0 | K11: =G11 -> 0 | L11: pcs | N11: =F11 -> 0 | O11: =G11 -> 0 | P11: pcs
B12: Emulison Senatel Pulsar 135 | F12: =G12/150*25 -> 0 | H12: pcs | J12: =F12 -> 0 | K12: =G12 -> 0 | L12: pcs | N12: =F12 -> 0 | O12: =G12 -> 0 | P12: pcs
B13: Emulsion Senatel Pulsar 215 P | F13: =G13/215*25 -> 0 | H13: pcs | J13: =F13 -> 0 | K13: =G13 -> 0 | L13: pcs | N13: =F13 -> 0 | O13: =G13 -> 0 | P13: pcs
B14: Anfo | J14: =F14 -> 0 | N14: =F14 -> 0
B15: OBC | H15: pcs | K15: =G15 -> 0 | L15: pcs | O15: =G15 -> 0 | P15: pcs
B16: Safety Fuse | G16: =G15*2.43 -> 0 | H16: meters | K16: =G16 -> 0 | L16: meters | O16: =G16 -> 0 | P16: meters
B17: EXEL Detonator (3.6) | H17: pcs | K17: =G17 -> 0 | L17: pcs | O17: =G17 -> 0 | P17: pcs
B18: EXEL Detonator (2.4) | H18: pcs | K18: =G18 -> 0 | L18: pcs | O18: =G18 -> 0 | P18: pcs
B19: EXEL Detonator (4.9) | H19: pcs | K19: =G19 -> 0 | L19: pcs | O19: =G19 -> 0 | P19: pcs
B20: Cordtex (Detonating Cord) 5 | H20: meters | K20: =G20 -> 0 | L20: meters | O20: =G20 -> 0 | P20: meters
B21: Cordtex (Detonating Cord) 6 | H21: meters | K21: =G21 -> 0 | L21: meters | O21: =G21 -> 0 | P21: meters
B22: Cordtex (Detonating Cord) 10 | H22: meters | K22: =G22 -> 0 | L22: meters | O22: =G22 -> 0 | P22: meters
B23: Cordtex (Detonating Cord) 40 | H23: meters | K23: =G23 -> 0 | L23: meters | O23: =G23 -> 0 | P23: meters
B24: MS 12 | H24: meters | K24: =G24 -> 0 | L24: meters | O24: =G24 -> 0 | P24: meters
B25: MS 18 | H25: meters | K25: =G25 -> 0 | L25: meters | O25: =G25 -> 0 | P25: meters
B26: Fuse Lighter | H26: pcs | K26: =G26 -> 0 | L26: pcs | O26: =G26 -> 0 | P26: pcs
B27: BILL WIRE | H27: pcs | K27: =G27 -> 0 | L27: pcs | O27: =G27 -> 0 | P27: pcs
B28: EBC | H28: pcs | K28: =G28 -> 0 | L28: pcs | O28: =G28 -> 0 | P28: pcs
A30: II. | B30: CHARGED DRILL HOLES
C31: (a) | D31: PRIMARY: | G31: No. of holes: | J31: =G17+G18-J32 -> 0 | M31: Depth: | N31: 5'X11"
C32: (b) | D32: SECONDARY: | G32: No. of holes: | M32: Depth: | N32: 3X'11"
A34: III. | B34: ESTIMATED TONNAGE OF BLASTED MATERIAL
B35: REMARKS:
A40: EXPEDITION DRILLING AND BLASTING, INC.
A41: PHILSAGA MINING CORPORATION (OPERATION)
A42: Bayugan 3, Rosario Agusan del Sur
A44: DAILY BLASTER REPORT
A45: Location | C45: : | D45: MINE SITE, CO-O, CONSUELO, BUNAWAN , AGUSAN DEL SUR | M45: Date: | N45: 0
A46: Time of Blasting | C46: : | D46: 6:45 AM / 2:45 PM / 10:45 PM | M46: Shift: | N46: 1ST SHIFT/2ND SHIFT/3RD SHIFT
A48: I. | B48: EXPLOSIVE USED | F48: REQUISITIONED | J48: CONSUMED | N48: REQUIRED
F49: (KLS) | G49: (PCS) | J49: (KLS) | K49: (PCS) | N49: (KLS) | O49: (PCS)
B50: Emulsion Superdyne 200 | F50: =G50/200*25 -> 0 | H50: pcs | J50: =F50 -> 0 | K50: =G50 -> 0 | L50: pcs | N50: =F50 -> 0 | O50: =G50 -> 0 | P50: pcs
B51: Emulison Senatel Magnum 150 | F51: =G51/150*25 -> 0 | H51: pcs | J51: =F51 -> 0 | K51: =G51 -> 0 | L51: pcs | N51: =F51 -> 0 | O51: =G51 -> 0 | P51: pcs
B52: Emulsion Senatel Pulsar 215 P | F52: =G52/215*25 -> 0 | H52: pcs | J52: =F52 -> 0 | K52: =G52 -> 0 | L52: pcs | N52: =F52 -> 0 | O52: =G52 -> 0 | P52: pcs
B53: Anfo | H53: kls | J53: =F53 -> 0 | L53: kls | N53: =F53 -> 0 | P53: kls
B54: OBC | H54: pcs | L54: pcs | P54: pcs
B55: Safety Fuse | G55: =G54*2.43 -> 0 | H55: meters | K55: =G55 -> 0 | L55: meters | O55: =G55 -> 0 | P55: meters
B56: EXEL Detonator (3.6) | H56: pcs | K56: =G56 -> 0 | L56: pcs | O56: =G56 -> 0 | P56: pcs
B57: EXEL Detonator (2.4) | H57: pcs | K57: =G57 -> 0 | L57: pcs | O57: =G57 -> 0 | P57: pcs
B58: Cordtex (Detonating Cord) 5 | H58: meters | K58: =G58 -> 0 | L58: meters | O58: =G58 -> 0 | P58: meters
B59: Cordtex (Detonating Cord) 6 | H59: meters | K59: =G59 -> 0 | L59: meters | O59: =G59 -> 0 | P59: meters
B60: Cordtex (Detonating Cord) 10 | H60: meters | K60: =G60 -> 0 | L60: meters | O60: =G60 -> 0 | P60: meters
B61: Cordtex (Detonating Cord) 40 | H61: meters | K61: =G61 -> 0 | L61: meters | O61: =G61 -> 0 | P61: meters
B62: MS 12 | H62: meters | K62: =G62 -> 0 | L62: meters | O62: =G62 -> 0 | P62: meters
B63: MS 18 | H63: meters | K63: =G63 -> 0 | L63: meters | O63: =G63 -> 0 | P63: meters
B64: Fuse Lighter | H64: pcs | K64: =G64 -> 0 | L64: pcs | O64: =G64 -> 0 | P64: pcs
B65: BILL WIRE | H65: pcs | K65: =G65 -> 0 | L65: pcs | O65: =G65 -> 0 | P65: pcs
B66: EBC | H66: pcs | K66: =G66 -> 0 | L66: pcs | O66: =G66 -> 0 | P66: pcs
A67: II. | B67: CHARGED DRILL HOLES
C68: (a) | D68: PRIMARY: | G68: No. of holes: | J68: =G56+G57-J69 -> 0 | M68: Depth: | N68: 5'X11"
C69: (b) | D69: SECONDARY: | G69: No. of holes: | M69: Depth: | N69: 3X'11"
A71: III. | B71: ESTIMATED TONNAGE OF BLASTED MATERIAL
B72: REMARKS:

Sheet 9
A1: EXPEDITION DRILLING AND BLASTING, INC.
A2: PHILSAGA MINING CORPORATION (OPERATION)
A3: Bayugan 3, Rosario Agusan del Sur
A5: DAILY BLASTER REPORT
A6: Location | C6: : | D6: MINE SITE, CO-O, CONSUELO, BUNAWAN , AGUSAN DEL SUR | M6: Date: | N6: 0
A7: Time of Blasting | C7: : | D7: 6:45 AM / 2:45 PM / 10:45 PM | M7: Shift: | N7: 1ST SHIFT/2ND SHIFT/3RD SHIFT
A9: I. | B9: EXPLOSIVE USED | F9: REQUISITIONED | J9: CONSUMED | N9: REQUIRED
F10: (KLS) | G10: (PCS) | J10: (KLS) | K10: (PCS) | N10: (KLS) | O10: (PCS)
B11: Emulsion Senatel Pulsar 38 | F11: =G11/200*25 -> 0 | H11: pcs | J11: =F11 -> 0 | K11: =G11 -> 0 | L11: pcs | N11: =F11 -> 0 | O11: =G11 -> 0 | P11: pcs
B12: Emulison Senatel Pulsar 135 | F12: =G12/150*25 -> 0 | H12: pcs | J12: =F12 -> 0 | K12: =G12 -> 0 | L12: pcs | N12: =F12 -> 0 | O12: =G12 -> 0 | P12: pcs
B13: Emulsion Senatel Pulsar 215 P | F13: =G13/215*25 -> 0 | H13: pcs | J13: =F13 -> 0 | K13: =G13 -> 0 | L13: pcs | N13: =F13 -> 0 | O13: =G13 -> 0 | P13: pcs
B14: Anfo | J14: =F14 -> 0 | N14: =F14 -> 0
B15: OBC | H15: pcs | K15: =G15 -> 0 | L15: pcs | O15: =G15 -> 0 | P15: pcs
B16: Safety Fuse | G16: =G15*2.43 -> 0 | H16: meters | K16: =G16 -> 0 | L16: meters | O16: =G16 -> 0 | P16: meters
B17: EXEL Detonator (3.6) | H17: pcs | K17: =G17 -> 0 | L17: pcs | O17: =G17 -> 0 | P17: pcs
B18: EXEL Detonator (2.4) | H18: pcs | K18: =G18 -> 0 | L18: pcs | O18: =G18 -> 0 | P18: pcs
B19: EXEL Detonator (4.9) | K19: =G19 -> 0 | L19: pcs | O19: =G19 -> 0 | P19: pcs
B20: Cordtex (Detonating Cord) 5 | H20: meters | K20: =G20 -> 0 | L20: meters | O20: =G20 -> 0 | P20: meters
B21: Cordtex (Detonating Cord) 6 | H21: meters | K21: =G21 -> 0 | L21: meters | O21: =G21 -> 0 | P21: meters
B22: Cordtex (Detonating Cord) 10 | H22: meters | K22: =G22 -> 0 | L22: meters | O22: =G22 -> 0 | P22: meters
B23: Cordtex (Detonating Cord) 40 | H23: meters | K23: =G23 -> 0 | L23: meters | O23: =G23 -> 0 | P23: meters
B24: MS 12 | H24: meters | K24: 0 | L24: meters | O24: 0 | P24: meters
B25: MS 18 | H25: meters | K25: 0 | L25: meters | O25: 0 | P25: meters
B26: Fuse Lighter | H26: pcs | K26: =G26 -> 0 | L26: pcs | O26: =G26 -> 0 | P26: pcs
B27: BILL WIRE | H27: pcs | K27: =G27 -> 0 | L27: pcs | O27: =G27 -> 0 | P27: pcs
B28: EBC | H28: pcs | K28: =G28 -> 0 | L28: pcs | O28: =G28 -> 0 | P28: pcs
A30: II. | B30: CHARGED DRILL HOLES
C31: (a) | D31: PRIMARY: | G31: No. of holes: | J31: =G17+G18-J32 -> 0 | M31: Depth: | N31: 5'X11"
C32: (b) | D32: SECONDARY: | G32: No. of holes: | M32: Depth: | N32: 3X'11"
A34: III. | B34: ESTIMATED TONNAGE OF BLASTED MATERIAL
B35: REMARKS:
A39: EXPEDITION DRILLING AND BLASTING, INC.
A40: PHILSAGA MINING CORPORATION (OPERATION)
A41: Bayugan 3, Rosario Agusan del Sur
A43: DAILY BLASTER REPORT
A44: Location | C44: : | D44: MINE SITE, CO-O, CONSUELO, BUNAWAN , AGUSAN DEL SUR | M44: Date: | N44: 0
A45: Time of Blasting | C45: : | D45: 6:45 AM / 2:45 PM / 10:45 PM | M45: Shift: | N45: 1ST SHIFT/2ND SHIFT/3RD SHIFT
A47: I. | B47: EXPLOSIVE USED | F47: REQUISITIONED | J47: CONSUMED | N47: REQUIRED
F48: (KLS) | G48: (PCS) | J48: (KLS) | K48: (PCS) | N48: (KLS) | O48: (PCS)
B49: Emulsion Superdyne 200 | F49: =G49/200*25 -> 0 | H49: pcs | J49: =F49 -> 0 | K49: =G49 -> 0 | L49: pcs | N49: =F49 -> 0 | O49: =G49 -> 0 | P49: pcs
B50: Emulsion Diagel 150 P | F50: =G50/150*25 -> 0 | H50: pcs | J50: =F50 -> 0 | K50: =G50 -> 0 | L50: pcs | N50: =F50 -> 0 | O50: =G50 -> 0 | P50: pcs
B51: Emulsion Senatel Pulsar 215 P | F51: =G51/215*25 -> 0 | H51: pcs | J51: =F51 -> 0 | K51: =G51 -> 0 | L51: pcs | N51: =F51 -> 0 | O51: =G51 -> 0 | P51: pcs
B52: Anfo | H52: kls | J52: =F52 -> 0 | L52: kls | N52: =F52 -> 0 | P52: kls
B53: OBC | H53: pcs | L53: pcs | P53: pcs
B54: Safety Fuse | G54: =G53*2.43 -> 0 | H54: meters | K54: =G54 -> 0 | L54: meters | O54: =G54 -> 0 | P54: meters
B55: EXEL Detonator (3.6) | H55: pcs | K55: =G55 -> 0 | L55: pcs | O55: =G55 -> 0 | P55: pcs
B56: EXEL Detonator (2.4) | H56: pcs | K56: =G56 -> 0 | L56: pcs | O56: =G56 -> 0 | P56: pcs
B57: Cordtex (Detonating Cord) 5 | H57: meters | K57: =G57 -> 0 | L57: meters | O57: =G57 -> 0 | P57: meters
B58: Cordtex (Detonating Cord) 6 | H58: meters | K58: =G58 -> 0 | L58: meters | O58: =G58 -> 0 | P58: meters
B59: Cordtex (Detonating Cord) 10 | H59: meters | K59: =G59 -> 0 | L59: meters | O59: =G59 -> 0 | P59: meters
B60: Cordtex (Detonating Cord) 40 | H60: meters | K60: =G60 -> 0 | L60: meters | O60: =G60 -> 0 | P60: meters
B61: MS 12 | H61: meters | K61: 0 | L61: meters | O61: 0 | P61: meters
B62: MS 18 | H62: meters | K62: 0 | L62: meters | O62: 0 | P62: meters
B63: Fuse Lighter | H63: pcs | K63: =G63 -> 0 | L63: pcs | O63: =G63 -> 0 | P63: pcs
B64: BILL WIRE | H64: pcs | K64: =G64 -> 0 | L64: pcs | O64: =G64 -> 0 | P64: pcs
B65: EBC
A66: II. | B66: CHARGED DRILL HOLES
C67: (a) | D67: PRIMARY: | G67: No. of holes: | J67: =G55+G56-J68 -> 0 | M67: Depth: | N67: 5'X11"
C68: (b) | D68: SECONDARY: | G68: No. of holes: | M68: Depth: | N68: 3X'11"
A70: III. | B70: ESTIMATED TONNAGE OF BLASTED MATERIAL
B71: REMARKS:

Sheet 10
A1: EXPEDITION DRILLING AND BLASTING, INC.
A2: PHILSAGA MINING CORPORATION (OPERATION)
A3: Bayugan 3, Rosario Agusan del Sur
A5: DAILY BLASTER REPORT
A6: Location | C6: : | D6: MINE SITE, CO-O, CONSUELO, BUNAWAN , AGUSAN DEL SUR | M6: Date: | N6: 0
A7: Time of Blasting | C7: : | D7: 6:45 AM / 2:45 PM / 10:45 PM | M7: Shift: | N7: 1ST SHIFT/2ND SHIFT/3RD SHIFT
A9: I. | B9: EXPLOSIVE USED | F9: REQUISITIONED | J9: CONSUMED | N9: REQUIRED
F10: (KLS) | G10: (PCS) | J10: (KLS) | K10: (PCS) | N10: (KLS) | O10: (PCS)
B11: Emulsion Superdyne 200 | F11: =G11/200*25 -> 0 | H11: pcs | J11: =F11 -> 0 | K11: =G11 -> 0 | L11: pcs | N11: =F11 -> 0 | O11: =G11 -> 0 | P11: pcs
B12: Emulison Senatel Pulsar 135 | F12: =G12/150*25 -> 0 | H12: pcs | J12: =F12 -> 0 | K12: =G12 -> 0 | L12: pcs | N12: =F12 -> 0 | O12: =G12 -> 0 | P12: pcs
B13: Emulsion Senatel Pulsar 215 P | F13: =G13/215*25 -> 0 | H13: pcs | J13: =F13 -> 0 | K13: =G13 -> 0 | L13: pcs | N13: =F13 -> 0 | O13: =G13 -> 0 | P13: pcs
B14: Anfo | J14: =F14 -> 0 | N14: =F14 -> 0
B15: OBC | H15: pcs | K15: =G15 -> 0 | L15: pcs | O15: =G15 -> 0 | P15: pcs
B16: Safety Fuse | G16: =G15*2.43 -> 0 | H16: meters | K16: =G16 -> 0 | L16: meters | O16: =G16 -> 0 | P16: meters
B17: EXEL Detonator (3.6) | H17: pcs | K17: =G17 -> 0 | L17: pcs | O17: =G17 -> 0 | P17: pcs
B18: EXEL Detonator (2.4) | H18: pcs | K18: =G18 -> 0 | L18: pcs | O18: =G18 -> 0 | P18: pcs
B19: Cordtex (Detonating Cord) 5 | H19: meters | K19: =G19 -> 0 | L19: meters | O19: =G19 -> 0 | P19: meters
B20: Cordtex (Detonating Cord) 6 | H20: meters | K20: =G20 -> 0 | L20: meters | O20: =G20 -> 0 | P20: meters
B21: Cordtex (Detonating Cord) 10 | H21: meters | K21: =G21 -> 0 | L21: meters | O21: =G21 -> 0 | P21: meters
B22: Cordtex (Detonating Cord) 40 | H22: meters | K22: =G22 -> 0 | L22: meters | O22: =G22 -> 0 | P22: meters
B23: MS 12 | H23: meters | K23: 0 | L23: meters | O23: 0 | P23: meters
B24: MS 18 | H24: meters | K24: 0 | L24: meters | O24: 0 | P24: meters
B25: Fuse Lighter | H25: pcs | K25: =G25 -> 0 | L25: pcs | O25: =G25 -> 0 | P25: pcs
B26: BILL WIRE | H26: pcs | K26: =G26 -> 0 | L26: pcs | O26: =G26 -> 0 | P26: pcs
B27: EBC | H27: pcs | K27: =G27 -> 0 | L27: pcs | O27: =G27 -> 0 | P27: pcs
A29: II. | B29: CHARGED DRILL HOLES
C30: (a) | D30: PRIMARY: | G30: No. of holes: | J30: =G17+G18-J31 -> 0 | M30: Depth: | N30: 5'X11"
C31: (b) | D31: SECONDARY: | G31: No. of holes: | M31: Depth: | N31: 3X'11"
A33: III. | B33: ESTIMATED TONNAGE OF BLASTED MATERIAL
B34: REMARKS:
A39: EXPEDITION DRILLING AND BLASTING, INC.
A40: PHILSAGA MINING CORPORATION (OPERATION)
A41: Bayugan 3, Rosario Agusan del Sur
A43: DAILY BLASTER REPORT
A44: Location | C44: : | D44: MINE SITE, CO-O, CONSUELO, BUNAWAN , AGUSAN DEL SUR | M44: Date: | N44: 0
A45: Time of Blasting | C45: : | D45: 6:45 AM / 2:45 PM / 10:45 PM | M45: Shift: | N45: 1ST SHIFT/2ND SHIFT/3RD SHIFT
A47: I. | B47: EXPLOSIVE USED | F47: REQUISITIONED | J47: CONSUMED | N47: REQUIRED
F48: (KLS) | G48: (PCS) | J48: (KLS) | K48: (PCS) | N48: (KLS) | O48: (PCS)
B49: Emulsion Superdyne 200 | F49: =G49/200*25 -> 0 | H49: pcs | J49: =F49 -> 0 | K49: =G49 -> 0 | L49: pcs | N49: =F49 -> 0 | O49: =G49 -> 0 | P49: pcs
B50: Emulsion Diagel 150 P | F50: =G50/150*25 -> 0 | H50: pcs | J50: =F50 -> 0 | K50: =G50 -> 0 | L50: pcs | N50: =F50 -> 0 | O50: =G50 -> 0 | P50: pcs
B51: Emulsion Senatel Pulsar 215 P | F51: =G51/215*25 -> 0 | H51: pcs | J51: =F51 -> 0 | K51: =G51 -> 0 | L51: pcs | N51: =F51 -> 0 | O51: =G51 -> 0 | P51: pcs
B52: Anfo | H52: kls | J52: =F52 -> 0 | L52: kls | N52: =F52 -> 0 | P52: kls
B53: OBC | H53: pcs | L53: pcs | P53: pcs
B54: Safety Fuse | G54: =G53*2.43 -> 0 | H54: meters | K54: =G54 -> 0 | L54: meters | O54: =G54 -> 0 | P54: meters
B55: EXEL Detonator (3.6) | H55: pcs | K55: =G55 -> 0 | L55: pcs | O55: =G55 -> 0 | P55: pcs
B56: EXEL Detonator (2.4) | H56: pcs | K56: =G56 -> 0 | L56: pcs | O56: =G56 -> 0 | P56: pcs
B57: Cordtex (Detonating Cord) 5 | H57: meters | K57: =G57 -> 0 | L57: meters | O57: =G57 -> 0 | P57: meters
B58: Cordtex (Detonating Cord) 6 | H58: meters | K58: =G58 -> 0 | L58: meters | O58: =G58 -> 0 | P58: meters
B59: Cordtex (Detonating Cord) 10 | H59: meters | K59: =G59 -> 0 | L59: meters | O59: =G59 -> 0 | P59: meters
B60: Cordtex (Detonating Cord) 40 | H60: meters | K60: =G60 -> 0 | L60: meters | O60: =G60 -> 0 | P60: meters
B61: MS 12 | H61: meters | K61: 0 | L61: meters | O61: 0 | P61: meters
B62: MS 18 | H62: meters | K62: 0 | L62: meters | O62: 0 | P62: meters
B63: Fuse Lighter | H63: pcs | K63: =G63 -> 0 | L63: pcs | O63: =G63 -> 0 | P63: pcs
B64: BILL WIRE | H64: pcs | K64: =G64 -> 0 | L64: pcs | O64: =G64 -> 0 | P64: pcs
B65: EBC
A66: II. | B66: CHARGED DRILL HOLES
C67: (a) | D67: PRIMARY: | G67: No. of holes: | J67: =G55+G56-J68 -> 0 | M67: Depth: | N67: 5'X11"
C68: (b) | D68: SECONDARY: | G68: No. of holes: | M68: Depth: | N68: 3X'11"
A70: III. | B70: ESTIMATED TONNAGE OF BLASTED MATERIAL
B71: REMARKS:

Sheet 1-2.
A1: MT. ROCK POWDER CORPORATION
A2: PHILSAGA MINING CORPORATION (OPERATION)
A3: Bayugan 3, Rosario Agusan del Sur
A5: DAILY BLASTER REPORT
A6: Location | C6: : | D6: MINE SITE, CO-O, CONSUELO, BUNAWAN , AGUSAN DEL SUR | M6: Date: | N6: ='1-2'!N6 -> 46174
A7: Time of Blasting | C7: : | D7: 6:45 AM / 2:45 PM / 10:45 PM | M7: Shift: | N7: 1ST SHIFT/2ND SHIFT/3RD SHIFT
A9: I. | B9: EXPLOSIVE USED | F9: REQUISITIONED | J9: CONSUMED | N9: REQUIRED
F10: (KLS) | G10: (PCS) | J10: (KLS) | K10: (PCS) | N10: (KLS) | O10: (PCS)
B11: ='MT.ROCK CONSOLIDATION'!B12:D12 -> Emulsion Super Power 208 | F11: =G11/208*25 -> 0 | H11: pcs | J11: =F11 -> 0 | K11: =G11 -> 0 | L11: pcs | N11: =F11 -> 0 | O11: =G11 -> 0 | P11: pcs
B12: ='MT.ROCK CONSOLIDATION'!B13:D13 -> NEOGEL 200 | F12: =G12/200*25 -> 166.5 | G12: 1332 | H12: pcs | J12: =F12 -> 166.5 | K12: =G12 -> 1332 | L12: pcs | N12: =F12 -> 166.5 | O12: =G12 -> 1332 | P12: pcs
B13: ='MT.ROCK CONSOLIDATION'!B14:D14 -> Anfo | F13: 0 | J13: =F13 -> 0 | N13: =F13 -> 0
B14: ='MT.ROCK CONSOLIDATION'!B15:D15 -> OBC | G14: 79 | H14: pcs | K14: =G14 -> 79 | L14: pcs | O14: =G14 -> 79 | P14: pcs
B15: ='MT.ROCK CONSOLIDATION'!B16:D16 -> Safety Fuse | G15: =G14*2.43 -> 191.97 | H15: meters | K15: =G15 -> 191.97 | L15: meters | O15: =G15 -> 191.97 | P15: meters
B16: ='MT.ROCK CONSOLIDATION'!B17:D17 -> SHOCKSTAR Detonator 2.4 | H16: pcs | K16: =G16 -> 0 | L16: pcs | O16: =G16 -> 0 | P16: pcs
B17: ='MT.ROCK CONSOLIDATION'!B18:D18 -> SUPREME Detonator 2.4 | H17: pcs | K17: =G17 -> 0 | L17: pcs | O17: =G17 -> 0 | P17: pcs
B18: ='MT.ROCK CONSOLIDATION'!B19:D19 -> SUPREME Detonator 3.6 | H18: pcs | K18: =G18 -> 0 | L18: pcs | O18: =G18 -> 0 | P18: pcs
B19: ='MT.ROCK CONSOLIDATION'!B20:D20 -> NONEL Detonator 2.4 | H19: pcs | K19: =G19 -> 0 | L19: pcs | O19: =G19 -> 0 | P19: pcs
B20: ='MT.ROCK CONSOLIDATION'!B21:D21 -> NONEL Detonator 3.6 | H20: pcs | K20: =G20 -> 0 | L20: pcs | O20: =G20 -> 0 | P20: pcs
B21: ='MT.ROCK CONSOLIDATION'!B22:D22 -> Solar Detonating Cord 6 | H21: meters | K21: =G21 -> 0 | L21: meters | O21: =G21 -> 0 | P21: meters
B22: ='MT.ROCK CONSOLIDATION'!B23:D23 -> Solar Detonating Cord 10 | G22: 261 | H22: meters | K22: =G22 -> 261 | L22: meters | O22: =G22 -> 261 | P22: meters
B23: ='MT.ROCK CONSOLIDATION'!B24:D24 -> Solar Detonating Cord 40 | H23: meters | K23: =G23 -> 0 | L23: meters | O23: =G23 -> 0 | P23: meters
B24: ='MT.ROCK CONSOLIDATION'!B25:D25 -> Fuse Lighter | H24: pcs | K24: =G24 -> 0 | L24: pcs | O24: =G24 -> 0 | P24: pcs
B25: ='MT.ROCK CONSOLIDATION'!B26:D26 -> BILL WIRE | H25: meters | K25: =G25 -> 0 | L25: meters | O25: =G25 -> 0 | P25: meters
B26: ='MT.ROCK CONSOLIDATION'!B27:D27 -> Solar EBC | H26: pcs | K26: =G26 -> 0 | L26: pcs | O26: =G26 -> 0 | P26: pcs
A28: II. | B28: CHARGED DRILL HOLES
C29: (a) | D29: PRIMARY: | E29: 0 | G29: No. of holes: | J29: =G16+G17+G18+G19+G20-J30 -> 0 | L29: Depth: | N29: 5'X11"
C30: (b) | D30: SECONDARY: | E30: 0 | G30: No. of holes: | J30: 0 | L30: Depth: | N30: 3X'11"
A32: III. | B32: ESTIMATED TONNAGE OF BLASTED MATERIAL
B33: REMARKS:
A36: MT. ROCK POWDER CORPORATION
A37: PHILSAGA MINING CORPORATION (OPERATION)
A38: Bayugan 3, Rosario Agusan del Sur
A40: DAILY BLASTER REPORT
A42: Location | C42: : | D42: MINE SITE, CO-O, CONSUELO, BUNAWAN , AGUSAN DEL SUR | M42: Date: | N42: ='1-2'!N42 -> 46175
A43: Time of Blasting | C43: : | D43: 6:45 AM / 2:45 PM / 10:45 PM | M43: Shift: | N43: 1ST SHIFT/2ND SHIFT/3RD SHIFT
A45: I. | B45: EXPLOSIVE USED | F45: REQUISITIONED | J45: CONSUMED | N45: REQUIRED
F46: (KLS) | G46: (PCS) | J46: (KLS) | K46: (PCS) | N46: (KLS) | O46: (PCS)
B47: ='MT.ROCK CONSOLIDATION'!B12:D12 -> Emulsion Super Power 208 | F47: =G47/208*25 -> 0 | G47: 0 | H47: pcs | J47: =F47 -> 0 | K47: =G47 -> 0 | L47: pcs | N47: =F47 -> 0 | O47: =G47 -> 0 | P47: pcs
B48: ='MT.ROCK CONSOLIDATION'!B13:D13 -> NEOGEL 200 | F48: =G48/200*25 -> 162.5 | G48: 1300 | H48: pcs | J48: =F48 -> 162.5 | K48: =G48 -> 1300 | L48: pcs | N48: =F48 -> 162.5 | O48: =G48 -> 1300 | P48: pcs
B49: ='MT.ROCK CONSOLIDATION'!B14:D14 -> Anfo | F49: 0 | J49: =F49 -> 0 | N49: =F49 -> 0
B50: ='MT.ROCK CONSOLIDATION'!B15:D15 -> OBC | G50: 86 | H50: pcs | K50: =G50 -> 86 | L50: pcs | O50: =G50 -> 86 | P50: pcs
B51: ='MT.ROCK CONSOLIDATION'!B16:D16 -> Safety Fuse | G51: =G50*2.43 -> 208.98 | H51: meters | K51: =G51 -> 208.98 | L51: meters | O51: =G51 -> 208.98 | P51: meters
B52: ='MT.ROCK CONSOLIDATION'!B17:D17 -> SHOCKSTAR Detonator 2.4 | H52: pcs | K52: =G52 -> 0 | L52: pcs | O52: =G52 -> 0 | P52: pcs
B53: ='MT.ROCK CONSOLIDATION'!B18:D18 -> SUPREME Detonator 2.4 | H53: pcs | K53: =G53 -> 0 | L53: pcs | O53: =G53 -> 0 | P53: pcs
B54: ='MT.ROCK CONSOLIDATION'!B19:D19 -> SUPREME Detonator 3.6 | H54: pcs | K54: =G54 -> 0 | L54: pcs | O54: =G54 -> 0 | P54: pcs
B55: ='MT.ROCK CONSOLIDATION'!B20:D20 -> NONEL Detonator 2.4 | H55: pcs | K55: =G55 -> 0 | L55: pcs | O55: =G55 -> 0 | P55: pcs
B56: ='MT.ROCK CONSOLIDATION'!B21:D21 -> NONEL Detonator 3.6 | H56: pcs | K56: =G56 -> 0 | L56: pcs | O56: =G56 -> 0 | P56: pcs
B57: ='MT.ROCK CONSOLIDATION'!B22:D22 -> Solar Detonating Cord 6 | H57: meters | K57: =G57 -> 0 | L57: meters | O57: =G57 -> 0 | P57: meters
B58: ='MT.ROCK CONSOLIDATION'!B23:D23 -> Solar Detonating Cord 10 | G58: 292 | H58: meters | K58: =G58 -> 292 | L58: meters | O58: =G58 -> 292 | P58: meters
B59: ='MT.ROCK CONSOLIDATION'!B24:D24 -> Solar Detonating Cord 40 | H59: meters | K59: =G59 -> 0 | L59: meters | O59: =G59 -> 0 | P59: meters
B60: ='MT.ROCK CONSOLIDATION'!B25:D25 -> Fuse Lighter | H60: pcs | K60: =G60 -> 0 | L60: pcs | O60: =G60 -> 0 | P60: pcs
B61: ='MT.ROCK CONSOLIDATION'!B26:D26 -> BILL WIRE | H61: meters | K61: =G61 -> 0 | L61: meters | O61: =G61 -> 0 | P61: meters
B62: ='MT.ROCK CONSOLIDATION'!B27:D27 -> Solar EBC | H62: pcs | K62: =G62 -> 0 | L62: pcs | O62: =G62 -> 0 | P62: pcs
A64: II. | B64: CHARGED DRILL HOLES
C65: (a) | D65: PRIMARY: | E65: 0 | G65: No. of holes: | J65: =G52+G53+G54+G55+G56-J66 -> 0 | L65: Depth: | N65: 5'X11"
C66: (b) | D66: SECONDARY: | E66: 0 | G66: No. of holes: | J66: 0 | L66: Depth: | N66: 3X'11"
A68: III. | B68: ESTIMATED TONNAGE OF BLASTED MATERIAL
B69: REMARKS:

Sheet 3-4.
A1: MT. ROCK POWDER CORPORATION
A2: PHILSAGA MINING CORPORATION (OPERATION)
A3: Bayugan 3, Rosario Agusan del Sur
A5: DAILY BLASTER REPORT
A7: Location | C7: : | D7: MINE SITE, CO-O, CONSUELO, BUNAWAN , AGUSAN DEL SUR | M7: Date: | N7: ='3-4'!N6 -> 46176
A8: Time of Blasting | C8: : | D8: 6:45 AM / 2:45 PM / 10:45 PM | M8: Shift: | N8: 1ST SHIFT/2ND SHIFT/3RD SHIFT
A10: I. | B10: EXPLOSIVE USED | F10: REQUISITIONED | J10: CONSUMED | N10: REQUIRED
F11: (KLS) | G11: (PCS) | J11: (KLS) | K11: (PCS) | N11: (KLS) | O11: (PCS)
B12: ='MT.ROCK CONSOLIDATION'!B12:D12 -> Emulsion Super Power 208 | F12: =G12/208*25 -> 0 | H12: pcs | J12: =F12 -> 0 | K12: =G12 -> 0 | L12: pcs | N12: =F12 -> 0 | O12: =G12 -> 0 | P12: pcs
B13: ='MT.ROCK CONSOLIDATION'!B13:D13 -> NEOGEL 200 | F13: =G13/200*25 -> 171.375 | G13: 1371 | H13: pcs | J13: =F13 -> 171.375 | K13: =G13 -> 1371 | L13: pcs | N13: =F13 -> 171.375 | O13: =G13 -> 1371 | P13: pcs
B14: ='MT.ROCK CONSOLIDATION'!B14:D14 -> Anfo | F14: 0 | J14: =F14 -> 0 | N14: =F14 -> 0
B15: ='MT.ROCK CONSOLIDATION'!B15:D15 -> OBC | G15: ='3-4'!G15 -> 88 | H15: pcs | K15: =G15 -> 88 | L15: pcs | O15: =G15 -> 88 | P15: pcs
B16: ='MT.ROCK CONSOLIDATION'!B16:D16 -> Safety Fuse | G16: =G15*2.43 -> 213.84 | H16: meters | K16: =G16 -> 213.84 | L16: meters | O16: =G16 -> 213.84 | P16: meters
B17: ='MT.ROCK CONSOLIDATION'!B17:D17 -> SHOCKSTAR Detonator 2.4 | H17: pcs | K17: =G17 -> 0 | L17: pcs | O17: =G17 -> 0 | P17: pcs
B18: ='MT.ROCK CONSOLIDATION'!B18:D18 -> SUPREME Detonator 2.4 | H18: pcs | K18: =G18 -> 0 | L18: pcs | O18: =G18 -> 0 | P18: pcs
B19: ='MT.ROCK CONSOLIDATION'!B19:D19 -> SUPREME Detonator 3.6 | H19: pcs | K19: =G19 -> 0 | L19: pcs | O19: =G19 -> 0 | P19: pcs
B20: ='MT.ROCK CONSOLIDATION'!B20:D20 -> NONEL Detonator 2.4 | H20: pcs | K20: =G20 -> 0 | L20: pcs | O20: =G20 -> 0 | P20: pcs
B21: ='MT.ROCK CONSOLIDATION'!B21:D21 -> NONEL Detonator 3.6 | H21: pcs | K21: =G21 -> 0 | L21: pcs | O21: =G21 -> 0 | P21: pcs
B22: ='MT.ROCK CONSOLIDATION'!B22:D22 -> Solar Detonating Cord 6 | H22: meters | K22: =G22 -> 0 | L22: meters | O22: =G22 -> 0 | P22: meters
B23: ='MT.ROCK CONSOLIDATION'!B23:D23 -> Solar Detonating Cord 10 | G23: 336 | H23: meters | K23: =G23 -> 336 | L23: meters | O23: =G23 -> 336 | P23: meters
B24: ='MT.ROCK CONSOLIDATION'!B24:D24 -> Solar Detonating Cord 40 | H24: meters | K24: =G24 -> 0 | L24: meters | O24: =G24 -> 0 | P24: meters
B25: ='MT.ROCK CONSOLIDATION'!B25:D25 -> Fuse Lighter | H25: pcs | K25: =G25 -> 0 | L25: pcs | O25: =G25 -> 0 | P25: pcs
B26: ='MT.ROCK CONSOLIDATION'!B26:D26 -> BILL WIRE | H26: meters | K26: =G26 -> 0 | L26: meters | O26: =G26 -> 0 | P26: meters
B27: ='MT.ROCK CONSOLIDATION'!B27:D27 -> Solar EBC | H27: pcs | K27: =G27 -> 0 | L27: pcs | O27: =G27 -> 0 | P27: pcs
A29: II. | B29: CHARGED DRILL HOLES
C30: (a) | D30: PRIMARY: | E30: 0 | J30: =G17+G18+G19+G20+G21-J31 -> 0 | L30: Depth: | N30: 5'X11"
C31: (b) | D31: SECONDARY: | E31: 0 | G31: No. of holes: | J31: 0 | L31: Depth: | N31: 3X'11"
A33: III. | B33: ESTIMATED TONNAGE OF BLASTED MATERIAL
B34: REMARKS:
A37: MT. ROCK POWDER CORPORATION
A38: PHILSAGA MINING CORPORATION (OPERATION)
A39: Bayugan 3, Rosario Agusan del Sur
A41: DAILY BLASTER REPORT
A43: Location | C43: : | D43: MINE SITE, CO-O, CONSUELO, BUNAWAN , AGUSAN DEL SUR | M43: Date: | N43: ='3-4'!N44 -> 46177
A44: Time of Blasting | C44: : | D44: 6:45 AM / 2:45 PM / 10:45 PM | M44: Shift: | N44: 1ST SHIFT/2ND SHIFT/3RD SHIFT
A46: I. | B46: EXPLOSIVE USED | F46: REQUISITIONED | J46: CONSUMED | N46: REQUIRED
F47: (KLS) | G47: (PCS) | J47: (KLS) | K47: (PCS) | N47: (KLS) | O47: (PCS)
B48: ='MT.ROCK CONSOLIDATION'!B12:D12 -> Emulsion Super Power 208 | F48: =G48/208*25 -> 0 | H48: pcs | J48: =F48 -> 0 | K48: =G48 -> 0 | L48: pcs | N48: =F48 -> 0 | O48: =G48 -> 0 | P48: pcs
B49: ='MT.ROCK CONSOLIDATION'!B13:D13 -> NEOGEL 200 | F49: =G49/200*25 -> 198.5 | G49: 1588 | H49: pcs | J49: =F49 -> 198.5 | K49: =G49 -> 1588 | L49: pcs | N49: =F49 -> 198.5 | O49: =G49 -> 1588 | P49: pcs
B50: ='MT.ROCK CONSOLIDATION'!B14:D14 -> Anfo | F50: 0 | J50: =F50 -> 0 | N50: =F50 -> 0
B51: ='MT.ROCK CONSOLIDATION'!B15:D15 -> OBC | G51: 89 | H51: pcs | K51: =G51 -> 89 | L51: pcs | O51: =G51 -> 89 | P51: pcs
B52: ='MT.ROCK CONSOLIDATION'!B16:D16 -> Safety Fuse | G52: =G51*2.43 -> 216.27 | H52: meters | K52: =G52 -> 216.27 | L52: meters | O52: =G52 -> 216.27 | P52: meters
B53: ='MT.ROCK CONSOLIDATION'!B17:D17 -> SHOCKSTAR Detonator 2.4 | H53: pcs | K53: =G53 -> 0 | L53: pcs | O53: =G53 -> 0 | P53: pcs
B54: ='MT.ROCK CONSOLIDATION'!B18:D18 -> SUPREME Detonator 2.4 | H54: pcs | K54: =G54 -> 0 | L54: pcs | O54: =G54 -> 0 | P54: pcs
B55: ='MT.ROCK CONSOLIDATION'!B19:D19 -> SUPREME Detonator 3.6 | H55: pcs | K55: =G55 -> 0 | L55: pcs | O55: =G55 -> 0 | P55: pcs
B56: ='MT.ROCK CONSOLIDATION'!B20:D20 -> NONEL Detonator 2.4 | H56: pcs | K56: =G56 -> 0 | L56: pcs | O56: =G56 -> 0 | P56: pcs
B57: ='MT.ROCK CONSOLIDATION'!B21:D21 -> NONEL Detonator 3.6 | H57: pcs | K57: =G57 -> 0 | L57: pcs | O57: =G57 -> 0 | P57: pcs
B58: ='MT.ROCK CONSOLIDATION'!B22:D22 -> Solar Detonating Cord 6 | H58: meters | K58: =G58 -> 0 | L58: meters | O58: =G58 -> 0 | P58: meters
B59: ='MT.ROCK CONSOLIDATION'!B23:D23 -> Solar Detonating Cord 10 | G59: 527 | H59: meters | K59: =G59 -> 527 | L59: meters | O59: =G59 -> 527 | P59: meters
B60: ='MT.ROCK CONSOLIDATION'!B24:D24 -> Solar Detonating Cord 40 | H60: meters | K60: =G60 -> 0 | L60: meters | O60: =G60 -> 0 | P60: meters
B61: ='MT.ROCK CONSOLIDATION'!B25:D25 -> Fuse Lighter | H61: pcs | K61: =G61 -> 0 | L61: pcs | O61: =G61 -> 0 | P61: pcs
B62: ='MT.ROCK CONSOLIDATION'!B26:D26 -> BILL WIRE | H62: meters | K62: =G62 -> 0 | L62: meters | O62: =G62 -> 0 | P62: meters
B63: ='MT.ROCK CONSOLIDATION'!B27:D27 -> Solar EBC | H63: pcs | K63: =G63 -> 0 | L63: pcs | O63: =G63 -> 0 | P63: pcs
A65: II. | B65: CHARGED DRILL HOLES
C66: (a) | D66: PRIMARY: | E66: 0 | G66: No. of holes: | J66: =G53+G54+G55+G56+G57-J67 -> 0 | L66: Depth: | N66: 5'X11"
C67: (b) | D67: SECONDARY: | E67: 0 | G67: No. of holes: | J67: 0 | L67: Depth: | N67: 3X'11"
A69: III. | B69: ESTIMATED TONNAGE OF BLASTED MATERIAL
B70: REMARKS:

Sheet 5-6.
A1: MT. ROCK POWDER CORPORATION
A2: PHILSAGA MINING CORPORATION (OPERATION)
A3: Bayugan 3, Rosario Agusan del Sur
A5: DAILY BLASTER REPORT
A6: Location | C6: : | D6: MINE SITE, CO-O, CONSUELO, BUNAWAN , AGUSAN DEL SUR | M6: Date: | N6: ='5-6'!N6 -> 46178
A7: Time of Blasting | C7: : | D7: 6:45 AM / 2:45 PM / 10:45 PM | M7: Shift: | N7: 1ST SHIFT/2ND SHIFT/3RD SHIFT
A9: I. | B9: EXPLOSIVE USED | F9: REQUISITIONED | J9: CONSUMED | N9: REQUIRED
F10: (KLS) | G10: (PCS) | J10: (KLS) | K10: (PCS) | N10: (KLS) | O10: (PCS)
B11: ='MT.ROCK CONSOLIDATION'!B12:D12 -> Emulsion Super Power 208 | F11: =G11/208*25 -> 0 | H11: pcs | J11: =F11 -> 0 | K11: =G11 -> 0 | L11: pcs | N11: =F11 -> 0 | O11: =G11 -> 0 | P11: pcs
B12: ='MT.ROCK CONSOLIDATION'!B13:D13 -> NEOGEL 200 | F12: =G12/200*25 -> 225 | G12: 1800 | H12: pcs | J12: =F12 -> 225 | K12: =G12 -> 1800 | L12: pcs | N12: =F12 -> 225 | O12: =G12 -> 1800 | P12: pcs
B13: ='MT.ROCK CONSOLIDATION'!B14:D14 -> Anfo | F13: 0 | J13: =F13 -> 0 | N13: =F13 -> 0
B14: ='MT.ROCK CONSOLIDATION'!B15:D15 -> OBC | G14: ='5-6'!G15 -> 112 | H14: pcs | K14: =G14 -> 112 | L14: pcs | O14: =G14 -> 112 | P14: pcs
B15: ='MT.ROCK CONSOLIDATION'!B16:D16 -> Safety Fuse | G15: =G14*2.43 -> 272.16 | H15: meters | K15: =G15 -> 272.16 | L15: meters | O15: =G15 -> 272.16 | P15: meters
B16: ='MT.ROCK CONSOLIDATION'!B17:D17 -> SHOCKSTAR Detonator 2.4 | H16: pcs | K16: =G16 -> 0 | L16: pcs | O16: =G16 -> 0 | P16: pcs
B17: ='MT.ROCK CONSOLIDATION'!B18:D18 -> SUPREME Detonator 2.4 | H17: pcs | K17: =G17 -> 0 | L17: pcs | O17: =G17 -> 0 | P17: pcs
B18: ='MT.ROCK CONSOLIDATION'!B19:D19 -> SUPREME Detonator 3.6 | H18: pcs | K18: =G18 -> 0 | L18: pcs | O18: =G18 -> 0 | P18: pcs
B19: ='MT.ROCK CONSOLIDATION'!B20:D20 -> NONEL Detonator 2.4 | H19: pcs | K19: =G19 -> 0 | L19: pcs | O19: =G19 -> 0 | P19: pcs
B20: ='MT.ROCK CONSOLIDATION'!B21:D21 -> NONEL Detonator 3.6 | H20: pcs | K20: =G20 -> 0 | L20: pcs | O20: =G20 -> 0 | P20: pcs
B21: ='MT.ROCK CONSOLIDATION'!B22:D22 -> Solar Detonating Cord 6 | H21: meters | K21: =G21 -> 0 | L21: meters | O21: =G21 -> 0 | P21: meters
B22: ='MT.ROCK CONSOLIDATION'!B23:D23 -> Solar Detonating Cord 10 | G22: 543 | H22: meters | K22: =G22 -> 543 | L22: meters | O22: =G22 -> 543 | P22: meters
B23: ='MT.ROCK CONSOLIDATION'!B24:D24 -> Solar Detonating Cord 40 | H23: meters | K23: =G23 -> 0 | L23: meters | O23: =G23 -> 0 | P23: meters
B24: ='MT.ROCK CONSOLIDATION'!B25:D25 -> Fuse Lighter | H24: pcs | K24: =G24 -> 0 | L24: pcs | O24: =G24 -> 0 | P24: pcs
B25: ='MT.ROCK CONSOLIDATION'!B26:D26 -> BILL WIRE | H25: meters | K25: =G25 -> 0 | L25: meters | O25: =G25 -> 0 | P25: meters
B26: ='MT.ROCK CONSOLIDATION'!B27:D27 -> Solar EBC | H26: pcs | K26: =G26 -> 0 | L26: pcs | O26: =G26 -> 0 | P26: pcs
A28: II. | B28: CHARGED DRILL HOLES
C29: (a) | D29: PRIMARY: | E29: 0 | G29: No. of holes: | J29: =G16+G17+G18+G19+G20-J30 -> 0 | L29: Depth: | N29: 5'X11"
C30: (b) | D30: SECONDARY: | E30: 0 | G30: No. of holes: | J30: 0 | L30: Depth: | N30: 3X'11"
A32: III. | B32: ESTIMATED TONNAGE OF BLASTED MATERIAL
B33: REMARKS:
A36: MT. ROCK POWDER CORPORATION
A37: PHILSAGA MINING CORPORATION (OPERATION)
A38: Bayugan 3, Rosario Agusan del Sur
A40: DAILY BLASTER REPORT
A42: Location | C42: : | D42: MINE SITE, CO-O, CONSUELO, BUNAWAN , AGUSAN DEL SUR | M42: Date: | N42: ='5-6'!N44 -> 46179
A43: Time of Blasting | C43: : | D43: 6:45 AM / 2:45 PM / 10:45 PM | M43: Shift: | N43: 1ST SHIFT/2ND SHIFT/3RD SHIFT
A45: I. | B45: EXPLOSIVE USED | F45: REQUISITIONED | J45: CONSUMED | N45: REQUIRED
F46: (KLS) | G46: (PCS) | J46: (KLS) | K46: (PCS) | N46: (KLS) | O46: (PCS)
B47: ='MT.ROCK CONSOLIDATION'!B12:D12 -> Emulsion Super Power 208 | F47: =G47/208*25 -> 0 | H47: pcs | J47: =F47 -> 0 | K47: =G47 -> 0 | L47: pcs | N47: =F47 -> 0 | O47: =G47 -> 0 | P47: pcs
B48: ='MT.ROCK CONSOLIDATION'!B13:D13 -> NEOGEL 200 | F48: =G48/200*25 -> 247.625 | G48: 1981 | H48: pcs | J48: =F48 -> 247.625 | K48: =G48 -> 1981 | L48: pcs | N48: =F48 -> 247.625 | O48: =G48 -> 1981 | P48: pcs
B49: ='MT.ROCK CONSOLIDATION'!B14:D14 -> Anfo | F49: 0 | J49: =F49 -> 0 | N49: =F49 -> 0
B50: ='MT.ROCK CONSOLIDATION'!B15:D15 -> OBC | G50: ='5-6'!G53 -> 105 | H50: pcs | K50: =G50 -> 105 | L50: pcs | O50: =G50 -> 105 | P50: pcs
B51: ='MT.ROCK CONSOLIDATION'!B16:D16 -> Safety Fuse | G51: =G50*2.43 -> 255.15 | H51: meters | K51: =G51 -> 255.15 | L51: meters | O51: =G51 -> 255.15 | P51: meters
B52: ='MT.ROCK CONSOLIDATION'!B17:D17 -> SHOCKSTAR Detonator 2.4 | H52: pcs | K52: =G52 -> 0 | L52: pcs | O52: =G52 -> 0 | P52: pcs
B53: ='MT.ROCK CONSOLIDATION'!B18:D18 -> SUPREME Detonator 2.4 | H53: pcs | K53: =G53 -> 0 | L53: pcs | O53: =G53 -> 0 | P53: pcs
B54: ='MT.ROCK CONSOLIDATION'!B19:D19 -> SUPREME Detonator 3.6 | H54: pcs | K54: =G54 -> 0 | L54: pcs | O54: =G54 -> 0 | P54: pcs
B55: ='MT.ROCK CONSOLIDATION'!B20:D20 -> NONEL Detonator 2.4 | H55: pcs | K55: =G55 -> 0 | L55: pcs | O55: =G55 -> 0 | P55: pcs
B56: ='MT.ROCK CONSOLIDATION'!B21:D21 -> NONEL Detonator 3.6 | H56: pcs | K56: =G56 -> 0 | L56: pcs | O56: =G56 -> 0 | P56: pcs
B57: ='MT.ROCK CONSOLIDATION'!B22:D22 -> Solar Detonating Cord 6 | H57: meters | K57: =G57 -> 0 | L57: meters | O57: =G57 -> 0 | P57: meters
B58: ='MT.ROCK CONSOLIDATION'!B23:D23 -> Solar Detonating Cord 10 | G58: 563 | H58: meters | K58: =G58 -> 563 | L58: meters | O58: =G58 -> 563 | P58: meters
B59: ='MT.ROCK CONSOLIDATION'!B24:D24 -> Solar Detonating Cord 40 | H59: meters | K59: =G59 -> 0 | L59: meters | O59: =G59 -> 0 | P59: meters
B60: ='MT.ROCK CONSOLIDATION'!B25:D25 -> Fuse Lighter | H60: pcs | K60: =G60 -> 0 | L60: pcs | O60: =G60 -> 0 | P60: pcs
B61: ='MT.ROCK CONSOLIDATION'!B26:D26 -> BILL WIRE | H61: meters | K61: =G61 -> 0 | L61: meters | O61: =G61 -> 0 | P61: meters
B62: ='MT.ROCK CONSOLIDATION'!B27:D27 -> Solar EBC | H62: pcs | K62: =G62 -> 0 | L62: pcs | O62: =G62 -> 0 | P62: pcs
A64: II. | B64: CHARGED DRILL HOLES
C65: (a) | D65: PRIMARY: | E65: 0 | G65: No. of holes: | J65: =G52+G53+G54+G55+G56-J66 -> 0 | L65: Depth: | N65: 5'X11"
C66: (b) | D66: SECONDARY: | E66: 0 | G66: No. of holes: | J66: 0 | L66: Depth: | N66: 3X'11"
A68: III. | B68: ESTIMATED TONNAGE OF BLASTED MATERIAL
B69: REMARKS:

Sheet 7
A1: MT. ROCK POWDER CORPORATION
A2: PHILSAGA MINING CORPORATION (OPERATION)
A3: Bayugan 3, Rosario Agusan del Sur
A5: DAILY BLASTER REPORT
A6: Location | C6: : | D6: MINE SITE, CO-O, CONSUELO, BUNAWAN , AGUSAN DEL SUR | M6: Date: | N6: ='7.'!N6:P6 -> 46180
A7: Time of Blasting | C7: : | D7: 6:45 AM / 2:45 PM / 10:45 PM | M7: Shift: | N7: 1ST SHIFT/2ND SHIFT/3RD SHIFT
A9: I. | B9: EXPLOSIVE USED | F9: REQUISITIONED | J9: CONSUMED | N9: REQUIRED
F10: (KLS) | G10: (PCS) | J10: (KLS) | K10: (PCS) | N10: (KLS) | O10: (PCS)
B11: ='MT.ROCK CONSOLIDATION'!B12:D12 -> Emulsion Super Power 208 | F11: =G11/208*25 -> 0 | H11: pcs | J11: =F11 -> 0 | K11: =G11 -> 0 | L11: pcs | N11: =F11 -> 0 | O11: =G11 -> 0 | P11: pcs
B12: ='MT.ROCK CONSOLIDATION'!B13:D13 -> NEOGEL 200 | F12: =G12/200*25 -> 211.75 | G12: 1694 | H12: pcs | J12: =F12 -> 211.75 | K12: =G12 -> 1694 | L12: pcs | N12: =F12 -> 211.75 | O12: =G12 -> 1694 | P12: pcs
B13: ='MT.ROCK CONSOLIDATION'!B14:D14 -> Anfo | F13: 0 | J13: =F13 -> 0 | N13: =F13 -> 0
B14: ='MT.ROCK CONSOLIDATION'!B15:D15 -> OBC | G14: 73 | H14: pcs | K14: =G14 -> 73 | L14: pcs | O14: =G14 -> 73 | P14: pcs
B15: ='MT.ROCK CONSOLIDATION'!B16:D16 -> Safety Fuse | G15: =G14*2.43 -> 177.39 | H15: meters | K15: =G15 -> 177.39 | L15: meters | O15: =G15 -> 177.39 | P15: meters
B16: ='MT.ROCK CONSOLIDATION'!B17:D17 -> SHOCKSTAR Detonator 2.4 | H16: pcs | K16: =G16 -> 0 | L16: pcs | O16: =G16 -> 0 | P16: pcs
B17: ='MT.ROCK CONSOLIDATION'!B18:D18 -> SUPREME Detonator 2.4 | H17: pcs | K17: =G17 -> 0 | L17: pcs | O17: =G17 -> 0 | P17: pcs
B18: ='MT.ROCK CONSOLIDATION'!B19:D19 -> SUPREME Detonator 3.6 | H18: pcs | K18: =G18 -> 0 | L18: pcs | O18: =G18 -> 0 | P18: pcs
B19: ='MT.ROCK CONSOLIDATION'!B20:D20 -> NONEL Detonator 2.4 | H19: pcs | K19: =G19 -> 0 | L19: pcs | O19: =G19 -> 0 | P19: pcs
B20: ='MT.ROCK CONSOLIDATION'!B21:D21 -> NONEL Detonator 3.6 | H20: pcs | K20: =G20 -> 0 | L20: pcs | O20: =G20 -> 0 | P20: pcs
B21: ='MT.ROCK CONSOLIDATION'!B22:D22 -> Solar Detonating Cord 6 | H21: meters | K21: =G21 -> 0 | L21: meters | O21: =G21 -> 0 | P21: meters
B22: ='MT.ROCK CONSOLIDATION'!B23:D23 -> Solar Detonating Cord 10 | G22: 406 | H22: meters | K22: =G22 -> 406 | L22: meters | O22: =G22 -> 406 | P22: meters
B23: ='MT.ROCK CONSOLIDATION'!B24:D24 -> Solar Detonating Cord 40 | H23: meters | K23: =G23 -> 0 | L23: meters | O23: =G23 -> 0 | P23: meters
B24: ='MT.ROCK CONSOLIDATION'!B25:D25 -> Fuse Lighter | H24: pcs | K24: =G24 -> 0 | L24: pcs | O24: =G24 -> 0 | P24: pcs
B25: ='MT.ROCK CONSOLIDATION'!B26:D26 -> BILL WIRE | H25: meters | K25: =G25 -> 0 | L25: meters | O25: =G25 -> 0 | P25: meters
B26: ='MT.ROCK CONSOLIDATION'!B27:D27 -> Solar EBC | H26: pcs | K26: =G26 -> 0 | L26: pcs | O26: =G26 -> 0 | P26: pcs
A28: II. | B28: CHARGED DRILL HOLES
C29: (a) | D29: PRIMARY: | E29: 0 | G29: No. of holes: | J29: =G16+G17+G18+G19+G20-J30 -> 0 | L29: Depth: | N29: 5'X11"
C30: (b) | D30: SECONDARY: | E30: 0 | G30: No. of holes: | J30: 0 | L30: Depth: | N30: 3X'11"
A32: III. | B32: ESTIMATED TONNAGE OF BLASTED MATERIAL
B33: REMARKS:
A36: MT. ROCK POWDER CORPORATION
A37: PHILSAGA MINING CORPORATION (OPERATION)
A38: Bayugan 3, Rosario Agusan del Sur
A40: DAILY BLASTER REPORT
A42: Location | C42: : | D42: MINE SITE, CO-O, CONSUELO, BUNAWAN , AGUSAN DEL SUR | M42: Date:
A43: Time of Blasting | C43: : | D43: 6:45 AM / 2:45 PM / 10:45 PM | M43: Shift: | N43: 1ST SHIFT/2ND SHIFT/3RD SHIFT
A45: I. | B45: EXPLOSIVE USED | F45: REQUISITIONED | J45: CONSUMED | N45: REQUIRED
F46: (KLS) | G46: (PCS) | J46: (KLS) | K46: (PCS) | N46: (KLS) | O46: (PCS)
B47: ='MT.ROCK CONSOLIDATION'!B12:D12 -> Emulsion Super Power 208 | F47: =G47/208*25 -> 0 | H47: pcs | J47: =F47 -> 0 | K47: =G47 -> 0 | L47: pcs | N47: =F47 -> 0 | O47: =G47 -> 0 | P47: pcs
B48: ='MT.ROCK CONSOLIDATION'!B13:D13 -> NEOGEL 200 | F48: =G48/200*25 -> 0 | H48: pcs | J48: =F48 -> 0 | K48: =G48 -> 0 | L48: pcs | N48: =F48 -> 0 | O48: =G48 -> 0 | P48: pcs
B49: ='MT.ROCK CONSOLIDATION'!B14:D14 -> Anfo | F49: ='7.'!F52 -> 0 | J49: =F49 -> 0 | N49: =F49 -> 0
B50: ='MT.ROCK CONSOLIDATION'!B15:D15 -> OBC | G50: ='7.'!G53 -> 0 | H50: pcs | K50: =G50 -> 0 | L50: pcs | O50: =G50 -> 0 | P50: pcs
B51: ='MT.ROCK CONSOLIDATION'!B16:D16 -> Safety Fuse | G51: =G50*2.43 -> 0 | H51: meters | K51: =G51 -> 0 | L51: meters | O51: =G51 -> 0 | P51: meters
B52: ='MT.ROCK CONSOLIDATION'!B17:D17 -> SHOCKSTAR Detonator 2.4 | H52: pcs | K52: =G52 -> 0 | L52: pcs | O52: =G52 -> 0 | P52: pcs
B53: ='MT.ROCK CONSOLIDATION'!B18:D18 -> SUPREME Detonator 2.4 | H53: pcs | K53: =G53 -> 0 | L53: pcs | O53: =G53 -> 0 | P53: pcs
B54: ='MT.ROCK CONSOLIDATION'!B19:D19 -> SUPREME Detonator 3.6 | H54: pcs | K54: =G54 -> 0 | L54: pcs | O54: =G54 -> 0 | P54: pcs
B55: ='MT.ROCK CONSOLIDATION'!B20:D20 -> NONEL Detonator 2.4 | H55: pcs | K55: =G55 -> 0 | L55: pcs | O55: =G55 -> 0 | P55: pcs
B56: ='MT.ROCK CONSOLIDATION'!B21:D21 -> NONEL Detonator 3.6 | H56: pcs | K56: =G56 -> 0 | L56: pcs | O56: =G56 -> 0 | P56: pcs
B57: ='MT.ROCK CONSOLIDATION'!B22:D22 -> Solar Detonating Cord 6 | H57: meters | K57: =G57 -> 0 | L57: meters | O57: =G57 -> 0 | P57: meters
B58: ='MT.ROCK CONSOLIDATION'!B23:D23 -> Solar Detonating Cord 10 | H58: meters | K58: =G58 -> 0 | L58: meters | O58: =G58 -> 0 | P58: meters
B59: ='MT.ROCK CONSOLIDATION'!B24:D24 -> Solar Detonating Cord 40 | H59: meters | K59: =G59 -> 0 | L59: meters | O59: =G59 -> 0 | P59: meters
B60: ='MT.ROCK CONSOLIDATION'!B25:D25 -> Fuse Lighter | H60: pcs | K60: =G60 -> 0 | L60: pcs | O60: =G60 -> 0 | P60: pcs
B61: ='MT.ROCK CONSOLIDATION'!B26:D26 -> BILL WIRE | H61: meters | K61: =G61 -> 0 | L61: meters | O61: =G61 -> 0 | P61: meters
B62: ='MT.ROCK CONSOLIDATION'!B27:D27 -> Solar EBC | H62: pcs | K62: =G62 -> 0 | L62: pcs | O62: =G62 -> 0 | P62: pcs
A64: II. | B64: CHARGED DRILL HOLES
C65: (a) | D65: PRIMARY: | E65: 0 | G65: No. of holes: | J65: =G52+G53+G54+G55+G56-J66 -> 0 | L65: Depth: | N65: 5'X11"
C66: (b) | D66: SECONDARY: | E66: 0 | G66: No. of holes: | J66: 0 | L66: Depth: | N66: 3X'11"
A68: III. | B68: ESTIMATED TONNAGE OF BLASTED MATERIAL
B69: REMARKS:

Sheet 12
A1: MT. ROCK POWDER CORPORATION
A2: PHILSAGA MINING CORPORATION (OPERATION)
A3: Bayugan 3, Rosario Agusan del Sur
A5: DAILY BLASTER REPORT
A6: Location | C6: : | D6: MINE SITE, CO-O, CONSUELO, BUNAWAN , AGUSAN DEL SUR | M6: Date: | N6: ='8'!N6 -> 0
A7: Time of Blasting | C7: : | D7: 6:45 AM / 2:45 PM / 10:45 PM | M7: Shift: | N7: 1ST SHIFT/2ND SHIFT/3RD SHIFT
A9: I. | B9: EXPLOSIVE USED | F9: REQUISITIONED | J9: CONSUMED | N9: REQUIRED
F10: (KLS) | G10: (PCS) | J10: (KLS) | K10: (PCS) | N10: (KLS) | O10: (PCS)
B11: Emulsion Super Power 150 | F11: =G11/208*25 -> 0 | H11: pcs | J11: =F11 -> 0 | K11: =G11 -> 0 | L11: pcs | N11: =F11 -> 0 | O11: =G11 -> 0 | P11: pcs
B12: Emulsion Super Emulex 208 | F12: =G12/208*25 -> 0 | H12: pcs | J12: =F12 -> 0 | K12: =G12 -> 0 | L12: pcs | N12: =F12 -> 0 | O12: =G12 -> 0 | P12: pcs
B13: Anfo | J13: =F13 -> 0 | N13: =F13 -> 0
B14: OBC | H14: pcs | K14: =G14 -> 0 | L14: pcs | O14: =G14 -> 0 | P14: pcs
B15: Safety Fuse | G15: =G14*2.43 -> 0 | H15: meters | K15: =G15 -> 0 | L15: meters | O15: =G15 -> 0 | P15: meters
B16: SUPREME Detonator 2.4 | H16: pcs | K16: =G16 -> 0 | L16: pcs | O16: =G16 -> 0 | P16: pcs
B17: SUPREME Detonator 3.6 | H17: pcs | K17: =G17 -> 0 | L17: pcs | O17: =G17 -> 0 | P17: pcs
B18: NONEL Detonator 2.4 | H18: pcs | K18: =G18 -> 0 | L18: pcs | O18: =G18 -> 0 | P18: pcs
B19: NONEL Detonator 3.6 | H19: pcs | K19: =G19 -> 0 | L19: pcs | O19: =G19 -> 0 | P19: pcs
B20: Solar Detonating Cord 6 | H20: meters | K20: =G20 -> 0 | L20: meters | O20: =G20 -> 0 | P20: meters
B21: Solar Detonating Cord 10 | H21: meters | K21: =G21 -> 0 | L21: meters | O21: =G21 -> 0 | P21: meters
B22: Solar Detonating Cord 40 | H22: meters | K22: =G22 -> 0 | L22: meters | O22: =G22 -> 0 | P22: meters
B23: Fuse Lighter | H23: pcs | K23: =G23 -> 0 | L23: pcs | O23: =G23 -> 0 | P23: pcs
B24: BILL WIRE | H24: meters | K24: =G24 -> 0 | L24: meters | O24: =G24 -> 0 | P24: meters
B25: Solar EBC | H25: pcs | K25: =G25 -> 0 | L25: pcs | O25: =G25 -> 0 | P25: pcs
A27: II. | B27: CHARGED DRILL HOLES
C28: (a) | D28: PRIMARY: | G28: No. of holes: | J28: =G16+G17+G18+G19-J29 -> 0 | L28: Depth: | N28: 5'X11"
C29: (b) | D29: SECONDARY: | G29: No. of holes: | L29: Depth: | N29: 3X'11"
A31: III. | B31: ESTIMATED TONNAGE OF BLASTED MATERIAL
B32: REMARKS:
A35: MT. ROCK POWDER CORPORATION
A36: PHILSAGA MINING CORPORATION (OPERATION)
A37: Bayugan 3, Rosario Agusan del Sur
A39: DAILY BLASTER REPORT
A41: Location | C41: : | D41: MINE SITE, CO-O, CONSUELO, BUNAWAN , AGUSAN DEL SUR | M41: Date: | N41: ='8'!N45 -> 0
A42: I. | B42: EXPLOSIVE USED | F42: REQUISITIONED | J42: CONSUMED | N42: REQUIRED
F43: (KLS) | G43: (PCS) | J43: (KLS) | K43: (PCS) | N43: (KLS) | O43: (PCS)
B44: Emulsion Super Power 150 | F44: =G44/208*25 -> 0 | H44: pcs | J44: =F44 -> 0 | K44: =G44 -> 0 | L44: pcs | N44: =F44 -> 0 | O44: =G44 -> 0 | P44: pcs
B45: Emulsion Super Emulex 208 | F45: =G45/208*25 -> 0 | H45: pcs | J45: =F45 -> 0 | K45: =G45 -> 0 | L45: pcs | N45: =F45 -> 0 | O45: =G45 -> 0 | P45: pcs
B46: Anfo | J46: =F46 -> 0 | N46: =F46 -> 0
B47: OBC | H47: pcs | K47: =G47 -> 0 | L47: pcs | O47: =G47 -> 0 | P47: pcs
B48: Safety Fuse | G48: =G47*2.43 -> 0 | H48: meters | K48: =G48 -> 0 | L48: meters | O48: =G48 -> 0 | P48: meters
B49: SUPREME Detonator 2.4 | H49: pcs | K49: =G49 -> 0 | L49: pcs | O49: =G49 -> 0 | P49: pcs
B50: SUPREME Detonator 3.6 | H50: pcs | K50: =G50 -> 0 | L50: pcs | O50: =G50 -> 0 | P50: pcs
B51: NONEL Detonator 2.4 | H51: pcs | K51: =G51 -> 0 | L51: pcs | O51: =G51 -> 0 | P51: pcs
B52: NONEL Detonator 3.6 | H52: pcs | K52: =G52 -> 0 | L52: pcs | O52: =G52 -> 0 | P52: pcs
B53: Solar Detonating Cord 6 | H53: meters | K53: =G53 -> 0 | L53: meters | O53: =G53 -> 0 | P53: meters
B54: Solar Detonating Cord 10 | H54: meters | K54: =G54 -> 0 | L54: meters | O54: =G54 -> 0 | P54: meters
B55: Solar Detonating Cord 40 | H55: meters | K55: =G55 -> 0 | L55: meters | O55: =G55 -> 0 | P55: meters
B56: Fuse Lighter | H56: pcs | K56: =G56 -> 0 | L56: pcs | O56: =G56 -> 0 | P56: pcs
B57: BILL WIRE | H57: meters | K57: =G57 -> 0 | L57: meters | O57: =G57 -> 0 | P57: meters
B58: Solar EBC | H58: pcs | K58: =G58 -> 0 | L58: pcs | O58: =G58 -> 0 | P58: pcs
A60: II. | B60: CHARGED DRILL HOLES
C61: (a) | D61: PRIMARY: | G61: No. of holes: | J61: =G49+G50+G51+G52-J62 -> 0 | L61: Depth: | N61: 5'X11"
C62: (b) | D62: SECONDARY: | G62: No. of holes: | L62: Depth: | N62: 3X'11"
A64: III. | B64: ESTIMATED TONNAGE OF BLASTED MATERIAL
B65: REMARKS:

Sheet 13
A1: MT. ROCK POWDER CORPORATION
A2: PHILSAGA MINING CORPORATION (OPERATION)
A3: Bayugan 3, Rosario Agusan del Sur
A5: DAILY BLASTER REPORT
A6: Location | C6: : | D6: MINE SITE, CO-O, CONSUELO, BUNAWAN , AGUSAN DEL SUR | M6: Date: | N6: ='9'!N6 -> 0
A7: Time of Blasting | C7: : | D7: 6:45 AM / 2:45 PM / 10:45 PM | M7: Shift: | N7: 1ST SHIFT/2ND SHIFT/3RD SHIFT
A9: I. | B9: EXPLOSIVE USED | F9: REQUISITIONED | J9: CONSUMED | N9: REQUIRED
F10: (KLS) | G10: (PCS) | J10: (KLS) | K10: (PCS) | N10: (KLS) | O10: (PCS)
B11: Emulsion Super Power 150 | F11: =G11/208*25 -> 0 | H11: pcs | J11: =F11 -> 0 | K11: =G11 -> 0 | L11: pcs | N11: =F11 -> 0 | O11: =G11 -> 0 | P11: pcs
B12: Emulsion Super Emulex 208 | F12: =G12/208*25 -> 0 | H12: pcs | J12: =F12 -> 0 | K12: =G12 -> 0 | L12: pcs | N12: =F12 -> 0 | O12: =G12 -> 0 | P12: pcs
B13: Anfo | J13: =F13 -> 0 | N13: =F13 -> 0
B14: OBC | H14: pcs | K14: =G14 -> 0 | L14: pcs | O14: =G14 -> 0 | P14: pcs
B15: Safety Fuse | G15: =G14*2.43 -> 0 | H15: meters | K15: =G15 -> 0 | L15: meters | O15: =G15 -> 0 | P15: meters
B16: SUPREME Detonator 2.4 | H16: pcs | K16: =G16 -> 0 | L16: pcs | O16: =G16 -> 0 | P16: pcs
B17: SUPREME Detonator 3.6 | H17: pcs | K17: =G17 -> 0 | L17: pcs | O17: =G17 -> 0 | P17: pcs
B18: NONEL Detonator 2.4 | H18: pcs | K18: =G18 -> 0 | L18: pcs | O18: =G18 -> 0 | P18: pcs
B19: NONEL Detonator 3.6 | H19: pcs | K19: =G19 -> 0 | L19: pcs | O19: =G19 -> 0 | P19: pcs
B20: Solar Detonating Cord 6 | H20: meters | K20: =G20 -> 0 | L20: meters | O20: =G20 -> 0 | P20: meters
B21: Solar Detonating Cord 10 | H21: meters | K21: =G21 -> 0 | L21: meters | O21: =G21 -> 0 | P21: meters
B22: Solar Detonating Cord 40 | H22: meters | K22: =G22 -> 0 | L22: meters | O22: =G22 -> 0 | P22: meters
B23: Fuse Lighter | H23: pcs | K23: =G23 -> 0 | L23: pcs | O23: =G23 -> 0 | P23: pcs
B24: BILL WIRE | H24: meters | K24: =G24 -> 0 | L24: meters | O24: =G24 -> 0 | P24: meters
B25: Solar EBC | H25: pcs | K25: =G25 -> 0 | L25: pcs | O25: =G25 -> 0 | P25: pcs
A27: II. | B27: CHARGED DRILL HOLES
C28: (a) | D28: PRIMARY: | G28: No. of holes: | J28: =G16+G17+G18+G19-J29 -> 0 | L28: Depth: | N28: 5'X11"
C29: (b) | D29: SECONDARY: | G29: No. of holes: | L29: Depth: | N29: 3X'11"
A31: III. | B31: ESTIMATED TONNAGE OF BLASTED MATERIAL
B32: REMARKS:
A35: MT. ROCK POWDER CORPORATION
A36: PHILSAGA MINING CORPORATION (OPERATION)
A37: Bayugan 3, Rosario Agusan del Sur
A39: DAILY BLASTER REPORT
A41: Location | C41: : | D41: MINE SITE, CO-O, CONSUELO, BUNAWAN , AGUSAN DEL SUR | M41: Date: | N41: ='9'!N44 -> 0
A42: I. | B42: EXPLOSIVE USED | F42: REQUISITIONED | J42: CONSUMED | N42: REQUIRED
F43: (KLS) | G43: (PCS) | J43: (KLS) | K43: (PCS) | N43: (KLS) | O43: (PCS)
B44: Emulsion Super Power 150 | F44: =G44/208*25 -> 0 | H44: pcs | J44: =F44 -> 0 | K44: =G44 -> 0 | L44: pcs | N44: =F44 -> 0 | O44: =G44 -> 0 | P44: pcs
B45: Emulsion Super Emulex 208 | F45: =G45/208*25 -> 0 | H45: pcs | J45: =F45 -> 0 | K45: =G45 -> 0 | L45: pcs | N45: =F45 -> 0 | O45: =G45 -> 0 | P45: pcs
B46: Anfo | J46: =F46 -> 0 | N46: =F46 -> 0
B47: OBC | H47: pcs | K47: =G47 -> 0 | L47: pcs | O47: =G47 -> 0 | P47: pcs
B48: Safety Fuse | G48: =G47*2.43 -> 0 | H48: meters | K48: =G48 -> 0 | L48: meters | O48: =G48 -> 0 | P48: meters
B49: SUPREME Detonator 2.4 | H49: pcs | K49: =G49 -> 0 | L49: pcs | O49: =G49 -> 0 | P49: pcs
B50: SUPREME Detonator 3.6 | H50: pcs | K50: =G50 -> 0 | L50: pcs | O50: =G50 -> 0 | P50: pcs
B51: NONEL Detonator 2.4 | H51: pcs | K51: =G51 -> 0 | L51: pcs | O51: =G51 -> 0 | P51: pcs
B52: NONEL Detonator 3.6 | H52: pcs | K52: =G52 -> 0 | L52: pcs | O52: =G52 -> 0 | P52: pcs
B53: Solar Detonating Cord 6 | H53: meters | K53: =G53 -> 0 | L53: meters | O53: =G53 -> 0 | P53: meters
B54: Solar Detonating Cord 10 | H54: meters | K54: =G54 -> 0 | L54: meters | O54: =G54 -> 0 | P54: meters
B55: Solar Detonating Cord 40 | H55: meters | K55: =G55 -> 0 | L55: meters | O55: =G55 -> 0 | P55: meters
B56: Fuse Lighter | H56: pcs | K56: =G56 -> 0 | L56: pcs | O56: =G56 -> 0 | P56: pcs
B57: BILL WIRE | H57: meters | K57: =G57 -> 0 | L57: meters | O57: =G57 -> 0 | P57: meters
B58: Solar EBC | H58: pcs | K58: =G58 -> 0 | L58: pcs | O58: =G58 -> 0 | P58: pcs
A60: II. | B60: CHARGED DRILL HOLES
C61: (a) | D61: PRIMARY: | G61: No. of holes: | J61: =G49+G50+G51+G52-J62 -> 0 | L61: Depth: | N61: 5'X11"
C62: (b) | D62: SECONDARY: | G62: No. of holes: | L62: Depth: | N62: 3X'11"
A64: III. | B64: ESTIMATED TONNAGE OF BLASTED MATERIAL
B65: REMARKS:

Sheet 14
A1: MT. ROCK POWDER CORPORATION
A2: PHILSAGA MINING CORPORATION (OPERATION)
A3: Bayugan 3, Rosario Agusan del Sur
A5: DAILY BLASTER REPORT
A6: Location | C6: : | D6: MINE SITE, CO-O, CONSUELO, BUNAWAN , AGUSAN DEL SUR | M6: Date: | N6: ='10'!N6 -> 0
A7: Time of Blasting | C7: : | D7: 6:45 AM / 2:45 PM / 10:45 PM | M7: Shift: | N7: 1ST SHIFT/2ND SHIFT/3RD SHIFT
A9: I. | B9: EXPLOSIVE USED | F9: REQUISITIONED | J9: CONSUMED | N9: REQUIRED
F10: (KLS) | G10: (PCS) | J10: (KLS) | K10: (PCS) | N10: (KLS) | O10: (PCS)
B11: Emulsion Super Power 150 | F11: =G11/208*25 -> 0 | H11: pcs | J11: =F11 -> 0 | K11: =G11 -> 0 | L11: pcs | N11: =F11 -> 0 | O11: =G11 -> 0 | P11: pcs
B12: Emulsion Super Emulex 208 | F12: =G12/208*25 -> 0 | H12: pcs | J12: =F12 -> 0 | K12: =G12 -> 0 | L12: pcs | N12: =F12 -> 0 | O12: =G12 -> 0 | P12: pcs
B13: Anfo | J13: =F13 -> 0 | N13: =F13 -> 0
B14: OBC | H14: pcs | K14: =G14 -> 0 | L14: pcs | O14: =G14 -> 0 | P14: pcs
B15: Safety Fuse | G15: =G14*2.43 -> 0 | H15: meters | K15: =G15 -> 0 | L15: meters | O15: =G15 -> 0 | P15: meters
B16: SUPREME Detonator 2.4 | H16: pcs | K16: =G16 -> 0 | L16: pcs | O16: =G16 -> 0 | P16: pcs
B17: SUPREME Detonator 3.6 | H17: pcs | K17: =G17 -> 0 | L17: pcs | O17: =G17 -> 0 | P17: pcs
B18: NONEL Detonator 2.4 | H18: pcs | K18: =G18 -> 0 | L18: pcs | O18: =G18 -> 0 | P18: pcs
B19: NONEL Detonator 3.6 | H19: pcs | K19: =G19 -> 0 | L19: pcs | O19: =G19 -> 0 | P19: pcs
B20: Solar Detonating Cord 6 | H20: meters | K20: =G20 -> 0 | L20: meters | O20: =G20 -> 0 | P20: meters
B21: Solar Detonating Cord 10 | H21: meters | K21: =G21 -> 0 | L21: meters | O21: =G21 -> 0 | P21: meters
B22: Solar Detonating Cord 40 | H22: meters | K22: =G22 -> 0 | L22: meters | O22: =G22 -> 0 | P22: meters
B23: Fuse Lighter | H23: pcs | K23: =G23 -> 0 | L23: pcs | O23: =G23 -> 0 | P23: pcs
B24: BILL WIRE | H24: meters | K24: =G24 -> 0 | L24: meters | O24: =G24 -> 0 | P24: meters
B25: Solar EBC | H25: pcs | K25: =G25 -> 0 | L25: pcs | O25: =G25 -> 0 | P25: pcs
A27: II. | B27: CHARGED DRILL HOLES
C28: (a) | D28: PRIMARY: | G28: No. of holes: | J28: =G16+G17+G18+G19-J29 -> 0 | L28: Depth: | N28: 5'X11"
C29: (b) | D29: SECONDARY: | G29: No. of holes: | L29: Depth: | N29: 3X'11"
A31: III. | B31: ESTIMATED TONNAGE OF BLASTED MATERIAL
B32: REMARKS:
A36: MT. ROCK POWDER CORPORATION
A37: PHILSAGA MINING CORPORATION (OPERATION)
A38: Bayugan 3, Rosario Agusan del Sur
A40: DAILY BLASTER REPORT
A42: Location | C42: : | D42: MINE SITE, CO-O, CONSUELO, BUNAWAN , AGUSAN DEL SUR | M42: Date: | N42: ='10'!N44 -> 0
A43: I. | B43: EXPLOSIVE USED | F43: REQUISITIONED | J43: CONSUMED | N43: REQUIRED
F44: (KLS) | G44: (PCS) | J44: (KLS) | K44: (PCS) | N44: (KLS) | O44: (PCS)
B45: Emulsion Super Power 150 | F45: =G45/208*25 -> 0 | H45: pcs | J45: =F45 -> 0 | K45: =G45 -> 0 | L45: pcs | N45: =F45 -> 0 | O45: =G45 -> 0 | P45: pcs
B46: Emulsion Super Emulex 208 | F46: =G46/208*25 -> 0 | H46: pcs | J46: =F46 -> 0 | K46: =G46 -> 0 | L46: pcs | N46: =F46 -> 0 | O46: =G46 -> 0 | P46: pcs
B47: Anfo | J47: =F47 -> 0 | N47: =F47 -> 0
B48: OBC | H48: pcs | K48: =G48 -> 0 | L48: pcs | O48: =G48 -> 0 | P48: pcs
B49: Safety Fuse | G49: =G48*2.43 -> 0 | H49: meters | K49: =G49 -> 0 | L49: meters | O49: =G49 -> 0 | P49: meters
B50: SUPREME Detonator 2.4 | H50: pcs | K50: =G50 -> 0 | L50: pcs | O50: =G50 -> 0 | P50: pcs
B51: SUPREME Detonator 3.6 | H51: pcs | K51: =G51 -> 0 | L51: pcs | O51: =G51 -> 0 | P51: pcs
B52: NONEL Detonator 2.4 | H52: pcs | K52: =G52 -> 0 | L52: pcs | O52: =G52 -> 0 | P52: pcs
B53: NONEL Detonator 3.6 | H53: pcs | K53: =G53 -> 0 | L53: pcs | O53: =G53 -> 0 | P53: pcs
B54: Solar Detonating Cord 6 | H54: meters | K54: =G54 -> 0 | L54: meters | O54: =G54 -> 0 | P54: meters
B55: Solar Detonating Cord 10 | H55: meters | K55: =G55 -> 0 | L55: meters | O55: =G55 -> 0 | P55: meters
B56: Solar Detonating Cord 40 | H56: meters | K56: =G56 -> 0 | L56: meters | O56: =G56 -> 0 | P56: meters
B57: Fuse Lighter | H57: pcs | K57: =G57 -> 0 | L57: pcs | O57: =G57 -> 0 | P57: pcs
B58: BILL WIRE | H58: meters | K58: =G58 -> 0 | L58: meters | O58: =G58 -> 0 | P58: meters
B59: Solar EBC | H59: pcs | K59: =G59 -> 0 | L59: pcs | O59: =G59 -> 0 | P59: pcs
A61: II. | B61: CHARGED DRILL HOLES
C62: (a) | D62: PRIMARY: | G62: No. of holes: | J62: =G50+G51+G52+G53-J63 -> 0 | L62: Depth: | N62: 5'X11"
C63: (b) | D63: SECONDARY: | G63: No. of holes: | L63: Depth: | N63: 3X'11"
A65: III. | B65: ESTIMATED TONNAGE OF BLASTED MATERIAL
B66: REMARKS:

Sheet 4.
A1: MT. ROCK POWDER CORPORATION
A2: PHILSAGA MINING CORPORATION (OPERATION)
A3: Bayugan 3, Rosario Agusan del Sur
A5: DAILY BLASTER REPORT
A6: Location | C6: : | D6: MINE SITE, CO-O, CONSUELO, BUNAWAN , AGUSAN DEL SUR | M6: Date: | N6: ='4'!N6 -> 0
A7: Time of Blasting | C7: : | D7: 6:45 AM / 2:45 PM / 10:45 PM | M7: Shift: | N7: 1ST SHIFT/2ND SHIFT/3RD SHIFT
A9: I. | B9: EXPLOSIVE USED | F9: REQUISITIONED | J9: CONSUMED | N9: REQUIRED
F10: (KLS) | G10: (PCS) | J10: (KLS) | K10: (PCS) | N10: (KLS) | O10: (PCS)
B11: ='MT.ROCK CONSOLIDATION'!B12:D12 -> Emulsion Super Power 208 | F11: =G11/208*25 -> 0 | H11: pcs | J11: =F11 -> 0 | K11: =G11 -> 0 | L11: pcs | N11: =F11 -> 0 | O11: =G11 -> 0 | P11: pcs
B12: ='MT.ROCK CONSOLIDATION'!B13:D13 -> NEOGEL 200 | F12: =G12/200*25 -> 0 | H12: pcs | J12: =F12 -> 0 | K12: =G12 -> 0 | L12: pcs | N12: =F12 -> 0 | O12: =G12 -> 0 | P12: pcs
B13: ='MT.ROCK CONSOLIDATION'!B14:D14 -> Anfo | F13: ='4'!F14 -> 0 | J13: =F13 -> 0 | N13: =F13 -> 0
B14: ='MT.ROCK CONSOLIDATION'!B15:D15 -> OBC | G14: ='4'!G15 -> 0 | H14: pcs | K14: =G14 -> 0 | L14: pcs | O14: =G14 -> 0 | P14: pcs
B15: ='MT.ROCK CONSOLIDATION'!B16:D16 -> Safety Fuse | G15: =G14*2.43 -> 0 | H15: meters | K15: =G15 -> 0 | L15: meters | O15: =G15 -> 0 | P15: meters
B16: ='MT.ROCK CONSOLIDATION'!B17:D17 -> SHOCKSTAR Detonator 2.4 | H16: pcs | K16: =G16 -> 0 | L16: pcs | O16: =G16 -> 0 | P16: pcs
B17: ='MT.ROCK CONSOLIDATION'!B18:D18 -> SUPREME Detonator 2.4 | H17: pcs | K17: =G17 -> 0 | L17: pcs | O17: =G17 -> 0 | P17: pcs
B18: ='MT.ROCK CONSOLIDATION'!B19:D19 -> SUPREME Detonator 3.6 | H18: pcs | K18: =G18 -> 0 | L18: pcs | O18: =G18 -> 0 | P18: pcs
B19: ='MT.ROCK CONSOLIDATION'!B20:D20 -> NONEL Detonator 2.4 | H19: pcs | K19: =G19 -> 0 | L19: pcs | O19: =G19 -> 0 | P19: pcs
B20: ='MT.ROCK CONSOLIDATION'!B21:D21 -> NONEL Detonator 3.6 | H20: pcs | K20: =G20 -> 0 | L20: pcs | O20: =G20 -> 0 | P20: pcs
B21: ='MT.ROCK CONSOLIDATION'!B22:D22 -> Solar Detonating Cord 6 | H21: meters | K21: =G21 -> 0 | L21: meters | O21: =G21 -> 0 | P21: meters
B22: ='MT.ROCK CONSOLIDATION'!B23:D23 -> Solar Detonating Cord 10 | H22: meters | K22: =G22 -> 0 | L22: meters | O22: =G22 -> 0 | P22: meters
B23: ='MT.ROCK CONSOLIDATION'!B24:D24 -> Solar Detonating Cord 40 | H23: meters | K23: =G23 -> 0 | L23: meters | O23: =G23 -> 0 | P23: meters
B24: ='MT.ROCK CONSOLIDATION'!B25:D25 -> Fuse Lighter | H24: pcs | K24: =G24 -> 0 | L24: pcs | O24: =G24 -> 0 | P24: pcs
B25: ='MT.ROCK CONSOLIDATION'!B26:D26 -> BILL WIRE | H25: meters | K25: =G25 -> 0 | L25: meters | O25: =G25 -> 0 | P25: meters
B26: ='MT.ROCK CONSOLIDATION'!B27:D27 -> Solar EBC | H26: pcs | K26: =G26 -> 0 | L26: pcs | O26: =G26 -> 0 | P26: pcs
A28: II. | B28: CHARGED DRILL HOLES
C29: (a) | D29: PRIMARY: | G29: No. of holes: | J29: =G16+G17+G18+G19+G20-J30 -> 0 | L29: Depth: | N29: 5'X11"
C30: (b) | D30: SECONDARY: | G30: No. of holes: | J30: 0 | L30: Depth: | N30: 3X'11"
A32: III. | B32: ESTIMATED TONNAGE OF BLASTED MATERIAL
B33: REMARKS:
A36: MT. ROCK POWDER CORPORATION
A37: PHILSAGA MINING CORPORATION (OPERATION)
A38: Bayugan 3, Rosario Agusan del Sur
A40: DAILY BLASTER REPORT
A42: Location | C42: : | D42: MINE SITE, CO-O, CONSUELO, BUNAWAN , AGUSAN DEL SUR | M42: Date: | N42: 0
A43: Time of Blasting | C43: : | D43: 6:45 AM / 2:45 PM / 10:45 PM | M43: Shift: | N43: 1ST SHIFT/2ND SHIFT/3RD SHIFT
A45: I. | B45: EXPLOSIVE USED | F45: REQUISITIONED | J45: CONSUMED | N45: REQUIRED
F46: (KLS) | G46: (PCS) | J46: (KLS) | K46: (PCS) | N46: (KLS) | O46: (PCS)
B47: ='MT.ROCK CONSOLIDATION'!B12:D12 -> Emulsion Super Power 208 | F47: =G47/208*25 -> 0 | H47: pcs | J47: =F47 -> 0 | K47: =G47 -> 0 | L47: pcs | N47: =F47 -> 0 | O47: =G47 -> 0 | P47: pcs
B48: ='MT.ROCK CONSOLIDATION'!B13:D13 -> NEOGEL 200 | F48: =G48/200*25 -> 0 | H48: pcs | J48: =F48 -> 0 | K48: =G48 -> 0 | L48: pcs | N48: =F48 -> 0 | O48: =G48 -> 0 | P48: pcs
B49: ='MT.ROCK CONSOLIDATION'!B14:D14 -> Anfo | F49: ='4'!F52 -> 0 | J49: =F49 -> 0 | N49: =F49 -> 0
B50: ='MT.ROCK CONSOLIDATION'!B15:D15 -> OBC | G50: ='7.'!G53 -> 0 | H50: pcs | K50: =G50 -> 0 | L50: pcs | O50: =G50 -> 0 | P50: pcs
B51: ='MT.ROCK CONSOLIDATION'!B16:D16 -> Safety Fuse | G51: =G50*2.43 -> 0 | H51: meters | K51: =G51 -> 0 | L51: meters | O51: =G51 -> 0 | P51: meters
B52: ='MT.ROCK CONSOLIDATION'!B17:D17 -> SHOCKSTAR Detonator 2.4 | H52: pcs | K52: =G52 -> 0 | L52: pcs | O52: =G52 -> 0 | P52: pcs
B53: ='MT.ROCK CONSOLIDATION'!B18:D18 -> SUPREME Detonator 2.4 | H53: pcs | K53: =G53 -> 0 | L53: pcs | O53: =G53 -> 0 | P53: pcs
B54: ='MT.ROCK CONSOLIDATION'!B19:D19 -> SUPREME Detonator 3.6 | H54: pcs | K54: =G54 -> 0 | L54: pcs | O54: =G54 -> 0 | P54: pcs
B55: ='MT.ROCK CONSOLIDATION'!B20:D20 -> NONEL Detonator 2.4 | H55: pcs | K55: =G55 -> 0 | L55: pcs | O55: =G55 -> 0 | P55: pcs
B56: ='MT.ROCK CONSOLIDATION'!B21:D21 -> NONEL Detonator 3.6 | H56: pcs | K56: =G56 -> 0 | L56: pcs | O56: =G56 -> 0 | P56: pcs
B57: ='MT.ROCK CONSOLIDATION'!B22:D22 -> Solar Detonating Cord 6 | H57: meters | K57: =G57 -> 0 | L57: meters | O57: =G57 -> 0 | P57: meters
B58: ='MT.ROCK CONSOLIDATION'!B23:D23 -> Solar Detonating Cord 10 | H58: meters | K58: =G58 -> 0 | L58: meters | O58: =G58 -> 0 | P58: meters
B59: ='MT.ROCK CONSOLIDATION'!B24:D24 -> Solar Detonating Cord 40 | H59: meters | K59: =G59 -> 0 | L59: meters | O59: =G59 -> 0 | P59: meters
B60: ='MT.ROCK CONSOLIDATION'!B25:D25 -> Fuse Lighter | H60: pcs | K60: =G60 -> 0 | L60: pcs | O60: =G60 -> 0 | P60: pcs
B61: ='MT.ROCK CONSOLIDATION'!B26:D26 -> BILL WIRE | H61: meters | K61: =G61 -> 0 | L61: meters | O61: =G61 -> 0 | P61: meters
B62: ='MT.ROCK CONSOLIDATION'!B27:D27 -> Solar EBC | H62: pcs | K62: =G62 -> 0 | L62: pcs | O62: =G62 -> 0 | P62: pcs
A64: II. | B64: CHARGED DRILL HOLES
C65: (a) | D65: PRIMARY: | G65: No. of holes: | J65: =G52+G53+G54+G55+G56-J66 -> 0 | L65: Depth: | N65: 5'X11"
C66: (b) | D66: SECONDARY: | G66: No. of holes: | L66: Depth: | N66: 3X'11"
A68: III. | B68: ESTIMATED TONNAGE OF BLASTED MATERIAL
B69: REMARKS:

Sheet DAILY TOTAL
B2: ='1-2'!N6 -> 46174 | C2: ='1-2'!N42 -> 46175 | D2: ='3-4'!N6 -> 46176 | E2: ='3-4'!N44 -> 46177 | F2: ='5-6'!N6 -> 46178 | G2: ='5-6'!N44 -> 46179 | H2: ='7.'!N6 -> 46180 | I2: ='7.'!N44 -> 0 | J2: ='4'!N6 -> 0 | K2: TOTAL
A3: Emulison Senatel Pulsar 38 | D3: ='3-4'!G11 -> 0 | E3: ='3-4'!G49 -> 0 | F3: ='5-6'!G11 -> 0 | G3: ='5-6'!G49 -> 0 | H3: ='7.'!G11 -> 0 | I3: ='7.'!G49 -> 0 | J3: ='4'!G11 -> 0 | K3: =SUM(B3:J3) -> 0
A4: Emulison Senatel Pulsar 135 | B4: ='1-2'!G12 -> 0 | C4: ='1-2'!G48 -> 0 | D4: ='3-4'!G12 -> 0 | E4: ='3-4'!G50 -> 0 | F4: ='5-6'!G12 -> 0 | G4: ='5-6'!G50 -> 0 | H4: ='7.'!G12 -> 0 | I4: ='7.'!G50 -> 0 | J4: ='4'!G12 -> 0 | K4: =SUM(B4:J4) -> 0 | O4: DATE | P4: S/FUSE | Q4: OBC
A5: Emulsion Senatel Pulsar 215 P | B5: ='1-2'!G13 -> 1105 | C5: ='1-2'!G49 -> 1454 | D5: ='3-4'!G13 -> 1722 | E5: ='3-4'!G51 -> 1315 | F5: ='5-6'!G13 -> 1382 | G5: ='5-6'!G51 -> 1458 | H5: ='7.'!G13 -> 915 | I5: ='7.'!G51 -> 0 | J5: ='4'!G13 -> 0 | K5: =SUM(B5:J5) -> 9351 | O5: =B2 -> 46174 | P5: =Q5*2.43 -> 386.37 | Q5: =B7+B23 -> 159
A6: Anfo | B6: ='1-2'!F14 -> 981 | C6: ='1-2'!F50 -> 1128.2 | D6: ='3-4'!F14 -> 1107.8 | E6: ='3-4'!F52 -> 1183.4 | F6: ='5-6'!F14 -> 1186.6 | G6: ='5-6'!F52 -> 1295.2 | H6: ='7.'!F14 -> 887.6 | I6: ='7.'!F52 -> 0 | J6: ='4'!F14 -> 0 | K6: =SUM(B6:J6) -> 7769.8 | L6: =K6+K22 -> 7769.8 | O6: =C2 -> 46175 | P6: =Q6*2.43 -> 415.53 | Q6: =C7+C23 -> 171
A7: OBC | B7: ='1-2'!G15 -> 80 | C7: ='1-2'!G51 -> 85 | D7: ='3-4'!G15 -> 88 | E7: ='3-4'!G53 -> 90 | F7: ='5-6'!G15 -> 112 | G7: ='5-6'!G53 -> 105 | H7: ='7.'!G15 -> 72 | I7: ='7.'!G53 -> 0 | J7: ='4'!G15 -> 0 | K7: =SUM(B7:J7) -> 632 | L7: =K7+K23 -> 1264 | O7: =D2 -> 46176 | P7: =Q7*2.43 -> 427.68 | Q7: =D7+D23 -> 176
A8: Safety Fuse | B8: ='1-2'!G16 -> 194.4 | C8: ='1-2'!G52 -> 206.55 | D8: ='3-4'!G16 -> 213.84 | E8: ='3-4'!G54 -> 218.7 | F8: ='5-6'!G16 -> 272.16 | G8: ='5-6'!G54 -> 255.15 | H8: ='7.'!G16 -> 174.96 | I8: ='7.'!G54 -> 0 | J8: ='4'!G16 -> 0 | K8: =SUM(B8:J8) -> 1535.76 | L8: =K8+K24 -> 3071.52 | M8: =L7*2.43 -> 3071.52 | O8: =E2 -> 46177 | P8: =Q8*2.43 -> 434.97 | Q8: =E7+E23 -> 179
A9: EXEL Detonator (3.6) | B9: ='1-2'!G17 -> 98 | C9: ='1-2'!G53 -> 100 | D9: ='3-4'!G17 -> 69 | E9: ='3-4'!G55 -> 97 | F9: ='5-6'!G17 -> 74 | G9: ='5-6'!G55 -> 90 | H9: ='7.'!G17 -> 52 | I9: ='7.'!G55 -> 0 | J9: ='4'!G17 -> 0 | K9: =SUM(B9:J9) -> 580 | L9: =K9+K10+K11 -> 11115 | O9: =F2 -> 46178 | P9: =Q9*2.43 -> 544.32 | Q9: =F7+F23 -> 224
A10: EXEL Detonator (2.4) | B10: ='1-2'!G18 -> 1267 | C10: ='1-2'!G54 -> 1484 | D10: ='3-4'!G18 -> 1599 | E10: ='3-4'!G56 -> 1580 | F10: ='5-6'!G18 -> 1615 | G10: ='5-6'!G56 -> 1757 | H10: ='7.'!G18 -> 1233 | I10: ='7.'!G56 -> 0 | J10: ='4'!G18 -> 0 | K10: =SUM(B10:J10) -> 10535 | O10: =G2 -> 46179 | P10: =Q10*2.43 -> 510.3 | Q10: =G7+G23 -> 210
A11: EXEL Detonator (4.9) | B11: ='1-2'!G19 -> 0 | C11: ='1-2'!G55 -> 0 | D11: ='3-4'!G19 -> 0 | E11: ='3-4'!G57 -> 0 | F11: ='5-6'!G19 -> 0 | G11: ='5-6'!G57 -> 0 | H11: ='7.'!G19 -> 0 | I11: ='7.'!G57 -> 0 | J11: ='4'!G19 -> 0 | K11: =SUM(B11:J11) -> 0 | O11: =H2 -> 46180 | P11: =Q11*2.43 -> 352.35 | Q11: =H7+H23 -> 145
A12: Cordtex (Detonating Cord) 5 | B12: ='1-2'!G20 -> 392 | C12: ='1-2'!G56 -> 437 | D12: ='3-4'!G20 -> 424 | E12: ='3-4'!G58 -> 285 | F12: ='5-6'!G20 -> 254 | G12: ='5-6'!G58 -> 355 | H12: ='7.'!G20 -> 203 | I12: ='7.'!G58 -> 0 | J12: ='4'!G20 -> 0 | K12: =SUM(B12:J12) -> 2350 | O12: =I2 -> 0 | P12: =Q12*2.43 -> 0 | Q12: =I7+I23 -> 0
A13: Cordtex (Detonating Cord) 10 | B13: ='1-2'!G21 -> 0 | C13: ='1-2'!G57 -> 0 | D13: ='3-4'!G21 -> 0 | E13: ='3-4'!G59 -> 0 | F13: ='5-6'!G21 -> 0 | G13: ='5-6'!G59 -> 0 | H13: ='7.'!G21 -> 0 | I13: ='7.'!G59 -> 0 | J13: ='4'!G21 -> 0 | K13: =SUM(B13:J13) -> 0 | O13: =J2 -> 0 | P13: =Q13*2.43 -> 0 | Q13: =J7+J23 -> 0
A14: Cordtex (Detonating Cord) 40 | B14: ='1-2'!G22 -> 0 | C14: ='1-2'!G58 -> 0 | D14: ='3-4'!G22 -> 0 | E14: ='3-4'!G60 -> 0 | F14: ='5-6'!G22 -> 0 | G14: ='5-6'!G60 -> 0 | H14: ='7.'!G22 -> 0 | I14: ='7.'!G60 -> 0 | J14: ='4'!G22 -> 0 | K14: =SUM(B14:J14) -> 0 | O14: TOTAL | P14: =SUM(P5:P13) -> 3071.52 | Q14: =SUM(Q5:Q13) -> 1264
A15: MS 12 | B15: ='1-2'!G23 -> 0 | C15: ='1-2'!G59 -> 0 | D15: ='3-4'!G23 -> 0 | E15: ='3-4'!G61 -> 0 | F15: ='5-6'!G23 -> 0 | G15: ='5-6'!G61 -> 0 | H15: ='7.'!G23 -> 0 | I15: ='7.'!G61 -> 0 | J15: ='4'!G23 -> 0 | K15: =SUM(B15:J15) -> 0 | Q15: =Q14*2.43 -> 3071.52
A16: MS 18 | B16: ='1-2'!G24 -> 0 | C16: ='1-2'!G60 -> 0 | D16: ='3-4'!G24 -> 0 | E16: ='3-4'!G62 -> 0 | F16: ='5-6'!G24 -> 0 | G16: ='5-6'!G62 -> 0 | H16: ='7.'!G24 -> 0 | I16: ='7.'!G62 -> 0 | J16: ='4'!G24 -> 0 | K16: =SUM(B16:J16) -> 0
A17: Fuse Lighter | B17: ='1-2'!G25 -> 0 | C17: ='1-2'!G61 -> 0 | D17: ='3-4'!G25 -> 0 | E17: ='3-4'!G63 -> 0 | F17: ='5-6'!G25 -> 2 | G17: ='5-6'!G63 -> 0 | H17: ='7.'!G25 -> 0 | I17: ='7.'!G63 -> 0 | J17: ='4'!G25 -> 0 | K17: =SUM(B17:J17) -> 2 | L17: =K17+K33 -> 2
A18: BILL WIRE | B18: ='1-2'!G26 -> 0 | C18: ='1-2'!G62 -> 0 | D18: ='3-4'!G26 -> 0 | E18: ='3-4'!G64 -> 0 | F18: ='5-6'!G26 -> 26 | G18: ='5-6'!G64 -> 0 | H18: ='7.'!G26 -> 0 | I18: ='7.'!G64 -> 0 | J18: ='4'!G26 -> 0 | K18: =SUM(B18:J18) -> 26
A19: EBC | B19: ='1-2'!G27 -> 2 | C19: ='1-2'!G63 -> 6 | D19: ='3-4'!G27 -> 6 | E19: ='3-4'!G65 -> 4 | F19: ='5-6'!G27 -> 4 | G19: ='5-6'!G65 -> 4 | H19: ='7.'!G27 -> 2 | I19: ='7.'!G65 -> 0 | J19: ='4'!G27 -> 0 | K19: =SUM(B19:J19) -> 28
A20: Emulsion Super Power 208 | B20: ='1-2.'!G11 -> 0 | C20: ='1-2.'!G47 -> 0 | D20: ='3-4.'!G12 -> 0 | E20: ='3-4.'!G48 -> 0 | F20: ='5-6.'!G11 -> 0 | G20: ='5-6.'!G47 -> 0 | H20: ='7'!G11 -> 0 | I20: ='7'!G47 -> 0 | J20: ='4.'!G11 -> 0 | K20: =SUM(B20:J20) -> 0
A21: NEOGEL 200 | B21: ='1-2.'!G12 -> 1332 | C21: ='1-2.'!G48 -> 1300 | D21: ='3-4.'!G13 -> 1371 | E21: ='3-4.'!G49 -> 1588 | F21: ='5-6.'!G12 -> 1800 | G21: ='5-6.'!G48 -> 1981 | H21: ='7'!G12 -> 1694 | I21: ='7'!G48 -> 0 | J21: ='4.'!G12 -> 0 | K21: =SUM(B21:J21) -> 11066
A22: Anfo | B22: ='1-2.'!F13 -> 0 | C22: ='1-2.'!F49 -> 0 | D22: ='3-4.'!F14 -> 0 | E22: ='3-4.'!F50 -> 0 | F22: ='5-6.'!F13 -> 0 | G22: ='5-6.'!F49 -> 0 | H22: ='7'!F13 -> 0 | I22: ='7'!F49 -> 0 | J22: ='4.'!F13 -> 0 | K22: =SUM(B22:J22) -> 0
A23: OBC | B23: ='1-2.'!G14 -> 79 | C23: ='1-2.'!G50 -> 86 | D23: ='3-4.'!G15 -> 88 | E23: ='3-4.'!G51 -> 89 | F23: ='5-6.'!G14 -> 112 | G23: ='5-6.'!G50 -> 105 | H23: ='7'!G14 -> 73 | I23: ='7'!G50 -> 0 | J23: ='4.'!G14 -> 0 | K23: =SUM(B23:J23) -> 632
A24: Safety Fuse | B24: ='1-2.'!G15 -> 191.97 | C24: ='1-2.'!G51 -> 208.98 | D24: ='3-4.'!G16 -> 213.84 | E24: ='3-4.'!G52 -> 216.27 | F24: ='5-6.'!G15 -> 272.16 | G24: ='5-6.'!G51 -> 255.15 | H24: ='7'!G15 -> 177.39 | I24: ='7'!G51 -> 0 | J24: ='4.'!G15 -> 0 | K24: =SUM(B24:J24) -> 1535.76
A25: SHOCKSTAR Detonator 2.4 | B25: ='1-2.'!G16 -> 0 | C25: ='1-2.'!G52 -> 0 | D25: ='3-4.'!G17 -> 0 | E25: ='3-4.'!G53 -> 0 | F25: ='5-6.'!G16 -> 0 | G25: ='5-6.'!G52 -> 0 | H25: ='7'!G16 -> 0 | I25: ='7'!G52 -> 0 | J25: ='4.'!G16 -> 0 | K25: =SUM(B25:J25) -> 0
A26: SUPREME Detonator 2.4 | B26: ='1-2.'!G17 -> 0 | C26: ='1-2.'!G53 -> 0 | D26: ='3-4.'!G18 -> 0 | E26: ='3-4.'!G54 -> 0 | F26: ='5-6.'!G17 -> 0 | G26: ='5-6.'!G53 -> 0 | H26: ='7'!G17 -> 0 | I26: ='7'!G53 -> 0 | J26: ='4.'!G17 -> 0 | K26: =SUM(B26:J26) -> 0 | L26: =K26+K27+K28+K29 -> 0
A27: SUPREME Detonator 3.6 | B27: ='1-2.'!G18 -> 0 | C27: ='1-2.'!G54 -> 0 | D27: ='3-4.'!G19 -> 0 | E27: ='3-4.'!G55 -> 0 | F27: ='5-6.'!G18 -> 0 | G27: ='5-6.'!G54 -> 0 | H27: ='7'!G18 -> 0 | I27: ='7'!G54 -> 0 | J27: ='4.'!G18 -> 0 | K27: =SUM(B27:J27) -> 0
A28: NONEL Detonator 2.4 | B28: ='1-2.'!G19 -> 0 | C28: ='1-2.'!G55 -> 0 | D28: ='3-4.'!G20 -> 0 | E28: ='3-4.'!G56 -> 0 | F28: ='5-6.'!G19 -> 0 | G28: ='5-6.'!G55 -> 0 | H28: ='7'!G19 -> 0 | I28: ='7'!G55 -> 0 | J28: ='4.'!G19 -> 0 | K28: =SUM(B28:J28) -> 0
A29: NONEL Detonator 3.6 | B29: ='1-2.'!G20 -> 0 | C29: ='1-2.'!G56 -> 0 | D29: ='3-4.'!G21 -> 0 | E29: ='3-4.'!G57 -> 0 | F29: ='5-6.'!G20 -> 0 | G29: ='5-6.'!G56 -> 0 | H29: ='7'!G20 -> 0 | I29: ='7'!G56 -> 0 | J29: ='4.'!G20 -> 0 | K29: =SUM(B29:J29) -> 0
A30: Solar Detonating Cord 6 | B30: ='1-2.'!G21 -> 0 | C30: ='1-2.'!G57 -> 0 | D30: ='3-4.'!G22 -> 0 | E30: ='3-4.'!G58 -> 0 | F30: ='5-6.'!G21 -> 0 | G30: ='5-6.'!G57 -> 0 | H30: ='7'!G21 -> 0 | I30: ='7'!G57 -> 0 | J30: ='4.'!G21 -> 0 | K30: =SUM(B30:J30) -> 0
A31: Solar Detonating Cord 10 | B31: ='1-2.'!G22 -> 261 | C31: ='1-2.'!G58 -> 292 | D31: ='3-4.'!G23 -> 336 | E31: ='3-4.'!G59 -> 527 | F31: ='5-6.'!G22 -> 543 | G31: ='5-6.'!G58 -> 563 | H31: ='7'!G22 -> 406 | I31: ='7'!G58 -> 0 | J31: ='4.'!G22 -> 0 | K31: =SUM(B31:J31) -> 2928
A32: Solar Detonating Cord 40 | B32: ='1-2.'!G23 -> 0 | C32: ='1-2.'!G59 -> 0 | D32: ='3-4.'!G24 -> 0 | E32: ='3-4.'!G60 -> 0 | F32: ='5-6.'!G23 -> 0 | G32: ='5-6.'!G59 -> 0 | H32: ='7'!G23 -> 0 | I32: ='7'!G59 -> 0 | J32: ='4.'!G23 -> 0 | K32: =SUM(B32:J32) -> 0
A33: Fuse Lighter | B33: ='1-2.'!G24 -> 0 | C33: ='1-2.'!G60 -> 0 | D33: ='3-4.'!G25 -> 0 | E33: ='3-4.'!G61 -> 0 | F33: ='5-6.'!G24 -> 0 | G33: ='5-6.'!G60 -> 0 | H33: ='7'!G24 -> 0 | I33: ='7'!G60 -> 0 | J33: ='4.'!G24 -> 0 | K33: =SUM(B33:J33) -> 0
A34: BILL WIRE | B34: ='1-2.'!G25 -> 0 | C34: ='1-2.'!G61 -> 0 | D34: ='3-4.'!G26 -> 0 | E34: ='3-4.'!G62 -> 0 | F34: ='5-6.'!G25 -> 0 | G34: ='5-6.'!G61 -> 0 | H34: ='7'!G25 -> 0 | I34: ='7'!G61 -> 0 | J34: ='4.'!G25 -> 0 | K34: =SUM(B34:J34) -> 0
A35: Solar EBC | B35: ='1-2.'!G26 -> 0 | C35: ='1-2.'!G62 -> 0 | D35: ='3-4.'!G27 -> 0 | E35: ='3-4.'!G63 -> 0 | F35: ='5-6.'!G26 -> 0 | G35: ='5-6.'!G62 -> 0 | H35: ='7'!G26 -> 0 | I35: ='7'!G62 -> 0 | J35: ='4.'!G26 -> 0 | K35: =SUM(B35:J35) -> 0
A37: TOTAL | B37: =SUM(B3:B36) -> 5983.37 | C37: =SUM(C3:C36) -> 6787.73 | D37: =SUM(D3:D36) -> 7238.48 | E37: =SUM(E3:E36) -> 7193.37 | F37: =SUM(F3:F36) -> 7654.92 | G37: =SUM(G3:G36) -> 8223.5 | H37: =SUM(H3:H36) -> 5889.95 | I37: =SUM(I3:I36) -> 0 | J37: =SUM(J3:J36) -> 0 | L37: =SUM(B37:K37) -> 48971.32

Sheet MT. ROCK
A1: MT. ROCK POWDER CORPORATION
A2: PHILSAGA MINING CORPORATION (OPERATION)
A3: Bayugan 3, Rosario Agusan del Sur
A5: DAILY BLASTER REPORT
A6: Location | C6: : | D6: MINE SITE, CO-O, CONSUELO, BUNAWAN , AGUSAN DEL SUR | M6: Date:
A7: Time of Blasting | C7: : | D7: 6:45 AM / 2:45 PM / 10:45 PM | M7: Shift: | N7: 1ST SHIFT/2ND SHIFT/3RD SHIFT
A9: I. | B9: EXPLOSIVE USED | F9: REQUISITIONED | J9: CONSUMED | N9: REQUIRED
F10: (KLS) | G10: (PCS) | J10: (KLS) | K10: (PCS) | N10: (KLS) | O10: (PCS)
B11: Emulsion Emulex 208 | F11: =G11/208*25 -> 0 | H11: pcs | J11: =F11 -> 0 | K11: =G11 -> 0 | L11: pcs | N11: =F11 -> 0 | O11: =G11 -> 0 | P11: pcs
B12: Emulsion Super Power 132 | F12: =G12/132*25 -> 0 | H12: pcs | J12: =F12 -> 0 | K12: =G12 -> 0 | L12: pcs | N12: =F12 -> 0 | O12: =G12 -> 0 | P12: pcs
B13: Anfo | J13: =F13 -> 0 | N13: =F13 -> 0
B14: OBC | H14: pcs | K14: =G14 -> 0 | L14: pcs | O14: =G14 -> 0 | P14: pcs
B15: Safety Fuse | H15: meters | K15: =G15 -> 0 | L15: meters | O15: =G15 -> 0 | P15: meters
B16: SUPREME Detonator 2.4 | H16: pcs | K16: =G16 -> 0 | L16: pcs | O16: =G16 -> 0 | P16: pcs
B17: SUPREME Detonator 3.6 | H17: pcs | K17: =G17 -> 0 | L17: pcs | O17: =G17 -> 0 | P17: pcs
B18: NONEL Detonator 2.4 | H18: pcs | K18: =G18 -> 0 | L18: pcs | O18: =G18 -> 0 | P18: pcs
B19: NONEL Detonator 3.6 | H19: pcs | K19: =G19 -> 0 | L19: pcs | O19: =G19 -> 0 | P19: pcs
B20: Solar Detonating Cord 6 | H20: meters | K20: =G20 -> 0 | L20: meters | O20: =G20 -> 0 | P20: meters
B21: Solar Detonating Cord 10 | H21: meters | K21: =G21 -> 0 | L21: meters | O21: =G21 -> 0 | P21: meters
B22: Solar Detonating Cord 40 | H22: meters | K22: =G22 -> 0 | L22: meters | O22: =G22 -> 0 | P22: meters
B23: Fuse Lighter | H23: pcs | K23: =G23 -> 0 | L23: pcs | O23: =G23 -> 0 | P23: pcs
B24: BILL WIRE | H24: meters | K24: =G24 -> 0 | L24: meters | O24: =G24 -> 0 | P24: meters
B25: Solar EBC | H25: pcs | K25: =G25 -> 0 | L25: pcs | O25: =G25 -> 0 | P25: pcs
A27: II. | B27: CHARGED DRILL HOLES
C28: (a) | D28: PRIMARY: | G28: No. of holes: | J28: =G16+G19-J29 -> 0 | M28: Depth: | N28: 5'X11"
C29: (b) | D29: SECONDARY: | G29: No. of holes: | M29: Depth: | N29: 3X'11"
A31: III. | B31: ESTIMATED TONNAGE OF BLASTED MATERIAL
B32: REMARKS:
A36: ENGR. RAFFY D. TORRES | M36: ENGR. REINNIER JOHN S. SUNICO
A37: LICENSED BLASTER | F37: FESAGS PNCO | M37: MINE OPERATIONS MANAGER
A38: FKB15-080917-04562
A40: ________________________________________________________________________________________________________________
A42: MT. ROCK POWDER CORPORATION
A43: PHILSAGA MINING CORPORATION (OPERATION)
A44: Bayugan 3, Rosario Agusan del Sur
A46: DAILY BLASTER REPORT
A48: Location | C48: : | D48: MINE SITE, CO-O, CONSUELO, BUNAWAN , AGUSAN DEL SUR | M48: Date:
A49: I. | B49: EXPLOSIVE USED | F49: REQUISITIONED | J49: CONSUMED | N49: REQUIRED
F50: (KLS) | G50: (PCS) | J50: (KLS) | K50: (PCS) | N50: (KLS) | O50: (PCS)
B51: Emulsion Emulex 208 | F51: =G51/208*25 -> 0 | H51: pcs | J51: =F51 -> 0 | K51: =G51 -> 0 | L51: pcs | N51: =F51 -> 0 | O51: =G51 -> 0 | P51: pcs
B52: Emulsion Super Power 132 | F52: =G52/132*25 -> 0 | H52: pcs | J52: =F52 -> 0 | K52: =G52 -> 0 | L52: pcs | N52: =F52 -> 0 | O52: =G52 -> 0 | P52: pcs
B53: Anfo | J53: =F53 -> 0 | N53: =F53 -> 0
B54: OBC | H54: pcs | K54: =G54 -> 0 | L54: pcs | O54: =G54 -> 0 | P54: pcs
B55: Safety Fuse | G55: =G54*2.43 -> 0 | H55: meters | K55: =G55 -> 0 | L55: meters | O55: =G55 -> 0 | P55: meters
B56: SUPREME Detonator 2.4 | H56: pcs | K56: =G56 -> 0 | L56: pcs | O56: =G56 -> 0 | P56: pcs
B57: SUPREME Detonator 3.6 | H57: pcs | K57: =G57 -> 0 | L57: pcs | O57: =G57 -> 0 | P57: pcs
B58: NONEL Detonator 2.4 | H58: pcs | K58: =G58 -> 0 | L58: pcs | O58: =G58 -> 0 | P58: pcs
B59: NONEL Detonator 3.6 | H59: pcs | K59: =G59 -> 0 | L59: pcs | O59: =G59 -> 0 | P59: pcs
B60: Solar Detonating Cord 6 | H60: meters | K60: =G60 -> 0 | L60: meters | O60: =G60 -> 0 | P60: meters
B61: Solar Detonating Cord 10 | H61: meters | K61: =G61 -> 0 | L61: meters | O61: =G61 -> 0 | P61: meters
B62: Solar Detonating Cord 40 | H62: meters | K62: =G62 -> 0 | L62: meters | O62: =G62 -> 0 | P62: meters
B63: Fuse Lighter | H63: pcs | K63: =G63 -> 0 | L63: pcs | O63: =G63 -> 0 | P63: pcs
B64: BILL WIRE | H64: meters | K64: =G64 -> 0 | L64: meters | O64: =G64 -> 0 | P64: meters
B65: Solar EBC | H65: pcs | K65: =G65 -> 0 | L65: pcs | O65: =G65 -> 0 | P65: pcs
A67: II. | B67: CHARGED DRILL HOLES
C68: (a) | D68: PRIMARY: | G68: No. of holes: | M68: Depth: | N68: 5'X11"
C69: (b) | D69: SECONDARY: | G69: No. of holes: | M69: Depth: | N69: 3X'11"
A71: III. | B71: ESTIMATED TONNAGE OF BLASTED MATERIAL
B72: REMARKS:
A77: ENGR. RAFFY D. TORRES | M77: ENGR. REINNIER JOHN S. SUNICO
A78: LICENSED BLASTER | F78: FESAGS PNCO | M78: MINE OPERATIONS MANAGER
A79: FKB15-080917-04562

Sheet CHECKING
B4: EXPLOSIVE USED
C5: PCS/KLS/MTRS.
B6: Emulsion Superdyne 200 | C6: ='EXPEDITION CONSOLIDATION'!G12 -> 0
B7: Emulsion Diagel 150 P | C7: ='EXPEDITION CONSOLIDATION'!G13 -> 0
B8: Emulsion Senatel Pulsar 215 P | C8: ='EXPEDITION CONSOLIDATION'!G14 -> 9351
B9: Emulsion Superpower 208 | C9: ='MT.ROCK CONSOLIDATION'!G12 -> 0
B10: Emulsion Emulex 208 | C10: ='MT.ROCK CONSOLIDATION'!G13 -> 11066
B11: Anfo | C11: ='EXPEDITION CONSOLIDATION'!F15+'MT.ROCK CONSOLIDATION'!F14 -> 7769.8
B12: OBC | C12: ='EXPEDITION CONSOLIDATION'!G16+'MT.ROCK CONSOLIDATION'!G15 -> 1264
B13: Safety Fuse | C13: ='EXPEDITION CONSOLIDATION'!G17+'MT.ROCK CONSOLIDATION'!G16 -> 3071.52 | D13: =C12*2.43 -> 3071.52
B14: EXEL Detonator (3.6) | C14: ='EXPEDITION CONSOLIDATION'!G18 -> 580
B15: EXEL Detonator (2.4) | C15: ='EXPEDITION CONSOLIDATION'!G19 -> 10535
B16: SUPREME Detonator 2.4 | C16: ='MT.ROCK CONSOLIDATION'!G18 -> 0
B17: SUPREME Detonator 3.6 | C17: ='MT.ROCK CONSOLIDATION'!G19 -> 0
B18: NONEL Detonator 2.4 | C18: ='MT.ROCK CONSOLIDATION'!G20 -> 0
B19: NONEL Detonator 3.6 | C19: ='MT.ROCK CONSOLIDATION'!G21 -> 0
B20: Cordtex (Detonating Cord) 5 | C20: ='EXPEDITION CONSOLIDATION'!G21 -> 2350
B21: Cordtex (Detonating Cord) 6 | C21: ='MT.ROCK CONSOLIDATION'!G22 -> 0
B22: Cordtex (Detonating Cord) 10 | C22: ='MT.ROCK CONSOLIDATION'!G23 -> 2928
B23: Cordtex (Detonating Cord) 40 | C23: ='MT.ROCK CONSOLIDATION'!G24 -> 0
B24: Fuse Lighter | C24: ='EXPEDITION CONSOLIDATION'!G26+'MT.ROCK CONSOLIDATION'!G25 -> 2
B25: BILL WIRE | C25: ='MT.ROCK CONSOLIDATION'!G26 -> 0
B26: EBC | C26: ='MT.ROCK CONSOLIDATION'!G27 -> 0

Sheet SIGNATORIES
A3: RONALD V BATERNA
A4: LICENSED BLASTER
A5: FPKB15-090124-1069
A8: ELMER L GANZON
A9: LICENSED BLASTER
A10: FPKB15-081325-0107
A13: JOHN XERCES C ANTIPUESTO
A14: LICENSED BLASTER
A15: FPKB15-100925-0131
A19: EDWIN B BATAL
A20: MINE EXPLOSIVES ASST MANAGER
A23: JOHNNY U GALENG
... A30: FPB08-130416-04156
