Workbook

Sheet 12-31-2023-01-06-2024
A1: PHILSAGA MINING CORPORATION
A2: Bayugan 3,Rosario Agusan del Sur
A4: EXPLOSIVE WEEKLY CONSUMPTION
A5: DECEMBER 31, 2023 - JANUARY 6, 2024
A8: SUPPLIER | C8: MT. ROCK | G8: EXPEDITION | Q8: MT ROCK | R8: MT. ROCK | W8: EXPEDITION | Z8: MT ROCK | AB8: EXPEDITION | AC8: MT. ROCK | AF8: MT ROCK | AG8: MT ROCK | AH8: EXPEDITION
Q9: EXPEDITION | Z9: EXPEDITION | AF9: EXPEDITION
A10: DATE | B10: DESCRIPTION | C10: PACKAGE EMULSION | Q10: Anfo | R10: DETONATORS | AB10: DETONATING CORD
C11: 200 | E11: 208 | G11: 215 | I11: 135 | K11: 150 | M11: 150 | O11: 38 | R11: NONEL | T11: SUPREME | V11: Shockstar | W11: EXEL | Z11: OBC | AA11: EBC | AB11: Cordtex | AC11: Cordtex | AD11: Cordtex | AE11: Cordtex | AF11: S/Fuse | AG11: Billwire | AH11: FUSE
C12: Super Power | E12: Super Power | G12: Senatel/Pulsar | I12: Senatel/Pulsar | K12: Super Power | M12: Magnum | O12: Senatel/Pulsar | R12: 2.4 | S12: 3.6 | T12: 2.4 | U12: 3.6 | V12: 2.4 | W12: 3.6 | X12: 2.4 | Y12: 4.9 | AB12: 5 | AC12: 10 | AD12: 6 | AE12: 40 | AH12: LIGHTER
C13: 31496 | E13: 17457 | G13: 11082 | I13: 21810 | K13: 17362 | M13: 18389 | O13: 21811 | Q13: 10128 | R13: 10962 | S13: 15427 | T13: 16623 | U13: 16967 | V13: 28230 | W13: 10966 | X13: 10965 | Y13: 21809 | Z13: 11966 | AA13: 11089 | AB13: 10960 | AC13: 10961 | AD13: 10839 | AE13: 10959 | AF13: 12487 | AG13: 16823 | AH13: 11342
C14: Pcs | D14: Kls | E14: Pcs | F14: Kls | G14: Pcs | H14: Kls | I14: Pcs | J14: Kls | K14: Pcs | L14: Kls | M14: Pcs | N14: Kls | O14: Pcs | P14: Kls | Q14: Kls | R14: Pcs | S14: Pcs | T14: Pcs | U14: Pcs | V14: Pcs | W14: Pcs | X14: Pcs | Y14: Pcs | Z14: Pcs | AA14: Pcs | AB14: Mtrs | AC14: Mtrs | AD14: Mtrs | AE14: Mtrs | AF14: Mtrs | AG14: Mtrs | AH14: Pcs
A15: 45291 | B15: BEG. BALANCE | C15: 0 | D15: 0 | E15: 86721 | F15: 10423.197 | G15: 98403 | H15: 11442.209 | I15: 0 | J15: 1.6964208e-13 | K15: 0 | L15: 0 | M15: 0 | N15: 0 | O15: 0 | P15: 2.9309888e-14 | Q15: 110649 | R15: 264 | S15: 847 | T15: 30859 | U15: 0 | V15: 0 | W15: 6214 | X15: 58192 | Y15: 657 | Z15: 8850 | AA15: 205 | AB15: 19454 | AC15: 28969 | AD15: 0 | AE15: 1060 | AF15: 44969 | AG15: 1885 | AH15: 517
B16: Withdrawal of Stock from Main Magazine Mill
B17: TOTAL ON HAND | C17: =C15+C16 -> 0 | D17: =D15+D16 -> 0 | E17: =E15+E16 -> 86721 | F17: =F15+F16 -> 10423.197 | G17: =G15+G16 -> 98403 | H17: =H15+H16 -> 11442.209 | I17: =I15+I16 -> 0 | J17: =J15+J16 -> 1.6964208e-13 | ... AH17: =AH15+AH16 -> 517
B18: Less: Total Weekly Consumption | C18: 0 | D18: =C18/200*25 -> 0 | E18: 485 | F18: =E18/208*25 -> 58.293269 | G18: 1595 | H18: =G18/215*25 -> 185.46512 | I18: 0 | J18: =I18/135*25 -> 0 | K18: 0 | L18: =K18/150*25 -> 0 | M18: 0 | N18: =M18/150*25 -> 0 | P18: =O18/38*25 -> 0 | Q18: 195 | R18: 0 | S18: 0 | T18: 0 | U18: 0 | V18: 0 | W18: 25 | X18: 533 | Y18: 0 | Z18: 81 | AA18: 2 | AB18: 164 | AC18: 48 | AE18: 0 | AF18: =Z18*2.43 -> 196.83 | AG18: 0 | AH18: 0
A19: 45297 | B19: STOCK BALANCE | C19: =C17-C18 -> 0 | D19: =D17-D18 -> 0 | E19: =E17-E18 -> 86236 | F19: =F17-F18 -> 10364.904 | G19: =G17-G18 -> 96808 | H19: =H17-H18 -> 11256.744 | I19: =I17-I18 -> 0 | J19: =J17-J18 -> 1.6964208e-13 | ... AH19: =AH17-AH18 -> 517 | AN19: =400+392+2745.29 -> 3537.29
A20: MINE MAG. STOCK USABLE | C20: =C19 -> 0 | D20: =D19 -> 0 | E20: =E19 -> 86236 | F20: =F19 -> 10364.904 | G20: =G19 -> 96808 | H20: =H19 -> 11256.744 | I20: =I19 -> 0 | J20: =J19 -> 1.6964208e-13 | ... AH20: =AH19 -> 517 | AN20: =10000-AN19 -> 6462.71
A23: Prepared by: | E23: Checked by: | P23: Noted by: | V23: Approved by:
A26: AIHREIN T. BACLAAN | E26: NHOLL GREAL O. LOZADA | P26: ENGR. RAFFY D. TORRES | V26: ENGR. EARL M. SON
A27: Mine Explosives Dept | E27: Mine Explosives Inventory Supervisor | P27: Mine Explosives Manager | V27: Mines Manager

Sheet 01-07-13,2024
A1: PHILSAGA MINING CORPORATION
A2: Bayugan 3,Rosario Agusan del Sur
A4: EXPLOSIVE WEEKLY CONSUMPTION
A5: JANUARY 7-13, 2024
A8: SUPPLIER | C8: MT. ROCK | G8: EXPEDITION | Q8: MT ROCK | R8: MT. ROCK | W8: EXPEDITION | Z8: MT ROCK | AB8: EXPEDITION | AC8: MT. ROCK | AF8: MT ROCK | AG8: MT ROCK | AH8: EXPEDITION
Q9: EXPEDITION | Z9: EXPEDITION | AF9: EXPEDITION
A10: DATE | B10: DESCRIPTION | C10: PACKAGE EMULSION | Q10: Anfo | R10: DETONATORS | AB10: DETONATING CORD
C11: 200 | E11: 208 | G11: 215 | I11: 135 | K11: 150 | M11: 150 | O11: 38 | R11: NONEL | T11: SUPREME | V11: Shockstar | W11: EXEL | Z11: OBC | AA11: EBC | AB11: Cordtex | AC11: Cordtex | AD11: Cordtex | AE11: Cordtex | AF11: S/Fuse | AG11: Billwire | AH11: FUSE
C12: Super Power | E12: Super Power | G12: Senatel/Pulsar | I12: Senatel/Pulsar | K12: Super Power | M12: Magnum | O12: Senatel/Pulsar | R12: 2.4 | S12: 3.6 | T12: 2.4 | U12: 3.6 | V12: 2.4 | W12: 3.6 | X12: 2.4 | Y12: 4.9 | AB12: 5 | AC12: 10 | AD12: 6 | AE12: 40 | AH12: LIGHTER
C13: 31496 | E13: 17457 | G13: 11082 | I13: 21810 | K13: 17362 | M13: 18389 | O13: 21811 | Q13: 10128 | R13: 10962 | S13: 15427 | T13: 16623 | U13: 16967 | V13: 28230 | W13: 10966 | X13: 10965 | Y13: 21809 | Z13: 11966 | AA13: 11089 | AB13: 10960 | AC13: 10961 | AD13: 10839 | AE13: 10959 | AF13: 12487 | AG13: 16823 | AH13: 11342
C14: Pcs | D14: Kls | E14: Pcs | F14: Kls | G14: Pcs | H14: Kls | I14: Pcs | J14: Kls | K14: Pcs | L14: Kls | M14: Pcs | N14: Kls | O14: Pcs | P14: Kls | Q14: Kls | R14: Pcs | S14: Pcs | T14: Pcs | U14: Pcs | V14: Pcs | W14: Pcs | X14: Pcs | Y14: Pcs | Z14: Pcs | AA14: Pcs | AB14: Mtrs | AC14: Mtrs | AD14: Mtrs | AE14: Mtrs | AF14: Mtrs | AG14: Mtrs | AH14: Pcs
A15: 45298 | B15: BEG. BALANCE | C15: ='12-31-2023-01-06-2024'!C20 -> 0 | D15: ='12-31-2023-01-06-2024'!D20 -> 0 | E15: ='12-31-2023-01-06-2024'!E20 -> 86236 | F15: ='12-31-2023-01-06-2024'!F20 -> 10364.904 | G15: ='12-31-2023-01-06-2024'!G20 -> 96808 | H15: ='12-31-2023-01-06-2024'!H20 -> 11256.744 | I15: ='12-31-2023-01-06-2024'!I20 -> 0 | J15: ='12-31-2023-01-06-2024'!J20 -> 1.6964208e-13 | ... AH15: ='12-31-2023-01-06-2024'!AH20 -> 517
B16: Withdrawal of Stock from Main Magazine Mill | D16: =C16/200*25 -> 0 | E16: =50*208 -> 10400 | F16: =E16/208*25 -> 1250 | G16: =50*215 -> 10750 | H16: =G16/215*25 -> 1250 | I16: 0 | J16: 0 | Q16: =600*25 -> 15000 | X16: 15500 | Z16: 2000 | AA16: 100 | AB16: 1800 | AC16: 2000 | AF16: 4000
B17: TOTAL ON HAND | C17: =C15+C16 -> 0 | D17: =D15+D16 -> 0 | E17: =E15+E16 -> 96636 | F17: =F15+F16 -> 11614.904 | G17: =G15+G16 -> 107558 | H17: =H15+H16 -> 12506.744 | I17: =I15+I16 -> 0 | J17: =J15+J16 -> 1.6964208e-13 | ... AH17: =AH15+AH16 -> 517
B18: Less: Total Weekly Consumption | C18: 0 | D18: =C18/200*25 -> 0 | E18: 7101 | F18: =E18/208*25 -> 853.48558 | G18: 9654 | H18: =G18/215*25 -> 1122.5581 | I18: 0 | J18: =I18/135*25 -> 0 | K18: 0 | L18: =K18/150*25 -> 0 | M18: 0 | N18: =M18/150*25 -> 0 | P18: =O18/38*25 -> 0 | Q18: 5211 | R18: 0 | S18: 0 | T18: 954 | U18: 0 | V18: 0 | W18: 135 | X18: 7240 | Y18: 0 | Z18: 1167 | AA18: 8 | AB18: 2697 | AC18: 739 | AF18: =Z18*2.43 -> 2835.81 | AG18: 0 | AH18: 73
A19: 45304 | B19: STOCK BALANCE | C19: =C17-C18 -> 0 | D19: =D17-D18 -> 0 | E19: =E17-E18 -> 89535 | F19: =F17-F18 -> 10761.418 | G19: =G17-G18 -> 97904 | H19: =H17-H18 -> 11384.186 | I19: =I17-I18 -> 0 | J19: =J17-J18 -> 1.6964208e-13 | ... AH19: =AH17-AH18 -> 444 | AN19: =400+392+2745.29 -> 3537.29
A20: MINE MAG. STOCK USABLE | C20: =C19 -> 0 | D20: =D19 -> 0 | E20: =E19 -> 89535 | F20: =F19 -> 10761.418 | G20: =G19 -> 97904 | H20: =H19 -> 11384.186 | I20: =I19 -> 0 | J20: =J19 -> 1.6964208e-13 | ... AH20: =AH19 -> 444 | AN20: =10000-AN19 -> 6462.71
A23: Prepared by: | E23: Checked by: | P23: Noted by: | V23: Approved by:
A26: AIHREIN T. BACLAAN | E26: NHOLL GREAL O. LOZADA | P26: ENGR. RAFFY D. TORRES | V26: ENGR. EARL M. SON
A27: Mine Explosives Dept | E27: Mine Explosives Inventory Supervisor | P27: Mine Explosives Manager | V27: Mines Manager

Sheet 01-14-20,2024
A1: PHILSAGA MINING CORPORATION
A2: Bayugan 3,Rosario Agusan del Sur
A4: EXPLOSIVE WEEKLY CONSUMPTION
A5: JANUARY 14-20, 2024
A8: SUPPLIER | C8: MT. ROCK | G8: EXPEDITION | Q8: MT ROCK | R8: MT. ROCK | W8: EXPEDITION | Z8: MT ROCK | AB8: EXPEDITION | AC8: MT. ROCK | AF8: MT ROCK | AG8: MT ROCK | AH8: EXPEDITION
Q9: EXPEDITION | Z9: EXPEDITION | AF9: EXPEDITION
A10: DATE | B10: DESCRIPTION | C10: PACKAGE EMULSION | Q10: Anfo | R10: DETONATORS | AB10: DETONATING CORD
C11: 200 | E11: 208 | G11: 215 | I11: 135 | K11: 150 | M11: 150 | O11: 38 | R11: NONEL | T11: SUPREME | V11: Shockstar | W11: EXEL | Z11: OBC | AA11: EBC | AB11: Cordtex | AC11: Cordtex | AD11: Cordtex | AE11: Cordtex | AF11: S/Fuse | AG11: Billwire | AH11: FUSE
C12: Super Power | E12: Super Power | G12: Senatel/Pulsar | I12: Senatel/Pulsar | K12: Super Power | M12: Magnum | O12: Senatel/Pulsar | R12: 2.4 | S12: 3.6 | T12: 2.4 | U12: 3.6 | V12: 2.4 | W12: 3.6 | X12: 2.4 | Y12: 4.9 | AB12: 5 | AC12: 10 | AD12: 6 | AE12: 40 | AH12: LIGHTER
C13: 31496 | E13: 17457 | G13: 11082 | I13: 21810 | K13: 17362 | M13: 18389 | O13: 21811 | Q13: 10128 | R13: 10962 | S13: 15427 | T13: 16623 | U13: 16967 | V13: 28230 | W13: 10966 | X13: 10965 | Y13: 21809 | Z13: 11966 | AA13: 11089 | AB13: 10960 | AC13: 10961 | AD13: 10839 | AE13: 10959 | AF13: 12487 | AG13: 16823 | AH13: 11342
C14: Pcs | D14: Kls | E14: Pcs | F14: Kls | G14: Pcs | H14: Kls | I14: Pcs | J14: Kls | K14: Pcs | L14: Kls | M14: Pcs | N14: Kls | O14: Pcs | P14: Kls | Q14: Kls | R14: Pcs | S14: Pcs | T14: Pcs | U14: Pcs | V14: Pcs | W14: Pcs | X14: Pcs | Y14: Pcs | Z14: Pcs | AA14: Pcs | AB14: Mtrs | AC14: Mtrs | AD14: Mtrs | AE14: Mtrs | AF14: Mtrs | AG14: Mtrs | AH14: Pcs
A15: 45305 | B15: BEG. BALANCE | C15: ='01-07-13,2024'!C20 -> 0 | D15: ='01-07-13,2024'!D20 -> 0 | E15: ='01-07-13,2024'!E20 -> 89535 | F15: ='01-07-13,2024'!F20 -> 10761.418 | G15: ='01-07-13,2024'!G20 -> 97904 | H15: ='01-07-13,2024'!H20 -> 11384.186 | I15: ='01-07-13,2024'!I20 -> 0 | J15: ='01-07-13,2024'!J20 -> 1.6964208e-13 | ... AH15: ='01-07-13,2024'!AH20 -> 444
B16: Withdrawal of Stock from Main Magazine Mill
B17: TOTAL ON HAND | C17: =C15+C16 -> 0 | D17: =D15+D16 -> 0 | E17: =E15+E16 -> 89535 | F17: =F15+F16 -> 10761.418 | G17: =G15+G16 -> 97904 | H17: =H15+H16 -> 11384.186 | I17: =I15+I16 -> 0 | J17: =J15+J16 -> 1.6964208e-13 | ... AH17: =AH15+AH16 -> 444
B18: Less: Total Weekly Consumption | C18: 0 | D18: =C18/200*25 -> 0 | E18: 6530 | F18: =E18/208*25 -> 784.85577 | G18: 10419 | H18: =G18/215*25 -> 1211.5116 | I18: 0 | J18: =I18/135*25 -> 0 | K18: 0 | L18: =K18/150*25 -> 0 | M18: 0 | N18: =M18/150*25 -> 0 | P18: =O18/38*25 -> 0 | Q18: 5845 | R18: 0 | S18: 0 | T18: 1083 | U18: 0 | V18: 0 | W18: 135 | X18: 7872 | Y18: 0 | Z18: 1164 | AA18: 10 | AB18: 2418 | AC18: 1203 | AF18: =Z18*2.43 -> 2828.52 | AG18: 80 | AH18: 79
A19: 45311 | B19: STOCK BALANCE | C19: =C17-C18 -> 0 | D19: =D17-D18 -> 0 | E19: =E17-E18 -> 83005 | F19: =F17-F18 -> 9976.5625 | G19: =G17-G18 -> 87485 | H19: =H17-H18 -> 10172.674 | I19: =I17-I18 -> 0 | J19: =J17-J18 -> 1.6964208e-13 | ... AH19: =AH17-AH18 -> 365 | AN19: =400+392+2745.29 -> 3537.29
A20: MINE MAG. STOCK USABLE | C20: =C19 -> 0 | D20: =D19 -> 0 | E20: =E19 -> 83005 | F20: =F19 -> 9976.5625 | G20: =G19 -> 87485 | H20: =H19 -> 10172.674 | I20: =I19 -> 0 | J20: =J19 -> 1.6964208e-13 | ... AH20: =AH19 -> 365 | AN20: =10000-AN19 -> 6462.71
A23: Prepared by: | E23: Checked by: | P23: Noted by: | V23: Approved by:
A26: AIHREIN T. BACLAAN | E26: NHOLL GREAL O. LOZADA | P26: ENGR. RAFFY D. TORRES | V26: ENGR. EARL M. SON
A27: Mine Explosives Dept | E27: Mine Explosives Inventory Supervisor | P27: Mine Explosives Manager | V27: Mines Manager

Sheet 1-21-27,2024
A1: PHILSAGA MINING CORPORATION
A2: Bayugan 3,Rosario Agusan del Sur
A4: EXPLOSIVE WEEKLY CONSUMPTION
A5: JANUARY 21-27, 2024
A8: SUPPLIER | C8: MT. ROCK | G8: EXPEDITION | Q8: MT ROCK | R8: MT. ROCK | W8: EXPEDITION | Z8: MT ROCK | AB8: EXPEDITION | AC8: MT. ROCK | AF8: MT ROCK | AG8: MT ROCK | AH8: EXPEDITION
Q9: EXPEDITION | Z9: EXPEDITION | AF9: EXPEDITION
A10: DATE | B10: DESCRIPTION | C10: PACKAGE EMULSION | Q10: Anfo | R10: DETONATORS | AB10: DETONATING CORD
C11: 200 | E11: 208 | G11: 215 | I11: 135 | K11: 150 | M11: 150 | O11: 38 | R11: NONEL | T11: SUPREME | V11: Shockstar | W11: EXEL | Z11: OBC | AA11: EBC | AB11: Cordtex | AC11: Cordtex | AD11: Cordtex | AE11: Cordtex | AF11: S/Fuse | AG11: Billwire | AH11: FUSE
C12: Super Power | E12: Super Power | G12: Senatel/Pulsar | I12: Senatel/Pulsar | K12: Super Power | M12: Magnum | O12: Senatel/Pulsar | R12: 2.4 | S12: 3.6 | T12: 2.4 | U12: 3.6 | V12: 2.4 | W12: 3.6 | X12: 2.4 | Y12: 4.9 | AB12: 5 | AC12: 10 | AD12: 6 | AE12: 40 | AH12: LIGHTER
C13: 31496 | E13: 17457 | G13: 11082 | I13: 21810 | K13: 17362 | M13: 18389 | O13: 21811 | Q13: 10128 | R13: 10962 | S13: 15427 | T13: 16623 | U13: 16967 | V13: 28230 | W13: 10966 | X13: 10965 | Y13: 21809 | Z13: 11966 | AA13: 11089 | AB13: 10960 | AC13: 10961 | AD13: 10839 | AE13: 10959 | AF13: 12487 | AG13: 16823 | AH13: 11342
C14: Pcs | D14: Kls | E14: Pcs | F14: Kls | G14: Pcs | H14: Kls | I14: Pcs | J14: Kls | K14: Pcs | L14: Kls | M14: Pcs | N14: Kls | O14: Pcs | P14: Kls | Q14: Kls | R14: Pcs | S14: Pcs | T14: Pcs | U14: Pcs | V14: Pcs | W14: Pcs | X14: Pcs | Y14: Pcs | Z14: Pcs | AA14: Pcs | AB14: Mtrs | AC14: Mtrs | AD14: Mtrs | AE14: Mtrs | AF14: Mtrs | AG14: Mtrs | AH14: Pcs
A15: 45312 | B15: BEG. BALANCE | C15: ='01-14-20,2024'!C20 -> 0 | D15: ='01-14-20,2024'!D20 -> 0 | E15: ='01-14-20,2024'!E20 -> 83005 | F15: ='01-14-20,2024'!F20 -> 9976.5625 | G15: ='01-14-20,2024'!G20 -> 87485 | H15: ='01-14-20,2024'!H20 -> 10172.674 | I15: ='01-14-20,2024'!I20 -> 0 | J15: ='01-14-20,2024'!J20 -> 1.6964208e-13 | ... AH15: ='01-14-20,2024'!AH20 -> 365
B16: Withdrawal of Stock from Main Magazine Mill | D16: =C16/200*25 -> 0 | E16: =50*208 -> 10400 | F16: =E16/208*25 -> 1250 | G16: =50*215 -> 10750 | H16: =G16/215*25 -> 1250 | I16: 0 | J16: 0 | Q16: =600*25 -> 15000 | T16: 7560 | X16: 7500 | Z16: 2000 | AB16: 900 | AC16: 1000 | AF16: 0
B17: TOTAL ON HAND | C17: =C15+C16 -> 0 | D17: =D15+D16 -> 0 | E17: =E15+E16 -> 93405 | F17: =F15+F16 -> 11226.563 | G17: =G15+G16 -> 98235 | H17: =H15+H16 -> 11422.674 | I17: =I15+I16 -> 0 | J17: =J15+J16 -> 1.6964208e-13 | ... AH17: =AH15+AH16 -> 365
B18: Less: Total Weekly Consumption | C18: 0 | D18: =C18/200*25 -> 0 | E18: 7976 | F18: =E18/208*25 -> 958.65385 | G18: 13261 | H18: =G18/215*25 -> 1541.9767 | I18: 0 | J18: =I18/135*25 -> 0 | K18: 0 | L18: =K18/150*25 -> 0 | M18: 0 | N18: =M18/150*25 -> 0 | P18: =O18/38*25 -> 0 | Q18: 6629 | R18: 0 | S18: 0 | T18: 948 | U18: 0 | V18: 0 | W18: 267 | X18: 9487 | Y18: 0 | Z18: 1286 | AA18: 18 | AB18: 3417 | AC18: 973 | AF18: =Z18*2.43 -> 3124.98 | AH18: 42
A19: 45318 | B19: STOCK BALANCE | C19: =C17-C18 -> 0 | D19: =D17-D18 -> 0 | E19: =E17-E18 -> 85429 | F19: =F17-F18 -> 10267.909 | G19: =G17-G18 -> 84974 | H19: =H17-H18 -> 9880.6977 | I19: =I17-I18 -> 0 | J19: =J17-J18 -> 1.6964208e-13 | ... AH19: =AH17-AH18 -> 323 | AN19: =400+392+2745.29 -> 3537.29
A20: MINE MAG. STOCK USABLE | C20: =C19 -> 0 | D20: =D19 -> 0 | E20: =E19 -> 85429 | F20: =F19 -> 10267.909 | G20: =G19 -> 84974 | H20: =H19 -> 9880.6977 | I20: =I19 -> 0 | J20: =J19 -> 1.6964208e-13 | ... AH20: =AH19 -> 323 | AN20: =10000-AN19 -> 6462.71
A23: Prepared by: | E23: Checked by: | P23: Noted by: | V23: Approved by:
A26: AIHREIN T. BACLAAN | E26: NHOLL GREAL O. LOZADA | P26: ENGR. RAFFY D. TORRES | V26: ENGR. EARL M. SON
A27: Mine Explosives Dept | E27: Mine Explosives Inventory Supervisor | P27: Mine Explosives Manager | V27: Mines Manager

Sheet 1-28-2-3,2024
A1: PHILSAGA MINING CORPORATION
A2: Bayugan 3,Rosario Agusan del Sur
A4: EXPLOSIVE WEEKLY CONSUMPTION
A5: JANUARY 28 - FEBRUARY 3, 2024
A8: SUPPLIER | C8: MT. ROCK | G8: EXPEDITION | Q8: MT ROCK | R8: MT. ROCK | W8: EXPEDITION | Z8: MT ROCK | AB8: EXPEDITION | AC8: MT. ROCK | AF8: MT ROCK | AG8: MT ROCK | AH8: EXPEDITION
Q9: EXPEDITION | Z9: EXPEDITION | AF9: EXPEDITION
A10: DATE | B10: DESCRIPTION | C10: PACKAGE EMULSION | Q10: Anfo | R10: DETONATORS | AB10: DETONATING CORD
C11: 200 | E11: 208 | G11: 215 | I11: 135 | K11: 150 | M11: 150 | O11: 38 | R11: NONEL | T11: SUPREME | V11: Shockstar | W11: EXEL | Z11: OBC | AA11: EBC | AB11: Cordtex | AC11: Cordtex | AD11: Cordtex | AE11: Cordtex | AF11: S/Fuse | AG11: Billwire | AH11: FUSE
C12: Super Power | E12: Super Power | G12: Senatel/Pulsar | I12: Senatel/Pulsar | K12: Super Power | M12: Magnum | O12: Senatel/Pulsar | R12: 2.4 | S12: 3.6 | T12: 2.4 | U12: 3.6 | V12: 2.4 | W12: 3.6 | X12: 2.4 | Y12: 4.9 | AB12: 5 | AC12: 10 | AD12: 6 | AE12: 40 | AH12: LIGHTER
C13: 31496 | E13: 17457 | G13: 11082 | I13: 21810 | K13: 17362 | M13: 18389 | O13: 21811 | Q13: 10128 | R13: 10962 | S13: 15427 | T13: 16623 | U13: 16967 | V13: 28230 | W13: 10966 | X13: 10965 | Y13: 21809 | Z13: 11966 | AA13: 11089 | AB13: 10960 | AC13: 10961 | AD13: 10839 | AE13: 10959 | AF13: 12487 | AG13: 16823 | AH13: 11342
C14: Pcs | D14: Kls | E14: Pcs | F14: Kls | G14: Pcs | H14: Kls | I14: Pcs | J14: Kls | K14: Pcs | L14: Kls | M14: Pcs | N14: Kls | O14: Pcs | P14: Kls | Q14: Kls | R14: Pcs | S14: Pcs | T14: Pcs | U14: Pcs | V14: Pcs | W14: Pcs | X14: Pcs | Y14: Pcs | Z14: Pcs | AA14: Pcs | AB14: Mtrs | AC14: Mtrs | AD14: Mtrs | AE14: Mtrs | AF14: Mtrs | AG14: Mtrs | AH14: Pcs
A15: 45319 | B15: BEG. BALANCE | C15: ='1-21-27,2024'!C20 -> 0 | D15: ='1-21-27,2024'!D20 -> 0 | E15: ='1-21-27,2024'!E20 -> 85429 | F15: ='1-21-27,2024'!F20 -> 10267.909 | G15: ='1-21-27,2024'!G20 -> 84974 | H15: ='1-21-27,2024'!H20 -> 9880.6977 | I15: ='1-21-27,2024'!I20 -> 0 | J15: ='1-21-27,2024'!J20 -> 1.6964208e-13 | ... AH15: ='1-21-27,2024'!AH20 -> 323
B16: Withdrawal of Stock from Main Magazine Mill
B17: TOTAL ON HAND | C17: =C15+C16 -> 0 | D17: =D15+D16 -> 0 | E17: =E15+E16 -> 85429 | F17: =F15+F16 -> 10267.909 | G17: =G15+G16 -> 84974 | H17: =H15+H16 -> 9880.6977 | I17: =I15+I16 -> 0 | J17: =J15+J16 -> 1.6964208e-13 | ... AH17: =AH15+AH16 -> 323
B18: Less: Total Weekly Consumption | C18: 0 | D18: =C18/200*25 -> 0 | E18: 10106 | F18: =E18/208*25 -> 1214.6635 | G18: 8538 | H18: =G18/215*25 -> 992.7907 | I18: 0 | J18: =I18/135*25 -> 0 | K18: 0 | L18: =K18/150*25 -> 0 | M18: 0 | N18: =M18/150*25 -> 0 | P18: =O18/38*25 -> 0 | Q18: 5941 | R18: 0 | S18: 0 | T18: 878 | U18: 0 | V18: 0 | W18: 129 | X18: 8498 | Z18: 1246 | AA18: 18 | AB18: 3183 | AC18: 920 | AF18: =Z18*2.43 -> 3027.78 | AH18: 17
A19: 45325 | B19: STOCK BALANCE | C19: =C17-C18 -> 0 | D19: =D17-D18 -> 0 | E19: =E17-E18 -> 75323 | F19: =F17-F18 -> 9053.2452 | G19: =G17-G18 -> 76436 | H19: =H17-H18 -> 8887.907 | I19: =I17-I18 -> 0 | J19: =J17-J18 -> 1.6964208e-13 | ... AH19: =AH17-AH18 -> 306 | AN19: =400+392+2745.29 -> 3537.29
A20: MINE MAG. STOCK USABLE | C20: =C19 -> 0 | D20: =D19 -> 0 | E20: =E19 -> 75323 | F20: =F19 -> 9053.2452 | G20: =G19 -> 76436 | H20: =H19 -> 8887.907 | I20: =I19 -> 0 | J20: =J19 -> 1.6964208e-13 | ... AH20: =AH19 -> 306 | AN20: =10000-AN19 -> 6462.71
A23: Prepared by: | E23: Checked by: | P23: Noted by: | V23: Approved by:
A26: AIHREIN T. BACLAAN | E26: NHOLL GREAL O. LOZADA | P26: ENGR. EDWIN B. BATAL | V26: ENGR. EARL M. SON
A27: Mine Explosives Dept | E27: Mine Explosives Inventory Supervisor | P27: Mine Explosives Asst. Manager | V27: Mines Manager

Sheet 2-4-10,2024
A1: PHILSAGA MINING CORPORATION
A2: Bayugan 3,Rosario Agusan del Sur
A4: EXPLOSIVE WEEKLY CONSUMPTION
A5: FEBRUARY 4-10, 2024
A8: SUPPLIER | C8: MT. ROCK | G8: EXPEDITION | Q8: MT ROCK | R8: MT. ROCK | W8: EXPEDITION | Z8: MT ROCK | AB8: EXPEDITION | AC8: MT. ROCK | AF8: MT ROCK | AG8: MT ROCK | AH8: EXPEDITION
Q9: EXPEDITION | Z9: EXPEDITION | AF9: EXPEDITION
A10: DATE | B10: DESCRIPTION | C10: PACKAGE EMULSION | Q10: Anfo | R10: DETONATORS | AB10: DETONATING CORD
C11: 200 | E11: 208 | G11: 215 | I11: 135 | K11: 150 | M11: 150 | O11: 38 | R11: NONEL | T11: SUPREME | V11: Shockstar | W11: EXEL | Z11: OBC | AA11: EBC | AB11: Cordtex | AC11: Cordtex | AD11: Cordtex | AE11: Cordtex | AF11: S/Fuse | AG11: Billwire | AH11: FUSE
C12: Super Power | E12: Super Power | G12: Senatel/Pulsar | I12: Senatel/Pulsar | K12: Super Power | M12: Magnum | O12: Senatel/Pulsar | R12: 2.4 | S12: 3.6 | T12: 2.4 | U12: 3.6 | V12: 2.4 | W12: 3.6 | X12: 2.4 | Y12: 4.9 | AB12: 5 | AC12: 10 | AD12: 6 | AE12: 40 | AH12: LIGHTER
C13: 31496 | E13: 17457 | G13: 11082 | I13: 21810 | K13: 17362 | M13: 18389 | O13: 21811 | Q13: 10128 | R13: 10962 | S13: 15427 | T13: 16623 | U13: 16967 | V13: 28230 | W13: 10966 | X13: 10965 | Y13: 21809 | Z13: 11966 | AA13: 11089 | AB13: 10960 | AC13: 10961 | AD13: 10839 | AE13: 10959 | AF13: 12487 | AG13: 16823 | AH13: 11342
C14: Pcs | D14: Kls | E14: Pcs | F14: Kls | G14: Pcs | H14: Kls | I14: Pcs | J14: Kls | K14: Pcs | L14: Kls | M14: Pcs | N14: Kls | O14: Pcs | P14: Kls | Q14: Kls | R14: Pcs | S14: Pcs | T14: Pcs | U14: Pcs | V14: Pcs | W14: Pcs | X14: Pcs | Y14: Pcs | Z14: Pcs | AA14: Pcs | AB14: Mtrs | AC14: Mtrs | AD14: Mtrs | AE14: Mtrs | AF14: Mtrs | AG14: Mtrs | AH14: Pcs
A15: 45326 | B15: BEG. BALANCE | C15: ='1-28-2-3,2024'!C20 -> 0 | D15: ='1-28-2-3,2024'!D20 -> 0 | E15: ='1-28-2-3,2024'!E20 -> 75323 | F15: ='1-28-2-3,2024'!F20 -> 9053.2452 | G15: ='1-28-2-3,2024'!G20 -> 76436 | H15: ='1-28-2-3,2024'!H20 -> 8887.907 | I15: ='1-28-2-3,2024'!I20 -> 0 | J15: ='1-28-2-3,2024'!J20 -> 1.6964208e-13 | ... AH15: ='1-28-2-3,2024'!AH20 -> 306
B16: Withdrawal of Stock from Main Magazine Mill
B17: TOTAL ON HAND | C17: =C15+C16 -> 0 | D17: =D15+D16 -> 0 | E17: =E15+E16 -> 75323 | F17: =F15+F16 -> 9053.2452 | G17: =G15+G16 -> 76436 | H17: =H15+H16 -> 8887.907 | I17: =I15+I16 -> 0 | J17: =J15+J16 -> 1.6964208e-13 | ... AH17: =AH15+AH16 -> 306
B18: Less: Total Weekly Consumption | C18: 0 | D18: =C18/200*25 -> 0 | E18: 11631 | F18: =E18/208*25 -> 1397.9567 | G18: 7661 | H18: =G18/215*25 -> 890.81395 | I18: 0 | J18: =I18/135*25 -> 0 | K18: 0 | L18: =K18/150*25 -> 0 | M18: 0 | N18: =M18/150*25 -> 0 | P18: =O18/38*25 -> 0 | Q18: 6142 | R18: 0 | S18: 0 | T18: 757 | U18: 0 | V18: 0 | W18: 143 | X18: 8928 | Z18: 1221 | AA18: 16 | AB18: 1892 | AC18: 2293 | AF18: =Z18*2.43 -> 2967.03 | AH18: 8
A19: 45332 | B19: STOCK BALANCE | C19: =C17-C18 -> 0 | D19: =D17-D18 -> 0 | E19: =E17-E18 -> 63692 | F19: =F17-F18 -> 7655.2885 | G19: =G17-G18 -> 68775 | H19: =H17-H18 -> 7997.093 | I19: =I17-I18 -> 0 | J19: =J17-J18 -> 1.6964208e-13 | ... AH19: =AH17-AH18 -> 298 | AN19: =400+392+2745.29 -> 3537.29
A20: MINE MAG. STOCK USABLE | C20: =C19 -> 0 | D20: =D19 -> 0 | E20: =E19 -> 63692 | F20: =F19 -> 7655.2885 | G20: =G19 -> 68775 | H20: =H19 -> 7997.093 | I20: =I19 -> 0 | J20: =J19 -> 1.6964208e-13 | ... AH20: =AH19 -> 298 | AN20: =10000-AN19 -> 6462.71
A23: Prepared by: | E23: Checked by: | P23: Noted by: | V23: Approved by:
A26: AIHREIN T. BACLAAN | E26: NHOLL GREAL O. LOZADA | P26: ENGR. RAFFY D. TORRES | V26: ENGR. EARL M. SON
A27: Mine Explosives Dept | E27: Mine Explosives Inventory Supervisor | P27: Mine Explosives Manager | V27: Mines Manager

Sheet 2-11-17,2024
A1: PHILSAGA MINING CORPORATION
A2: Bayugan 3,Rosario Agusan del Sur
A4: EXPLOSIVE WEEKLY CONSUMPTION
A5: FEBRUARY 11-17, 2024
A8: SUPPLIER | C8: MT. ROCK | G8: EXPEDITION | Q8: MT ROCK | R8: MT. ROCK | W8: EXPEDITION | Z8: MT ROCK | AB8: EXPEDITION | AC8: MT. ROCK | AF8: MT ROCK | AG8: MT ROCK | AH8: EXPEDITION
Q9: EXPEDITION | Z9: EXPEDITION | AF9: EXPEDITION
A10: DATE | B10: DESCRIPTION | C10: PACKAGE EMULSION | Q10: Anfo | R10: DETONATORS | AB10: DETONATING CORD
C11: 200 | E11: 208 | G11: 215 | I11: 135 | K11: 150 | M11: 150 | O11: 38 | R11: NONEL | T11: SUPREME | V11: Shockstar | W11: EXEL | Z11: OBC | AA11: EBC | AB11: Cordtex | AC11: Cordtex | AD11: Cordtex | AE11: Cordtex | AF11: S/Fuse | AG11: Billwire | AH11: FUSE
C12: Super Power | E12: Super Power | G12: Senatel/Pulsar | I12: Senatel/Pulsar | K12: Super Power | M12: Magnum | O12: Senatel/Pulsar | R12: 2.4 | S12: 3.6 | T12: 2.4 | U12: 3.6 | V12: 2.4 | W12: 3.6 | X12: 2.4 | Y12: 4.9 | AB12: 5 | AC12: 10 | AD12: 6 | AE12: 40 | AH12: LIGHTER
C13: 31496 | E13: 17457 | G13: 11082 | I13: 21810 | K13: 17362 | M13: 18389 | O13: 21811 | Q13: 10128 | R13: 10962 | S13: 15427 | T13: 16623 | U13: 16967 | V13: 28230 | W13: 10966 | X13: 10965 | Y13: 21809 | Z13: 11966 | AA13: 11089 | AB13: 10960 | AC13: 10961 | AD13: 10839 | AE13: 10959 | AF13: 12487 | AG13: 16823 | AH13: 11342
C14: Pcs | D14: Kls | E14: Pcs | F14: Kls | G14: Pcs | H14: Kls | I14: Pcs | J14: Kls | K14: Pcs | L14: Kls | M14: Pcs | N14: Kls | O14: Pcs | P14: Kls | Q14: Kls | R14: Pcs | S14: Pcs | T14: Pcs | U14: Pcs | V14: Pcs | W14: Pcs | X14: Pcs | Y14: Pcs | Z14: Pcs | AA14: Pcs | AB14: Mtrs | AC14: Mtrs | AD14: Mtrs | AE14: Mtrs | AF14: Mtrs | AG14: Mtrs | AH14: Pcs
A15: 45333 | B15: BEG. BALANCE | C15: ='2-4-10,2024'!C20 -> 0 | D15: ='2-4-10,2024'!D20 -> 0 | E15: ='2-4-10,2024'!E20 -> 63692 | F15: ='2-4-10,2024'!F20 -> 7655.2885 | G15: ='2-4-10,2024'!G20 -> 68775 | H15: ='2-4-10,2024'!H20 -> 7997.093 | I15: ='2-4-10,2024'!I20 -> 0 | J15: ='2-4-10,2024'!J20 -> 1.6964208e-13 | ... AH15: ='2-4-10,2024'!AH20 -> 298
B16: Withdrawal of Stock from Main Magazine Mill | D16: =C16/200*25 -> 0 | E16: =50*208 -> 10400 | F16: =E16/208*25 -> 1250 | G16: =50*215 -> 10750 | H16: =G16/215*25 -> 1250 | I16: 0 | J16: 0 | Q16: =600*25 -> 15000 | T16: 10800 | X16: 15500 | Z16: 2000 | AA16: 100 | AB16: 5400 | AC16: 6000 | AF16: 0 | AG16: 600 | AH16: 200
B17: TOTAL ON HAND | C17: =C15+C16 -> 0 | D17: =D15+D16 -> 0 | E17: =E15+E16 -> 74092 | F17: =F15+F16 -> 8905.2885 | G17: =G15+G16 -> 79525 | H17: =H15+H16 -> 9247.093 | I17: =I15+I16 -> 0 | J17: =J15+J16 -> 1.6964208e-13 | ... AH17: =AH15+AH16 -> 498
B18: Less: Total Weekly Consumption | C18: 0 | D18: =C18/200*25 -> 0 | E18: 12008 | F18: =E18/208*25 -> 1443.2692 | G18: 7898 | H18: =G18/215*25 -> 918.37209 | I18: 0 | J18: =I18/135*25 -> 0 | K18: 0 | L18: =K18/150*25 -> 0 | M18: 0 | N18: =M18/150*25 -> 0 | P18: =O18/38*25 -> 0 | Q18: 6028 | R18: 0 | S18: 0 | T18: 911 | U18: 0 | V18: 0 | W18: 82 | X18: 8828 | Y18: 0 | Z18: 1205 | AA18: 12 | AB18: 2100 | AC18: 2023 | AE18: 0 | AF18: =Z18*2.43 -> 2928.15 | AG18: 0 | AH18: 22
A19: 45339 | B19: STOCK BALANCE | C19: =C17-C18 -> 0 | D19: =D17-D18 -> 0 | E19: =E17-E18 -> 62084 | F19: =F17-F18 -> 7462.0192 | G19: =G17-G18 -> 71627 | H19: =H17-H18 -> 8328.7209 | I19: =I17-I18 -> 0 | J19: =J17-J18 -> 1.6964208e-13 | ... AH19: =AH17-AH18 -> 476 | AN19: =400+392+2745.29 -> 3537.29
A20: MINE MAG. STOCK USABLE | C20: =C19 -> 0 | D20: =D19 -> 0 | E20: =E19 -> 62084 | F20: =F19 -> 7462.0192 | G20: =G19 -> 71627 | H20: =H19 -> 8328.7209 | I20: =I19 -> 0 | J20: =J19 -> 1.6964208e-13 | ... AH20: =AH19 -> 476 | AN20: =10000-AN19 -> 6462.71
A23: Prepared by: | E23: Checked by: | P23: Noted by: | V23: Approved by:
A26: AIHREIN T. BACLAAN | E26: NHOLL GREAL O. LOZADA | P26: ENGR. RAFFY D. TORRES | V26: ENGR. EARL M. SON
A27: Mine Explosives Dept | E27: Mine Explosives Inventory Supervisor | P27: Mine Explosives Manager | V27: Mines Manager

Sheet 2-18-24,2024
A1: PHILSAGA MINING CORPORATION
A2: Bayugan 3,Rosario Agusan del Sur
A4: EXPLOSIVE WEEKLY CONSUMPTION
A5: FEBRUARY 18-24, 2024
A8: SUPPLIER | C8: MT. ROCK | G8: EXPEDITION | Q8: MT ROCK | R8: MT. ROCK | W8: EXPEDITION | Z8: MT ROCK | AB8: EXPEDITION | AC8: MT. ROCK | AF8: MT ROCK | AG8: MT ROCK | AH8: EXPEDITION
Q9: EXPEDITION | Z9: EXPEDITION | AF9: EXPEDITION
A10: DATE | B10: DESCRIPTION | C10: PACKAGE EMULSION | Q10: Anfo | R10: DETONATORS | AB10: DETONATING CORD
C11: 200 | E11: 208 | G11: 215 | I11: 135 | K11: 150 | M11: 150 | O11: 38 | R11: NONEL | T11: SUPREME | V11: Shockstar | W11: EXEL | Z11: OBC | AA11: EBC | AB11: Cordtex | AC11: Cordtex | AD11: Cordtex | AE11: Cordtex | AF11: S/Fuse | AG11: Billwire | AH11: FUSE
C12: Super Power | E12: Super Power | G12: Senatel/Pulsar | I12: Senatel/Pulsar | K12: Super Power | M12: Magnum | O12: Senatel/Pulsar | R12: 2.4 | S12: 3.6 | T12: 2.4 | U12: 3.6 | V12: 2.4 | W12: 3.6 | X12: 2.4 | Y12: 4.9 | AB12: 5 | AC12: 10 | AD12: 6 | AE12: 40 | AH12: LIGHTER
C13: 31496 | E13: 17457 | G13: 11082 | I13: 21810 | K13: 17362 | M13: 18389 | O13: 21811 | Q13: 10128 | R13: 10962 | S13: 15427 | T13: 16623 | U13: 16967 | V13: 28230 | W13: 10966 | X13: 10965 | Y13: 21809 | Z13: 11966 | AA13: 11089 | AB13: 10960 | AC13: 10961 | AD13: 10839 | AE13: 10959 | AF13: 12487 | AG13: 16823 | AH13: 11342
C14: Pcs | D14: Kls | E14: Pcs | F14: Kls | G14: Pcs | H14: Kls | I14: Pcs | J14: Kls | K14: Pcs | L14: Kls | M14: Pcs | N14: Kls | O14: Pcs | P14: Kls | Q14: Kls | R14: Pcs | S14: Pcs | T14: Pcs | U14: Pcs | V14: Pcs | W14: Pcs | X14: Pcs | Y14: Pcs | Z14: Pcs | AA14: Pcs | AB14: Mtrs | AC14: Mtrs | AD14: Mtrs | AE14: Mtrs | AF14: Mtrs | AG14: Mtrs | AH14: Pcs
A15: 45340 | B15: BEG. BALANCE | C15: ='2-11-17,2024'!C20 -> 0 | D15: ='2-11-17,2024'!D20 -> 0 | E15: ='2-11-17,2024'!E20 -> 62084 | F15: ='2-11-17,2024'!F20 -> 7462.0192 | G15: ='2-11-17,2024'!G20 -> 71627 | H15: ='2-11-17,2024'!H20 -> 8328.7209 | I15: ='2-11-17,2024'!I20 -> 0 | J15: ='2-11-17,2024'!J20 -> 1.6964208e-13 | ... AH15: ='2-11-17,2024'!AH20 -> 476
B16: Withdrawal of Stock from Main Magazine Mill | D16: =C16/200*25 -> 0 | E16: =50*208 -> 10400 | F16: =E16/208*25 -> 1250 | G16: =50*215 -> 10750 | H16: =G16/215*25 -> 1250 | I16: 0 | J16: 0 | Q16: =600*25 -> 15000 | T16: 5040 | X16: 8000 | Z16: 5000 | AB16: 4500 | AC16: 4000 | AF16: 0
B17: TOTAL ON HAND | C17: =C15+C16 -> 0 | D17: =D15+D16 -> 0 | E17: =E15+E16 -> 72484 | F17: =F15+F16 -> 8712.0192 | G17: =G15+G16 -> 82377 | H17: =H15+H16 -> 9578.7209 | I17: =I15+I16 -> 0 | J17: =J15+J16 -> 1.6964208e-13 | ... AH17: =AH15+AH16 -> 476
B18: Less: Total Weekly Consumption | C18: 0 | D18: =C18/200*25 -> 0 | E18: 10901 | F18: =E18/208*25 -> 1310.2163 | G18: 9620 | H18: =G18/215*25 -> 1118.6047 | I18: 0 | J18: =I18/135*25 -> 0 | K18: 0 | L18: =K18/150*25 -> 0 | M18: 0 | N18: =M18/150*25 -> 0 | P18: =O18/38*25 -> 0 | Q18: 5789 | R18: 0 | S18: 0 | T18: 1714 | U18: 0 | V18: 0 | W18: 212 | X18: 7645 | Y18: 0 | Z18: 1300 | AA18: 28 | AB18: 3032 | AC18: 881 | AF18: =Z18*2.43 -> 3159 | AG18: 0 | AH18: 18
A19: 45346 | B19: STOCK BALANCE | C19: =C17-C18 -> 0 | D19: =D17-D18 -> 0 | E19: =E17-E18 -> 61583 | F19: =F17-F18 -> 7401.8029 | G19: =G17-G18 -> 72757 | H19: =H17-H18 -> 8460.1163 | I19: =I17-I18 -> 0 | J19: =J17-J18 -> 1.6964208e-13 | ... AH19: =AH17-AH18 -> 458 | AN19: =400+392+2745.29 -> 3537.29
A20: MINE MAG. STOCK USABLE | C20: =C19 -> 0 | D20: =D19 -> 0 | E20: =E19 -> 61583 | F20: =F19 -> 7401.8029 | G20: =G19 -> 72757 | H20: =H19 -> 8460.1163 | I20: =I19 -> 0 | J20: =J19 -> 1.6964208e-13 | ... AH20: =AH19 -> 458 | AN20: =10000-AN19 -> 6462.71
A23: Prepared by: | E23: Checked by: | P23: Noted by: | V23: Approved by:
A26: AIHREIN T. BACLAAN | E26: NHOLL GREAL O. LOZADA | P26: ENGR. RAFFY D. TORRES | V26: ENGR. EARL M. SON
A27: Mine Explosives Dept | E27: Mine Explosives Inventory Supervisor | P27: Mine Explosives Manager | V27: Mines Manager

Sheet 2-25-3-2,2024
A1: PHILSAGA MINING CORPORATION
A2: Bayugan 3,Rosario Agusan del Sur
A4: EXPLOSIVE WEEKLY CONSUMPTION
A5: FEBRUARY 25 - MARCH 2, 2024
A8: SUPPLIER | C8: MT. ROCK | G8: EXPEDITION | Q8: MT ROCK | R8: MT. ROCK | W8: EXPEDITION | Z8: MT ROCK | AB8: EXPEDITION | AC8: MT. ROCK | AF8: MT ROCK | AG8: MT ROCK | AH8: EXPEDITION
Q9: EXPEDITION | Z9: EXPEDITION | AF9: EXPEDITION
A10: DATE | B10: DESCRIPTION | C10: PACKAGE EMULSION | Q10: Anfo | R10: DETONATORS | AB10: DETONATING CORD
C11: 200 | E11: 208 | G11: 215 | I11: 135 | K11: 150 | M11: 150 | O11: 38 | R11: NONEL | T11: SUPREME | V11: Shockstar | W11: EXEL | Z11: OBC | AA11: EBC | AB11: Cordtex | AC11: Cordtex | AD11: Cordtex | AE11: Cordtex | AF11: S/Fuse | AG11: Billwire | AH11: FUSE
C12: Super Power | E12: Super Power | G12: Senatel/Pulsar | I12: Senatel/Pulsar | K12: Super Power | M12: Magnum | O12: Senatel/Pulsar | R12: 2.4 | S12: 3.6 | T12: 2.4 | U12: 3.6 | V12: 2.4 | W12: 3.6 | X12: 2.4 | Y12: 4.9 | AB12: 5 | AC12: 10 | AD12: 6 | AE12: 40 | AH12: LIGHTER
C13: 31496 | E13: 17457 | G13: 11082 | I13: 21810 | K13: 17362 | M13: 18389 | O13: 21811 | Q13: 10128 | R13: 10962 | S13: 15427 | T13: 16623 | U13: 16967 | V13: 28230 | W13: 10966 | X13: 10965 | Y13: 21809 | Z13: 11966 | AA13: 11089 | AB13: 10960 | AC13: 10961 | AD13: 10839 | AE13: 10959 | AF13: 12487 | AG13: 16823 | AH13: 11342
C14: Pcs | D14: Kls | E14: Pcs | F14: Kls | G14: Pcs | H14: Kls | I14: Pcs | J14: Kls | K14: Pcs | L14: Kls | M14: Pcs | N14: Kls | O14: Pcs | P14: Kls | Q14: Kls | R14: Pcs | S14: Pcs | T14: Pcs | U14: Pcs | V14: Pcs | W14: Pcs | X14: Pcs | Y14: Pcs | Z14: Pcs | AA14: Pcs | AB14: Mtrs | AC14: Mtrs | AD14: Mtrs | AE14: Mtrs | AF14: Mtrs | AG14: Mtrs | AH14: Pcs
A15: 45347 | B15: BEG. BALANCE | C15: ='2-18-24,2024'!C20 -> 0 | D15: ='2-18-24,2024'!D20 -> 0 | E15: ='2-18-24,2024'!E20 -> 61583 | F15: ='2-18-24,2024'!F20 -> 7401.8029 | G15: ='2-18-24,2024'!G20 -> 72757 | H15: ='2-18-24,2024'!H20 -> 8460.1163 | I15: ='2-18-24,2024'!I20 -> 0 | J15: ='2-18-24,2024'!J20 -> 1.6964208e-13 | ... AH15: ='2-18-24,2024'!AH20 -> 458
B16: Withdrawal of Stock from Main Magazine Mill
B17: TOTAL ON HAND | C17: =C15+C16 -> 0 | D17: =D15+D16 -> 0 | E17: =E15+E16 -> 61583 | F17: =F15+F16 -> 7401.8029 | G17: =G15+G16 -> 72757 | H17: =H15+H16 -> 8460.1163 | I17: =I15+I16 -> 0 | J17: =J15+J16 -> 1.6964208e-13 | ... AH17: =AH15+AH16 -> 458
B18: Less: Total Weekly Consumption | C18: 0 | D18: =C18/200*25 -> 0 | E18: 9154 | F18: =E18/208*25 -> 1100.2404 | G18: 12408 | H18: =G18/215*25 -> 1442.7907 | I18: 0 | J18: =I18/135*25 -> 0 | K18: 0 | L18: =K18/150*25 -> 0 | M18: 0 | N18: =M18/150*25 -> 0 | P18: =O18/38*25 -> 0 | Q18: 6260 | R18: 0 | S18: 0 | T18: 2169 | U18: 0 | V18: 0 | W18: 115 | X18: 7986 | Y18: 0 | Z18: 1295 | AA18: 34 | AB18: 3384 | AC18: 993 | AE18: 0 | AF18: =Z18*2.43 -> 3146.85 | AG18: 0 | AH18: 15
A19: 45353 | B19: STOCK BALANCE | C19: =C17-C18 -> 0 | D19: =D17-D18 -> 0 | E19: =E17-E18 -> 52429 | F19: =F17-F18 -> 6301.5625 | G19: =G17-G18 -> 60349 | H19: =H17-H18 -> 7017.3256 | I19: =I17-I18 -> 0 | J19: =J17-J18 -> 1.6964208e-13 | ... AH19: =AH17-AH18 -> 443 | AN19: =400+392+2745.29 -> 3537.29
A20: MINE MAG. STOCK USABLE | C20: =C19 -> 0 | D20: =D19 -> 0 | E20: =E19 -> 52429 | F20: =F19 -> 6301.5625 | G20: =G19 -> 60349 | H20: =H19 -> 7017.3256 | I20: =I19 -> 0 | J20: =J19 -> 1.6964208e-13 | ... AH20: =AH19 -> 443 | AN20: =10000-AN19 -> 6462.71
A23: Prepared by: | F23: Checked by: | Q23: Noted by: | W23: Approved by:
A26: AIHREIN T. BACLAAN | F26: NHOLL GREAL O. LOZADA | Q26: ENGR. EDWIN B. BATAL | W26: ENGR. EARL M. SON
A27: Mine Explosives Dept | F27: Mine Explosives Inventory Supervisor | Q27: Mine Explosives Asst. Manager | W27: Mines Manager

Sheet 3-3-9,2024
A1: PHILSAGA MINING CORPORATION
A2: Bayugan 3,Rosario Agusan del Sur
A4: EXPLOSIVE WEEKLY CONSUMPTION
A5: MARCH 3-9, 2024
A8: SUPPLIER | C8: MT. ROCK | G8: EXPEDITION | Q8: MT ROCK | R8: MT. ROCK | W8: EXPEDITION | Z8: MT ROCK | AB8: EXPEDITION | AC8: MT. ROCK | AF8: MT ROCK | AG8: MT ROCK | AH8: EXPEDITION
Q9: EXPEDITION | Z9: EXPEDITION | AF9: EXPEDITION
A10: DATE | B10: DESCRIPTION | C10: PACKAGE EMULSION | Q10: Anfo | R10: DETONATORS | AB10: DETONATING CORD
C11: 200 | E11: 208 | G11: 215 | I11: 135 | K11: 150 | M11: 150 | O11: 38 | R11: NONEL | T11: SUPREME | V11: Shockstar | W11: EXEL | Z11: OBC | AA11: EBC | AB11: Cordtex | AC11: Cordtex | AD11: Cordtex | AE11: Cordtex | AF11: S/Fuse | AG11: Billwire | AH11: FUSE
C12: Super Power | E12: Super Power | G12: Senatel/Pulsar | I12: Senatel/Pulsar | K12: Super Power | M12: Magnum | O12: Senatel/Pulsar | R12: 2.4 | S12: 3.6 | T12: 2.4 | U12: 3.6 | V12: 2.4 | W12: 3.6 | X12: 2.4 | Y12: 4.9 | AB12: 5 | AC12: 10 | AD12: 6 | AE12: 40 | AH12: LIGHTER
C13: 31496 | E13: 17457 | G13: 11082 | I13: 21810 | K13: 17362 | M13: 18389 | O13: 21811 | Q13: 10128 | R13: 10962 | S13: 15427 | T13: 16623 | U13: 16967 | V13: 28230 | W13: 10966 | X13: 10965 | Y13: 21809 | Z13: 11966 | AA13: 11089 | AB13: 10960 | AC13: 10961 | AD13: 10839 | AE13: 10959 | AF13: 12487 | AG13: 16823 | AH13: 11342
C14: Pcs | D14: Kls | E14: Pcs | F14: Kls | G14: Pcs | H14: Kls | I14: Pcs | J14: Kls | K14: Pcs | L14: Kls | M14: Pcs | N14: Kls | O14: Pcs | P14: Kls | Q14: Kls | R14: Pcs | S14: Pcs | T14: Pcs | U14: Pcs | V14: Pcs | W14: Pcs | X14: Pcs | Y14: Pcs | Z14: Pcs | AA14: Pcs | AB14: Mtrs | AC14: Mtrs | AD14: Mtrs | AE14: Mtrs | AF14: Mtrs | AG14: Mtrs | AH14: Pcs
A15: 45354 | B15: BEG. BALANCE | C15: ='2-18-24,2024'!C20 -> 0 | D15: ='2-18-24,2024'!D20 -> 0 | E15: ='2-25-3-2,2024'!E20 -> 52429 | F15: ='2-25-3-2,2024'!F20 -> 6301.5625 | G15: ='2-25-3-2,2024'!G20 -> 60349 | H15: ='2-25-3-2,2024'!H20 -> 7017.3256 | I15: ='2-25-3-2,2024'!I20 -> 0 | J15: ='2-25-3-2,2024'!J20 -> 1.6964208e-13 | K15: ='2-25-3-2,2024'!K20 -> 0 | L15: ='2-25-3-2,2024'!L20 -> 0 | ... AH15: ='2-25-3-2,2024'!AH20 -> 443
B16: Withdrawal of Stock from Main Magazine Mill
B17: TOTAL ON HAND | C17: =C15+C16 -> 0 | D17: =D15+D16 -> 0 | E17: =E15+E16 -> 52429 | F17: =F15+F16 -> 6301.5625 | G17: =G15+G16 -> 60349 | H17: =H15+H16 -> 7017.3256 | I17: =I15+I16 -> 0 | J17: =J15+J16 -> 1.6964208e-13 | ... AH17: =AH15+AH16 -> 443
B18: Less: Total Weekly Consumption | C18: 0 | D18: =C18/200*25 -> 0 | E18: 4498 | F18: =E18/208*25 -> 540.625 | G18: 14099 | H18: =G18/215*25 -> 1639.4186 | I18: 0 | J18: =I18/135*25 -> 0 | K18: 0 | L18: =K18/150*25 -> 0 | M18: 0 | N18: =M18/150*25 -> 0 | P18: =O18/38*25 -> 0 | Q18: 4981 | R18: 0 | S18: 0 | T18: 1988 | U18: 0 | V18: 0 | W18: 117 | X18: 6260 | Y18: 11 | Z18: 1094 | AA18: 30 | AB18: 2672 | AC18: 743 | AE18: 0 | AF18: =Z18*2.43 -> 2658.42 | AG18: 0 | AH18: 4
A19: 45360 | B19: STOCK BALANCE | C19: =C17-C18 -> 0 | D19: =D17-D18 -> 0 | E19: =E17-E18 -> 47931 | F19: =F17-F18 -> 5760.9375 | G19: =G17-G18 -> 46250 | H19: =H17-H18 -> 5377.907 | I19: =I17-I18 -> 0 | J19: =J17-J18 -> 1.6964208e-13 | ... AH19: =AH17-AH18 -> 439 | AN19: =400+392+2745.29 -> 3537.29
A20: MINE MAG. STOCK USABLE | C20: =C19 -> 0 | D20: =D19 -> 0 | E20: =E19 -> 47931 | F20: =F19 -> 5760.9375 | G20: =G19 -> 46250 | H20: =H19 -> 5377.907 | I20: =I19 -> 0 | J20: =J19 -> 1.6964208e-13 | ... AH20: =AH19 -> 439 | AN20: =10000-AN19 -> 6462.71
A23: Prepared by: | F23: Checked by: | Q23: Noted by: | W23: Approved by:
A26: AIHREIN T. BACLAAN | F26: NHOLL GREAL O. LOZADA | Q26: ENGR. EDWIN B. BATAL | W26: ENGR. EARL M. SON
A27: Mine Explosives Dept | F27: Mine Explosives Inventory Supervisor | Q27: Mine Explosives Asst. Manager | W27: Mines Manager

Sheet 3-10-16,2024
A1: PHILSAGA MINING CORPORATION
A2: Bayugan 3,Rosario Agusan del Sur
A4: EXPLOSIVE WEEKLY CONSUMPTION
A5: MARCH 10-16, 2024
A8: SUPPLIER | C8: MT. ROCK | G8: EXPEDITION | Q8: MT ROCK | R8: MT. ROCK | W8: EXPEDITION | Z8: MT ROCK | AB8: EXPEDITION | AC8: MT. ROCK | AF8: MT ROCK | AG8: MT ROCK | AH8: EXPEDITION
Q9: EXPEDITION | Z9: EXPEDITION | AF9: EXPEDITION
A10: DATE | B10: DESCRIPTION | C10: PACKAGE EMULSION | Q10: Anfo | R10: DETONATORS | AB10: DETONATING CORD
C11: 200 | E11: 208 | G11: 215 | I11: 135 | K11: 150 | M11: 150 | O11: 38 | R11: NONEL | T11: SUPREME | V11: Shockstar | W11: EXEL | Z11: OBC | AA11: EBC | AB11: Cordtex | AC11: Cordtex | AD11: Cordtex | AE11: Cordtex | AF11: S/Fuse | AG11: Billwire | AH11: FUSE
C12: Super Power | E12: Super Power | G12: Senatel/Pulsar | I12: Senatel/Pulsar | K12: Super Power | M12: Magnum | O12: Senatel/Pulsar | R12: 2.4 | S12: 3.6 | T12: 2.4 | U12: 3.6 | V12: 2.4 | W12: 3.6 | X12: 2.4 | Y12: 4.9 | AB12: 5 | AC12: 10 | AD12: 6 | AE12: 40 | AH12: LIGHTER
C13: 31496 | E13: 17457 | G13: 11082 | I13: 21810 | K13: 17362 | M13: 18389 | O13: 21811 | Q13: 10128 | R13: 10962 | S13: 15427 | T13: 16623 | U13: 16967 | V13: 28230 | W13: 10966 | X13: 10965 | Y13: 21809 | Z13: 11966 | AA13: 11089 | AB13: 10960 | AC13: 10961 | AD13: 10839 | AE13: 10959 | AF13: 12487 | AG13: 16823 | AH13: 11342
C14: Pcs | D14: Kls | E14: Pcs | F14: Kls | G14: Pcs | H14: Kls | I14: Pcs | J14: Kls | K14: Pcs | L14: Kls | M14: Pcs | N14: Kls | O14: Pcs | P14: Kls | Q14: Kls | R14: Pcs | S14: Pcs | T14: Pcs | U14: Pcs | V14: Pcs | W14: Pcs | X14: Pcs | Y14: Pcs | Z14: Pcs | AA14: Pcs | AB14: Mtrs | AC14: Mtrs | AD14: Mtrs | AE14: Mtrs | AF14: Mtrs | AG14: Mtrs | AH14: Pcs
A15: 45361 | B15: BEG. BALANCE | C15: ='2-18-24,2024'!C20 -> 0 | D15: ='2-18-24,2024'!D20 -> 0 | E15: ='3-3-9,2024'!E20 -> 47931 | F15: ='3-3-9,2024'!F20 -> 5760.9375 | G15: ='3-3-9,2024'!G20 -> 46250 | H15: ='3-3-9,2024'!H20 -> 5377.907 | I15: ='3-3-9,2024'!I20 -> 0 | J15: ='3-3-9,2024'!J20 -> 1.6964208e-13 | K15: ='3-3-9,2024'!K20 -> 0 | L15: ='3-3-9,2024'!L20 -> 0 | ... AH15: ='3-3-9,2024'!AH20 -> 439
B16: Withdrawal of Stock from Main Magazine Mill
B17: TOTAL ON HAND | C17: =C15+C16 -> 0 | D17: =D15+D16 -> 0 | E17: =E15+E16 -> 47931 | F17: =F15+F16 -> 5760.9375 | G17: =G15+G16 -> 46250 | H17: =H15+H16 -> 5377.907 | I17: =I15+I16 -> 0 | J17: =J15+J16 -> 1.6964208e-13 | ... AH17: =AH15+AH16 -> 439
B18: Less: Total Weekly Consumption | C18: 0 | D18: =C18/200*25 -> 0 | E18: 4959 | F18: =E18/208*25 -> 596.03365 | G18: 14174 | H18: =G18/215*25 -> 1648.1395 | I18: 0 | J18: =I18/135*25 -> 0 | K18: 0 | L18: =K18/150*25 -> 0 | M18: 0 | N18: =M18/150*25 -> 0 | P18: =O18/38*25 -> 0 | Q18: 5262 | R18: 0 | S18: 0 | T18: 2615 | U18: 0 | V18: 0 | W18: 108 | X18: 6122 | Y18: 0 | Z18: 1168 | AA18: 18 | AB18: 2873 | AC18: 754 | AF18: =Z18*2.43 -> 2838.24 | AG18: 0 | AH18: 18
A19: 45367 | B19: STOCK BALANCE | C19: =C17-C18 -> 0 | D19: =D17-D18 -> 0 | E19: =E17-E18 -> 42972 | F19: =F17-F18 -> 5164.9038 | G19: =G17-G18 -> 32076 | H19: =H17-H18 -> 3729.7674 | I19: =I17-I18 -> 0 | J19: =J17-J18 -> 1.6964208e-13 | ... AH19: =AH17-AH18 -> 421 | AN19: =400+392+2745.29 -> 3537.29
A20: MINE MAG. STOCK USABLE | C20: =C19 -> 0 | D20: =D19 -> 0 | E20: =E19 -> 42972 | F20: =F19 -> 5164.9038 | G20: =G19 -> 32076 | H20: =H19 -> 3729.7674 | I20: =I19 -> 0 | J20: =J19 -> 1.6964208e-13 | ... AH20: =AH19 -> 421 | AN20: =10000-AN19 -> 6462.71
A23: Prepared by: | F23: Checked by: | Q23: Noted by: | W23: Approved by:
A26: AIHREIN T. BACLAAN | F26: NHOLL GREAL O. LOZADA | Q26: ENGR. RAFFY D. TORRES | W26: ENGR. EARL M. SON
A27: Mine Explosives Dept | F27: Mine Explosives Inventory Supervisor | Q27: Mine Explosives Manager | W27: Mines Manager

Sheet 3-17-23,2024
A1: PHILSAGA MINING CORPORATION
A2: Bayugan 3,Rosario Agusan del Sur
A4: EXPLOSIVE WEEKLY CONSUMPTION
A5: MARCH 17-23, 2024
A8: SUPPLIER | C8: MT. ROCK | G8: EXPEDITION | Q8: MT ROCK | R8: MT. ROCK | W8: EXPEDITION | Z8: MT ROCK | AB8: EXPEDITION | AC8: MT. ROCK | AF8: MT ROCK | AG8: MT ROCK | AH8: EXPEDITION
Q9: EXPEDITION | Z9: EXPEDITION | AF9: EXPEDITION
A10: DATE | B10: DESCRIPTION | C10: PACKAGE EMULSION | Q10: Anfo | R10: DETONATORS | AB10: DETONATING CORD
C11: 200 | E11: 208 | G11: 215 | I11: 135 | K11: 150 | M11: 150 | O11: 38 | R11: NONEL | T11: SUPREME | V11: Shockstar | W11: EXEL | Z11: OBC | AA11: EBC | AB11: Cordtex | AC11: Cordtex | AD11: Cordtex | AE11: Cordtex | AF11: S/Fuse | AG11: Billwire | AH11: FUSE
C12: Super Power | E12: Super Power | G12: Senatel/Pulsar | I12: Senatel/Pulsar | K12: Super Power | M12: Magnum | O12: Senatel/Pulsar | R12: 2.4 | S12: 3.6 | T12: 2.4 | U12: 3.6 | V12: 2.4 | W12: 3.6 | X12: 2.4 | Y12: 4.9 | AB12: 5 | AC12: 10 | AD12: 6 | AE12: 40 | AH12: LIGHTER
C13: 31496 | E13: 17457 | G13: 11082 | I13: 21810 | K13: 17362 | M13: 18389 | O13: 21811 | Q13: 10128 | R13: 10962 | S13: 15427 | T13: 16623 | U13: 16967 | V13: 28230 | W13: 10966 | X13: 10965 | Y13: 21809 | Z13: 11966 | AA13: 11089 | AB13: 10960 | AC13: 10961 | AD13: 10839 | AE13: 10959 | AF13: 12487 | AG13: 16823 | AH13: 11342
C14: Pcs | D14: Kls | E14: Pcs | F14: Kls | G14: Pcs | H14: Kls | I14: Pcs | J14: Kls | K14: Pcs | L14: Kls | M14: Pcs | N14: Kls | O14: Pcs | P14: Kls | Q14: Kls | R14: Pcs | S14: Pcs | T14: Pcs | U14: Pcs | V14: Pcs | W14: Pcs | X14: Pcs | Y14: Pcs | Z14: Pcs | AA14: Pcs | AB14: Mtrs | AC14: Mtrs | AD14: Mtrs | AE14: Mtrs | AF14: Mtrs | AG14: Mtrs | AH14: Pcs
A15: 45368 | B15: BEG. BALANCE | C15: ='2-18-24,2024'!C20 -> 0 | D15: ='2-18-24,2024'!D20 -> 0 | E15: ='3-10-16,2024'!E20 -> 42972 | F15: ='3-10-16,2024'!F20 -> 5164.9038 | G15: ='3-10-16,2024'!G20 -> 32076 | H15: ='3-10-16,2024'!H20 -> 3729.7674 | I15: ='3-10-16,2024'!I20 -> 0 | J15: ='3-10-16,2024'!J20 -> 1.6964208e-13 | K15: ='3-10-16,2024'!K20 -> 0 | L15: ='3-10-16,2024'!L20 -> 0 | ... AH15: ='3-10-16,2024'!AH20 -> 421
B16: Withdrawal of Stock from Main Magazine Mill
B17: TOTAL ON HAND | C17: =C15+C16 -> 0 | D17: =D15+D16 -> 0 | E17: =E15+E16 -> 42972 | F17: =F15+F16 -> 5164.9038 | G17: =G15+G16 -> 32076 | H17: =H15+H16 -> 3729.7674 | I17: =I15+I16 -> 0 | J17: =J15+J16 -> 1.6964208e-13 | ... AH17: =AH15+AH16 -> 421
B18: Less: Total Weekly Consumption | C18: 0 | D18: =C18/200*25 -> 0 | E18: 7696 | F18: =E18/208*25 -> 925 | G18: 10934 | H18: =G18/215*25 -> 1271.3953 | I18: 0 | J18: =I18/135*25 -> 0 | K18: 0 | L18: =K18/150*25 -> 0 | M18: 0 | N18: =M18/150*25 -> 0 | P18: =O18/38*25 -> 0 | Q18: 5540 | R18: 0 | S18: 0 | T18: 4375 | U18: 0 | V18: 0 | W18: 78 | X18: 4494 | Y18: 0 | Z18: 1218 | AA18: 10 | AB18: 1634 | AC18: 2042 | AE18: 0 | AF18: =Z18*2.43 -> 2959.74 | AG18: 0 | AH18: 12
A19: 45375 | B19: STOCK BALANCE | C19: =C17-C18 -> 0 | D19: =D17-D18 -> 0 | E19: =E17-E18 -> 35276 | F19: =F17-F18 -> 4239.9038 | G19: =G17-G18 -> 21142 | H19: =H17-H18 -> 2458.3721 | I19: =I17-I18 -> 0 | J19: =J17-J18 -> 1.6964208e-13 | ... AH19: =AH17-AH18 -> 409 | AN19: =400+392+2745.29 -> 3537.29
A20: MINE MAG. STOCK USABLE | C20: =C19 -> 0 | D20: =D19 -> 0 | E20: =E19 -> 35276 | F20: =F19 -> 4239.9038 | G20: =G19 -> 21142 | H20: =H19 -> 2458.3721 | I20: =I19 -> 0 | J20: =J19 -> 1.6964208e-13 | ... AH20: =AH19 -> 409 | AN20: =10000-AN19 -> 6462.71
A23: Prepared by: | F23: Checked by: | Q23: Noted by: | W23: Approved by:
A26: AIHREIN T. BACLAAN | F26: NHOLL GREAL O. LOZADA | Q26: ENGR. RAFFY D. TORRES | W26: ENGR. JOHN PAUHL T. NAVARRO
A27: Mine Explosives Dept | F27: Mine Explosives Inventory Supervisor | Q27: Mine Explosives Manager | W27: Tigerway Project Manager /Asst. Mines Manager

Sheet 3-24-30,2024
A1: PHILSAGA MINING CORPORATION
A2: Bayugan 3,Rosario Agusan del Sur
A4: EXPLOSIVE WEEKLY CONSUMPTION
A5: MARCH 24-30, 2024
A8: SUPPLIER | C8: MT. ROCK | G8: EXPEDITION | Q8: MT ROCK | R8: MT. ROCK | W8: EXPEDITION | Z8: MT ROCK | AB8: EXPEDITION | AC8: MT. ROCK | AF8: MT ROCK | AG8: MT ROCK | AH8: EXPEDITION
Q9: EXPEDITION | Z9: EXPEDITION | AF9: EXPEDITION
A10: DATE | B10: DESCRIPTION | C10: PACKAGE EMULSION | Q10: Anfo | R10: DETONATORS | AB10: DETONATING CORD
C11: 200 | E11: 208 | G11: 215 | I11: 135 | K11: 150 | M11: 150 | O11: 38 | R11: NONEL | T11: SUPREME | V11: Shockstar | W11: EXEL | Z11: OBC | AA11: EBC | AB11: Cordtex | AC11: Cordtex | AD11: Cordtex | AE11: Cordtex | AF11: S/Fuse | AG11: Billwire | AH11: FUSE
C12: Super Power | E12: Super Power | G12: Senatel/Pulsar | I12: Senatel/Pulsar | K12: Super Power | M12: Magnum | O12: Senatel/Pulsar | R12: 2.4 | S12: 3.6 | T12: 2.4 | U12: 3.6 | V12: 2.4 | W12: 3.6 | X12: 2.4 | Y12: 4.9 | AB12: 5 | AC12: 10 | AD12: 6 | AE12: 40 | AH12: LIGHTER
C13: 31496 | E13: 17457 | G13: 11082 | I13: 21810 | K13: 17362 | M13: 18389 | O13: 21811 | Q13: 10128 | R13: 10962 | S13: 15427 | T13: 16623 | U13: 16967 | V13: 28230 | W13: 10966 | X13: 10965 | Y13: 21809 | Z13: 11966 | AA13: 11089 | AB13: 10960 | AC13: 10961 | AD13: 10839 | AE13: 10959 | AF13: 12487 | AG13: 16823 | AH13: 11342
C14: Pcs | D14: Kls | E14: Pcs | F14: Kls | G14: Pcs | H14: Kls | I14: Pcs | J14: Kls | K14: Pcs | L14: Kls | M14: Pcs | N14: Kls | O14: Pcs | P14: Kls | Q14: Kls | R14: Pcs | S14: Pcs | T14: Pcs | U14: Pcs | V14: Pcs | W14: Pcs | X14: Pcs | Y14: Pcs | Z14: Pcs | AA14: Pcs | AB14: Mtrs | AC14: Mtrs | AD14: Mtrs | AE14: Mtrs | AF14: Mtrs | AG14: Mtrs | AH14: Pcs
A15: 45375 | B15: BEG. BALANCE | C15: ='2-18-24,2024'!C20 -> 0 | D15: ='2-18-24,2024'!D20 -> 0 | E15: ='3-17-23,2024'!E20 -> 35276 | F15: ='3-17-23,2024'!F20 -> 4239.9038 | G15: ='3-17-23,2024'!G20 -> 21142 | H15: ='3-17-23,2024'!H20 -> 2458.3721 | I15: ='3-17-23,2024'!I20 -> 0 | J15: ='3-17-23,2024'!J20 -> 1.6964208e-13 | K15: ='3-17-23,2024'!K20 -> 0 | L15: ='3-17-23,2024'!L20 -> 0 | ... AH15: ='3-17-23,2024'!AH20 -> 409
B16: Withdrawal of Stock from Main Magazine Mill | E16: =40*208 -> 8320 | F16: =E16/208*25 -> 1000 | G16: =40*215 -> 8600 | H16: =G16/215*25 -> 1000 | I16: =50*215 -> 10750 | J16: =I16/215*25 -> 1250 | K16: 0 | L16: 0 | T16: =360*14 -> 5040 | X16: =20*250 -> 5000 | AB16: 3600 | AC16: 3000
B17: TOTAL ON HAND | C17: =C15+C16 -> 0 | D17: =D15+D16 -> 0 | E17: =E15+E16 -> 43596 | F17: =F15+F16 -> 5239.9038 | G17: =G15+G16 -> 29742 | H17: =H15+H16 -> 3458.3721 | I17: =I15+I16 -> 10750 | J17: =J15+J16 -> 1250 | ... AH17: =AH15+AH16 -> 409
B18: Less: Total Weekly Consumption | C18: 0 | D18: =C18/200*25 -> 0 | E18: 5688 | F18: =E18/208*25 -> 683.65385 | G18: 3544 | H18: =G18/215*25 -> 412.09302 | I18: 0 | J18: =I18/135*25 -> 0 | K18: 0 | L18: =K18/150*25 -> 0 | M18: 0 | N18: =M18/150*25 -> 0 | P18: =O18/38*25 -> 0 | Q18: 2207 | R18: 0 | S18: 0 | T18: 2458 | U18: 0 | V18: 0 | W18: 227 | X18: 1258 | Z18: 445 | AA18: 20 | AB18: 612 | AC18: 992 | AE18: 0 | AF18: =Z18*2.43 -> 1081.35 | AG18: 80 | AH18: 2
A19: 45381 | B19: STOCK BALANCE | C19: =C17-C18 -> 0 | D19: =D17-D18 -> 0 | E19: =E17-E18 -> 37908 | F19: =F17-F18 -> 4556.25 | G19: =G17-G18 -> 26198 | H19: =H17-H18 -> 3046.2791 | I19: =I17-I18 -> 10750 | J19: =J17-J18 -> 1250 | ... AH19: =AH17-AH18 -> 407 | AL19: =400+392+2745.29 -> 3537.29
A20: MINE MAG. STOCK USABLE | C20: =C19 -> 0 | D20: =D19 -> 0 | E20: =E19 -> 37908 | F20: =F19 -> 4556.25 | G20: =G19 -> 26198 | H20: =H19 -> 3046.2791 | I20: =I19 -> 10750 | J20: =J19 -> 1250 | ... AH20: =AH19 -> 407 | AL20: =10000-AL19 -> 6462.71
A23: Prepared by: | F23: Checked by: | Q23: Noted by: | W23: Approved by:
A26: AIHREIN T. BACLAAN | F26: NHOLL GREAL O. LOZADA | Q26: ENGR. RAFFY D. TORRES | W26: ENGR. EARL M. SON
A27: Mine Explosives Dept | F27: Mine Explosives Inventory Supervisor | Q27: Mine Explosives Manager | W27: Mines Manager

Sheet 3-31-4-6,2024
A1: PHILSAGA MINING CORPORATION
A2: Bayugan 3,Rosario Agusan del Sur
A4: EXPLOSIVE WEEKLY CONSUMPTION
A5: MARCH 31 - APRIL 6, 2024
A8: SUPPLIER | C8: MT. ROCK | G8: EXPEDITION | Q8: MT ROCK | R8: MT. ROCK | W8: EXPEDITION | Z8: MT ROCK | AB8: EXPEDITION | AC8: MT. ROCK | AF8: MT ROCK | AG8: MT ROCK | AH8: EXPEDITION
Q9: EXPEDITION | Z9: EXPEDITION | AF9: EXPEDITION
A10: DATE | B10: DESCRIPTION | C10: PACKAGE EMULSION | Q10: Anfo | R10: DETONATORS | AB10: DETONATING CORD
C11: 200 | E11: 208 | G11: 215 | I11: 135 | K11: 150 | M11: 150 | O11: 38 | R11: NONEL | T11: SUPREME | V11: Shockstar | W11: EXEL | Z11: OBC | AA11: EBC | AB11: Cordtex | AC11: Cordtex | AD11: Cordtex | AE11: Cordtex | AF11: S/Fuse | AG11: Billwire | AH11: FUSE
C12: Super Power | E12: Super Power | G12: Senatel/Pulsar | I12: Senatel/Pulsar | K12: Super Power | M12: Magnum | O12: Senatel/Pulsar | R12: 2.4 | S12: 3.6 | T12: 2.4 | U12: 3.6 | V12: 2.4 | W12: 3.6 | X12: 2.4 | Y12: 4.9 | AB12: 5 | AC12: 10 | AD12: 6 | AE12: 40 | AH12: LIGHTER
C13: 31496 | E13: 17457 | G13: 11082 | I13: 21810 | K13: 17362 | M13: 18389 | O13: 21811 | Q13: 10128 | R13: 10962 | S13: 15427 | T13: 16623 | U13: 16967 | V13: 28230 | W13: 10966 | X13: 10965 | Y13: 21809 | Z13: 11966 | AA13: 11089 | AB13: 10960 | AC13: 10961 | AD13: 10839 | AE13: 10959 | AF13: 12487 | AG13: 16823 | AH13: 11342
C14: Pcs | D14: Kls | E14: Pcs | F14: Kls | G14: Pcs | H14: Kls | I14: Pcs | J14: Kls | K14: Pcs | L14: Kls | M14: Pcs | N14: Kls | O14: Pcs | P14: Kls | Q14: Kls | R14: Pcs | S14: Pcs | T14: Pcs | U14: Pcs | V14: Pcs | W14: Pcs | X14: Pcs | Y14: Pcs | Z14: Pcs | AA14: Pcs | AB14: Mtrs | AC14: Mtrs | AD14: Mtrs | AE14: Mtrs | AF14: Mtrs | AG14: Mtrs | AH14: Pcs
A15: 45382 | B15: BEG. BALANCE | C15: ='2-18-24,2024'!C20 -> 0 | D15: ='2-18-24,2024'!D20 -> 0 | E15: ='3-24-30,2024'!E20 -> 37908 | F15: ='3-24-30,2024'!F20 -> 4556.25 | G15: ='3-24-30,2024'!G20 -> 26198 | H15: ='3-24-30,2024'!H20 -> 3046.2791 | I15: ='3-24-30,2024'!I20 -> 10750 | J15: ='3-24-30,2024'!J20 -> 1250 | K15: ='3-24-30,2024'!K20 -> 0 | L15: ='3-24-30,2024'!L20 -> 0 | ... AH15: ='3-24-30,2024'!AH20 -> 407
B16: Withdrawal of Stock from Main Magazine Mill
B17: TOTAL ON HAND | C17: =C15+C16 -> 0 | D17: =D15+D16 -> 0 | E17: =E15+E16 -> 37908 | F17: =F15+F16 -> 4556.25 | G17: =G15+G16 -> 26198 | H17: =H15+H16 -> 3046.2791 | I17: =I15+I16 -> 10750 | J17: =J15+J16 -> 1250 | ... AH17: =AH15+AH16 -> 407
B18: Less: Total Weekly Consumption | C18: 0 | D18: =C18/200*25 -> 0 | E18: 11059 | F18: =E18/208*25 -> 1329.2067 | G18: 5617 | H18: =G18/215*25 -> 653.13953 | I18: 0 | J18: =I18/135*25 -> 0 | K18: 0 | L18: =K18/150*25 -> 0 | M18: 0 | N18: =M18/150*25 -> 0 | P18: =O18/38*25 -> 0 | Q18: 4376 | R18: 0 | S18: 0 | T18: 4797 | U18: 0 | V18: 0 | W18: 354 | X18: 2429 | Y18: 0 | Z18: 980 | AA18: 28 | AB18: 710 | AC18: 2306 | AE18: 0 | AF18: =Z18*2.43 -> 2381.4 | AG18: 0 | AH18: 11
A19: 45388 | B19: STOCK BALANCE | C19: =C17-C18 -> 0 | D19: =D17-D18 -> 0 | E19: =E17-E18 -> 26849 | F19: =F17-F18 -> 3227.0433 | G19: =G17-G18 -> 20581 | H19: =H17-H18 -> 2393.1395 | I19: =I17-I18 -> 10750 | J19: =J17-J18 -> 1250 | ... AH19: =AH17-AH18 -> 396 | AL19: =400+392+2745.29 -> 3537.29
A20: MINE MAG. STOCK USABLE | C20: =C19 -> 0 | D20: =D19 -> 0 | E20: =E19 -> 26849 | F20: =F19 -> 3227.0433 | G20: =G19 -> 20581 | H20: =H19 -> 2393.1395 | I20: =I19 -> 10750 | J20: =J19 -> 1250 | ... AH20: =AH19 -> 396 | AL20: =10000-AL19 -> 6462.71
A23: Prepared by: | F23: Checked by: | Q23: Noted by: | W23: Approved by:
A26: AIHREIN T. BACLAAN | F26: NHOLL GREAL O. LOZADA | Q26: ENGR. RAFFY D. TORRES | W26: ENGR. EARL M. SON
A27: Mine Explosives Dept | F27: Mine Explosives Inventory Supervisor | Q27: Mine Explosives Manager | W27: Mines Manager

Sheet 4-7-13,2024
A1: PHILSAGA MINING CORPORATION
A2: Bayugan 3,Rosario Agusan del Sur
A4: EXPLOSIVE WEEKLY CONSUMPTION
A5: APRIL 7-13, 2024
A8: SUPPLIER | C8: MT. ROCK | G8: EXPEDITION | Q8: MT ROCK | R8: MT. ROCK | W8: EXPEDITION | Z8: MT ROCK | AB8: EXPEDITION | AC8: MT. ROCK | AF8: MT ROCK | AG8: MT ROCK | AH8: EXPEDITION
Q9: EXPEDITION | Z9: EXPEDITION | AF9: EXPEDITION
A10: DATE | B10: DESCRIPTION | C10: PACKAGE EMULSION | Q10: Anfo | R10: DETONATORS | AB10: DETONATING CORD
C11: 200 | E11: 208 | G11: 215 | I11: 135 | K11: 150 | M11: 150 | O11: 38 | R11: NONEL | T11: SUPREME | V11: Shockstar | W11: EXEL | Z11: OBC | AA11: EBC | AB11: Cordtex | AC11: Cordtex | AD11: Cordtex | AE11: Cordtex | AF11: S/Fuse | AG11: Billwire | AH11: FUSE
C12: Super Power | E12: Super Power | G12: Senatel/Pulsar | I12: Senatel/Pulsar | K12: Super Power | M12: Magnum | O12: Senatel/Pulsar | R12: 2.4 | S12: 3.6 | T12: 2.4 | U12: 3.6 | V12: 2.4 | W12: 3.6 | X12: 2.4 | Y12: 4.9 | AB12: 5 | AC12: 10 | AD12: 6 | AE12: 40 | AH12: LIGHTER
C13: 31496 | E13: 17457 | G13: 11082 | I13: 21810 | K13: 17362 | M13: 18389 | O13: 21811 | Q13: 10128 | R13: 10962 | S13: 15427 | T13: 16623 | U13: 16967 | V13: 28230 | W13: 10966 | X13: 10965 | Y13: 21809 | Z13: 11966 | AA13: 11089 | AB13: 10960 | AC13: 10961 | AD13: 10839 | AE13: 10959 | AF13: 12487 | AG13: 16823 | AH13: 11342
C14: Pcs | D14: Kls | E14: Pcs | F14: Kls | G14: Pcs | H14: Kls | I14: Pcs | J14: Kls | K14: Pcs | L14: Kls | M14: Pcs | N14: Kls | O14: Pcs | P14: Kls | Q14: Kls | R14: Pcs | S14: Pcs | T14: Pcs | U14: Pcs | V14: Pcs | W14: Pcs | X14: Pcs | Y14: Pcs | Z14: Pcs | AA14: Pcs | AB14: Mtrs | AC14: Mtrs | AD14: Mtrs | AE14: Mtrs | AF14: Mtrs | AG14: Mtrs | AH14: Pcs
A15: 45389 | B15: BEG. BALANCE | C15: ='2-18-24,2024'!C20 -> 0 | D15: ='2-18-24,2024'!D20 -> 0 | E15: ='3-31-4-6,2024'!E20 -> 26849 | F15: ='3-31-4-6,2024'!F20 -> 3227.0433 | G15: ='3-31-4-6,2024'!G20 -> 20581 | H15: ='3-31-4-6,2024'!H20 -> 2393.1395 | I15: ='3-31-4-6,2024'!I20 -> 10750 | J15: ='3-31-4-6,2024'!J20 -> 1250 | K15: ='3-31-4-6,2024'!K20 -> 0 | L15: ='3-31-4-6,2024'!L20 -> 0 | ... AH15: ='3-31-4-6,2024'!AH20 -> 396
B16: Withdrawal of Stock from Main Magazine Mill | E16: =100*208 -> 20800 | F16: =E16/208*25 -> 2500 | G16: =100*215 -> 21500 | H16: =G16/215*25 -> 2500 | I16: =50*215 -> 10750 | J16: =I16/215*25 -> 1250 | K16: 0 | L16: 0 | T16: =12*360 -> 4320 | X16: 4250 | Z16: 2000 | AA16: 30 | AB16: 1800 | AC16: 2000 | AF16: 2000
B17: TOTAL ON HAND | C17: =C15+C16 -> 0 | D17: =D15+D16 -> 0 | E17: =E15+E16 -> 47649 | F17: =F15+F16 -> 5727.0433 | G17: =G15+G16 -> 42081 | H17: =H15+H16 -> 4893.1395 | I17: =I15+I16 -> 21500 | J17: =J15+J16 -> 2500 | ... AH17: =AH15+AH16 -> 396
B18: Less: Total Weekly Consumption | C18: 0 | D18: =C18/200*25 -> 0 | E18: 11873 | F18: =E18/208*25 -> 1427.0433 | G18: 6535 | H18: =G18/215*25 -> 759.88372 | I18: 0 | J18: =I18/135*25 -> 0 | K18: 0 | L18: =K18/150*25 -> 0 | M18: 0 | N18: =M18/150*25 -> 0 | P18: =O18/38*25 -> 0 | Q18: 5795 | R18: 0 | S18: 0 | T18: 5174 | U18: 0 | V18: 0 | W18: 195 | X18: 4025 | Y18: 0 | Z18: 1080 | AA18: 18 | AB18: 337 | AC18: 3330 | AE18: 0 | AF18: =Z18*2.43 -> 2624.4 | AG18: 0 | AH18: 8
A19: 45395 | B19: STOCK BALANCE | C19: =C17-C18 -> 0 | D19: =D17-D18 -> 0 | E19: =E17-E18 -> 35776 | F19: =F17-F18 -> 4300 | G19: =G17-G18 -> 35546 | H19: =H17-H18 -> 4133.2558 | I19: =I17-I18 -> 21500 | J19: =J17-J18 -> 2500 | ... AH19: =AH17-AH18 -> 388 | AL19: =400+392+2745.29 -> 3537.29
A20: MINE MAG. STOCK USABLE | C20: =C19 -> 0 | D20: =D19 -> 0 | E20: =E19 -> 35776 | F20: =F19 -> 4300 | G20: =G19 -> 35546 | H20: =H19 -> 4133.2558 | I20: =I19 -> 21500 | J20: =J19 -> 2500 | ... AH20: =AH19 -> 388 | AL20: =10000-AL19 -> 6462.71
A23: Prepared by: | F23: Checked by: | Q23: Noted by: | W23: Approved by:
A26: AIHREIN T. BACLAAN | F26: NHOLL GREAL O. LOZADA | Q26: ENGR. EDWIN B. BATAL | W26: ENGR. EARL M. SON
A27: Mine Explosives Dept | F27: Mine Explosives Inventory Supervisor | Q27: Mine Explosives Asst. Manager | W27: Mines Manager

Sheet 4-14-20,2024
A1: PHILSAGA MINING CORPORATION
A2: Bayugan 3,Rosario Agusan del Sur
A4: EXPLOSIVE WEEKLY CONSUMPTION
A5: APRIL 14-20, 2024
A8: SUPPLIER | C8: MT. ROCK | G8: EXPEDITION | Q8: MT ROCK | R8: MT. ROCK | W8: EXPEDITION | Z8: MT ROCK | AB8: EXPEDITION | AC8: MT. ROCK | AF8: MT ROCK | AG8: MT ROCK | AH8: EXPEDITION
Q9: EXPEDITION | Z9: EXPEDITION | AF9: EXPEDITION
A10: DATE | B10: DESCRIPTION | C10: PACKAGE EMULSION | Q10: Anfo | R10: DETONATORS | AB10: DETONATING CORD
C11: 200 | E11: 208 | G11: 215 | I11: 135 | K11: 150 | M11: 150 | O11: 38 | R11: NONEL | T11: SUPREME | V11: Shockstar | W11: EXEL | Z11: OBC | AA11: EBC | AB11: Cordtex | AC11: Cordtex | AD11: Cordtex | AE11: Cordtex | AF11: S/Fuse | AG11: Billwire | AH11: FUSE
C12: Super Power | E12: Super Power | G12: Senatel/Pulsar | I12: Senatel/Pulsar | K12: Super Power | M12: Magnum | O12: Senatel/Pulsar | R12: 2.4 | S12: 3.6 | T12: 2.4 | U12: 3.6 | V12: 2.4 | W12: 3.6 | X12: 2.4 | Y12: 4.9 | AB12: 5 | AC12: 10 | AD12: 6 | AE12: 40 | AH12: LIGHTER
C13: 31496 | E13: 17457 | G13: 11082 | I13: 21810 | K13: 17362 | M13: 18389 | O13: 21811 | Q13: 10128 | R13: 10962 | S13: 15427 | T13: 16623 | U13: 16967 | V13: 28230 | W13: 10966 | X13: 10965 | Y13: 21809 | Z13: 11966 | AA13: 11089 | AB13: 10960 | AC13: 10961 | AD13: 10839 | AE13: 10959 | AF13: 12487 | AG13: 16823 | AH13: 11342
C14: Pcs | D14: Kls | E14: Pcs | F14: Kls | G14: Pcs | H14: Kls | I14: Pcs | J14: Kls | K14: Pcs | L14: Kls | M14: Pcs | N14: Kls | O14: Pcs | P14: Kls | Q14: Kls | R14: Pcs | S14: Pcs | T14: Pcs | U14: Pcs | V14: Pcs | W14: Pcs | X14: Pcs | Y14: Pcs | Z14: Pcs | AA14: Pcs | AB14: Mtrs | AC14: Mtrs | AD14: Mtrs | AE14: Mtrs | AF14: Mtrs | AG14: Mtrs | AH14: Pcs
A15: 45396 | B15: BEG. BALANCE | C15: ='2-18-24,2024'!C20 -> 0 | D15: ='2-18-24,2024'!D20 -> 0 | E15: ='4-7-13,2024'!E20 -> 35776 | F15: ='4-7-13,2024'!F20 -> 4300 | G15: ='4-7-13,2024'!G20 -> 35546 | H15: ='4-7-13,2024'!H20 -> 4133.2558 | I15: ='4-7-13,2024'!I20 -> 21500 | J15: ='4-7-13,2024'!J20 -> 2500 | K15: ='4-7-13,2024'!K20 -> 0 | L15: ='4-7-13,2024'!L20 -> 0 | ... AH15: ='4-7-13,2024'!AH20 -> 388
B16: Withdrawal of Stock from Main Magazine Mill | E16: =150*208 -> 31200 | F16: =E16/208*25 -> 3750 | G16: =150*215 -> 32250 | H16: =G16/215*25 -> 3750 | I16: =50*215 -> 10750 | J16: =I16/215*25 -> 1250 | K16: 0 | L16: 0 | T16: 16920 | W16: 5720 | X16: 11250 | Z16: 4000 | AA16: 100 | AB16: 3600 | AC16: 2000 | AF16: 10000
B17: TOTAL ON HAND | C17: =C15+C16 -> 0 | D17: =D15+D16 -> 0 | E17: =E15+E16 -> 66976 | F17: =F15+F16 -> 8050 | G17: =G15+G16 -> 67796 | H17: =H15+H16 -> 7883.2558 | I17: =I15+I16 -> 32250 | J17: =J15+J16 -> 3750 | ... AH17: =AH15+AH16 -> 388
B18: Less: Total Weekly Consumption | C18: 0 | D18: =C18/200*25 -> 0 | E18: 11922 | F18: =E18/208*25 -> 1432.9327 | G18: 6008 | H18: =G18/215*25 -> 698.60465 | I18: 0 | J18: =I18/135*25 -> 0 | K18: 0 | L18: =K18/150*25 -> 0 | M18: 0 | N18: =M18/150*25 -> 0 | P18: =O18/38*25 -> 0 | Q18: 5761.6 | R18: 0 | S18: 0 | T18: 5440 | U18: 0 | V18: 0 | W18: 0 | X18: 3864 | Y18: 0 | Z18: 1241 | AA18: 4 | AB18: 2448 | AC18: 1317 | AE18: 0 | AF18: =Z18*2.43 -> 3015.63 | AG18: 0 | AH18: 17
A19: 45402 | B19: STOCK BALANCE | C19: =C17-C18 -> 0 | D19: =D17-D18 -> 0 | E19: =E17-E18 -> 55054 | F19: =F17-F18 -> 6617.0673 | G19: =G17-G18 -> 61788 | H19: =H17-H18 -> 7184.6512 | I19: =I17-I18 -> 32250 | J19: =J17-J18 -> 3750 | ... AH19: =AH17-AH18 -> 371 | AL19: =400+392+2745.29 -> 3537.29
A20: MINE MAG. STOCK USABLE | C20: =C19 -> 0 | D20: =D19 -> 0 | E20: =E19 -> 55054 | F20: =F19 -> 6617.0673 | G20: =G19 -> 61788 | H20: =H19 -> 7184.6512 | I20: =I19 -> 32250 | J20: =J19 -> 3750 | ... AH20: =AH19 -> 371 | AL20: =10000-AL19 -> 6462.71
A23: Prepared by: | F23: Checked by: | Q23: Noted by: | W23: Approved by:
A26: AIHREIN T. BACLAAN | F26: NHOLL GREAL O. LOZADA | Q26: ENGR. EDWIN B. BATAL | W26: ENGR. EARL M. SON
A27: Mine Explosives Dept | F27: Mine Explosives Inventory Supervisor | Q27: Mine Explosives Asst. Manager | W27: Mines Manager

Sheet 4-21-27,2024
A1: PHILSAGA MINING CORPORATION
A2: Bayugan 3,Rosario Agusan del Sur
A4: EXPLOSIVE WEEKLY CONSUMPTION
A5: APRIL 21-27, 2024
A8: SUPPLIER | C8: MT. ROCK | G8: EXPEDITION | Q8: MT ROCK | R8: MT. ROCK | W8: EXPEDITION | Z8: MT ROCK | AB8: EXPEDITION | AC8: MT. ROCK | AF8: MT ROCK | AG8: MT ROCK | AH8: EXPEDITION
Q9: EXPEDITION | Z9: EXPEDITION | AF9: EXPEDITION
A10: DATE | B10: DESCRIPTION | C10: PACKAGE EMULSION | Q10: Anfo | R10: DETONATORS | AB10: DETONATING CORD
C11: 200 | E11: 208 | G11: 215 | I11: 135 | K11: 150 | M11: 150 | O11: 38 | R11: NONEL | T11: SUPREME | V11: Shockstar | W11: EXEL | Z11: OBC | AA11: EBC | AB11: Cordtex | AC11: Cordtex | AD11: Cordtex | AE11: Cordtex | AF11: S/Fuse | AG11: Billwire | AH11: FUSE
C12: Super Power | E12: Super Power | G12: Senatel/Pulsar | I12: Senatel/Pulsar | K12: Super Power | M12: Magnum | O12: Senatel/Pulsar | R12: 2.4 | S12: 3.6 | T12: 2.4 | U12: 3.6 | V12: 2.4 | W12: 3.6 | X12: 2.4 | Y12: 4.9 | AB12: 5 | AC12: 10 | AD12: 6 | AE12: 40 | AH12: LIGHTER
C13: 31496 | E13: 17457 | G13: 11082 | I13: 21810 | K13: 17362 | M13: 18389 | O13: 21811 | Q13: 10128 | R13: 10962 | S13: 15427 | T13: 16623 | U13: 16967 | V13: 28230 | W13: 10966 | X13: 10965 | Y13: 21809 | Z13: 11966 | AA13: 11089 | AB13: 10960 | AC13: 10961 | AD13: 10839 | AE13: 10959 | AF13: 12487 | AG13: 16823 | AH13: 11342
C14: Pcs | D14: Kls | E14: Pcs | F14: Kls | G14: Pcs | H14: Kls | I14: Pcs | J14: Kls | K14: Pcs | L14: Kls | M14: Pcs | N14: Kls | O14: Pcs | P14: Kls | Q14: Kls | R14: Pcs | S14: Pcs | T14: Pcs | U14: Pcs | V14: Pcs | W14: Pcs | X14: Pcs | Y14: Pcs | Z14: Pcs | AA14: Pcs | AB14: Mtrs | AC14: Mtrs | AD14: Mtrs | AE14: Mtrs | AF14: Mtrs | AG14: Mtrs | AH14: Pcs
A15: 45403 | B15: BEG. BALANCE | C15: ='2-18-24,2024'!C20 -> 0 | D15: ='2-18-24,2024'!D20 -> 0 | E15: ='4-14-20,2024'!E20 -> 55054 | F15: ='4-14-20,2024'!F20 -> 6617.0673 | G15: ='4-14-20,2024'!G20 -> 61788 | H15: ='4-14-20,2024'!H20 -> 7184.6512 | I15: ='4-14-20,2024'!I20 -> 32250 | J15: ='4-14-20,2024'!J20 -> 3750 | K15: ='4-14-20,2024'!K20 -> 0 | L15: ='4-14-20,2024'!L20 -> 0 | ... AH15: ='4-14-20,2024'!AH20 -> 371
B16: Withdrawal of Stock from Main Magazine Mill | I16: =50*215 -> 10750 | J16: =I16/215*25 -> 1250 | K16: 0 | L16: 0
B17: TOTAL ON HAND | C17: =C15+C16 -> 0 | D17: =D15+D16 -> 0 | E17: =E15+E16 -> 55054 | F17: =F15+F16 -> 6617.0673 | G17: =G15+G16 -> 61788 | H17: =H15+H16 -> 7184.6512 | I17: =I15+I16 -> 43000 | J17: =J15+J16 -> 5000 | ... AH17: =AH15+AH16 -> 371
B18: Less: Total Weekly Consumption | C18: 0 | D18: =C18/200*25 -> 0 | E18: 12779 | F18: =E18/208*25 -> 1535.9375 | G18: 7770 | H18: =G18/215*25 -> 903.48837 | I18: 0 | J18: =I18/135*25 -> 0 | K18: 0 | L18: =K18/150*25 -> 0 | M18: 0 | N18: =M18/150*25 -> 0 | P18: =O18/38*25 -> 0 | Q18: 6339.4 | R18: 0 | S18: 0 | T18: 5635 | U18: 0 | V18: 0 | W18: 216 | X18: 4448 | Y18: 0 | Z18: 1408 | AA18: 30 | AB18: 3040 | AC18: 1307 | AE18: 0 | AF18: =Z18*2.43 -> 3421.44 | AG18: 300 | AH18: 14
A19: 45409 | B19: STOCK BALANCE | C19: =C17-C18 -> 0 | D19: =D17-D18 -> 0 | E19: =E17-E18 -> 42275 | F19: =F17-F18 -> 5081.1298 | G19: =G17-G18 -> 54018 | H19: =H17-H18 -> 6281.1628 | I19: =I17-I18 -> 43000 | J19: =J17-J18 -> 5000 | ... AH19: =AH17-AH18 -> 357 | AL19: =400+392+2745.29 -> 3537.29
A20: MINE MAG. STOCK USABLE | C20: =C19 -> 0 | D20: =D19 -> 0 | E20: =E19 -> 42275 | F20: =F19 -> 5081.1298 | G20: =G19 -> 54018 | H20: =H19 -> 6281.1628 | I20: =I19 -> 43000 | J20: =J19 -> 5000 | ... AH20: =AH19 -> 357 | AL20: =10000-AL19 -> 6462.71
A23: Prepared by: | F23: Checked by: | Q23: Noted by: | W23: Approved by:
A26: AIHREIN T. BACLAAN | F26: NHOLL GREAL O. LOZADA | Q26: ENGR. EDWIN B. BATAL | W26: ENGR. EARL M. SON
A27: Mine Explosives Dept | F27: Mine Explosives Inventory Supervisor | Q27: Mine Explosives Asst. Manager | W27: Mines Manager

Sheet 4-28-5-4,2024
A1: PHILSAGA MINING CORPORATION
A2: Bayugan 3,Rosario Agusan del Sur
A4: EXPLOSIVE WEEKLY CONSUMPTION
A5: APRIL 28 - MAY 4, 2024
A8: SUPPLIER | C8: MT. ROCK | G8: EXPEDITION | Q8: MT ROCK | R8: MT. ROCK | W8: EXPEDITION | Z8: MT ROCK | AB8: EXPEDITION | AC8: MT. ROCK | AF8: MT ROCK | AG8: MT ROCK | AH8: EXPEDITION
Q9: EXPEDITION | Z9: EXPEDITION | AF9: EXPEDITION
A10: DATE | B10: DESCRIPTION | C10: PACKAGE EMULSION | Q10: Anfo | R10: DETONATORS | AB10: DETONATING CORD
C11: 200 | E11: 208 | G11: 215 | I11: 135 | K11: 150 | M11: 150 | O11: 38 | R11: NONEL | T11: SUPREME | V11: Shockstar | W11: EXEL | Z11: OBC | AA11: EBC | AB11: Cordtex | AC11: Cordtex | AD11: Cordtex | AE11: Cordtex | AF11: S/Fuse | AG11: Billwire | AH11: FUSE
C12: Super Power | E12: Super Power | G12: Senatel/Pulsar | I12: Senatel/Pulsar | K12: Super Power | M12: Magnum | O12: Senatel/Pulsar | R12: 2.4 | S12: 3.6 | T12: 2.4 | U12: 3.6 | V12: 2.4 | W12: 3.6 | X12: 2.4 | Y12: 4.9 | AB12: 5 | AC12: 10 | AD12: 6 | AE12: 40 | AH12: LIGHTER
C13: 31496 | E13: 17457 | G13: 11082 | I13: 21810 | K13: 17362 | M13: 18389 | O13: 21811 | Q13: 10128 | R13: 10962 | S13: 15427 | T13: 16623 | U13: 16967 | V13: 28230 | W13: 10966 | X13: 10965 | Y13: 21809 | Z13: 11966 | AA13: 11089 | AB13: 10960 | AC13: 10961 | AD13: 10839 | AE13: 10959 | AF13: 12487 | AG13: 16823 | AH13: 11342
C14: Pcs | D14: Kls | E14: Pcs | F14: Kls | G14: Pcs | H14: Kls | I14: Pcs | J14: Kls | K14: Pcs | L14: Kls | M14: Pcs | N14: Kls | O14: Pcs | P14: Kls | Q14: Kls | R14: Pcs | S14: Pcs | T14: Pcs | U14: Pcs | V14: Pcs | W14: Pcs | X14: Pcs | Y14: Pcs | Z14: Pcs | AA14: Pcs | AB14: Mtrs | AC14: Mtrs | AD14: Mtrs | AE14: Mtrs | AF14: Mtrs | AG14: Mtrs | AH14: Pcs
A15: 45410 | B15: BEG. BALANCE | C15: ='2-18-24,2024'!C20 -> 0 | D15: ='2-18-24,2024'!D20 -> 0 | E15: ='4-21-27,2024'!E20 -> 42275 | F15: ='4-21-27,2024'!F20 -> 5081.1298 | G15: ='4-21-27,2024'!G20 -> 54018 | H15: ='4-21-27,2024'!H20 -> 6281.1628 | I15: ='4-21-27,2024'!I20 -> 43000 | J15: ='4-21-27,2024'!J20 -> 5000 | K15: ='4-21-27,2024'!K20 -> 0 | L15: ='4-21-27,2024'!L20 -> 0 | ... AH15: ='4-21-27,2024'!AH20 -> 357
B16: Withdrawal of Stock from Main Magazine Mill | I16: =50*215 -> 10750 | J16: =I16/215*25 -> 1250 | K16: 0 | L16: 0
B17: TOTAL ON HAND | C17: =C15+C16 -> 0 | D17: =D15+D16 -> 0 | E17: =E15+E16 -> 42275 | F17: =F15+F16 -> 5081.1298 | G17: =G15+G16 -> 54018 | H17: =H15+H16 -> 6281.1628 | I17: =I15+I16 -> 53750 | J17: =J15+J16 -> 6250 | ... AH17: =AH15+AH16 -> 357
B18: Less: Total Weekly Consumption | C18: 0 | D18: =C18/200*25 -> 0 | E18: 6361 | F18: =E18/208*25 -> 764.54327 | G18: 4715 | H18: =G18/215*25 -> 548.25581 | I18: 0 | J18: =I18/135*25 -> 0 | K18: 0 | L18: =K18/150*25 -> 0 | M18: 0 | N18: =M18/150*25 -> 0 | P18: =O18/38*25 -> 0 | Q18: 3354.6 | R18: 0 | S18: 0 | T18: 2898 | U18: 0 | V18: 0 | W18: 185 | X18: 2326 | Y18: 0 | Z18: 679 | AA18: 26 | AB18: 1303 | AC18: 1070 | AE18: 0 | AF18: =Z18*2.43 -> 1649.97 | AG18: 0 | AH18: 4
A19: 45416 | B19: STOCK BALANCE | C19: =C17-C18 -> 0 | D19: =D17-D18 -> 0 | E19: =E17-E18 -> 35914 | F19: =F17-F18 -> 4316.5865 | G19: =G17-G18 -> 49303 | H19: =H17-H18 -> 5732.907 | I19: =I17-I18 -> 53750 | J19: =J17-J18 -> 6250 | ... AH19: =AH17-AH18 -> 353 | AL19: =400+392+2745.29 -> 3537.29
A20: MINE MAG. STOCK USABLE | C20: =C19 -> 0 | D20: =D19 -> 0 | E20: =E19 -> 35914 | F20: =F19 -> 4316.5865 | G20: =G19 -> 49303 | H20: =H19 -> 5732.907 | I20: =I19 -> 53750 | J20: =J19 -> 6250 | ... AH20: =AH19 -> 353 | AL20: =10000-AL19 -> 6462.71
A23: Prepared by: | F23: Checked by: | Q23: Noted by: | W23: Approved by:
A26: AIHREIN T. BACLAAN | F26: NHOLL GREAL O. LOZADA | Q26: ENGR. RAFFY D. TORRES | W26: ENGR. EARL M. SON
A27: Mine Explosives Dept | F27: Mine Explosives Inventory Supervisor | Q27: Mine Explosives Manager | W27: Mines Manager

Sheet 5-5-11,2024
A1: PHILSAGA MINING CORPORATION
A2: Bayugan 3,Rosario Agusan del Sur
A4: EXPLOSIVE WEEKLY CONSUMPTION
A5: MAY 5-11, 2024
A8: SUPPLIER | C8: MT. ROCK | G8: EXPEDITION | Q8: MT ROCK | R8: MT. ROCK | W8: EXPEDITION | Z8: MT ROCK | AB8: EXPEDITION | AC8: MT. ROCK | AF8: MT ROCK | AG8: MT ROCK | AH8: EXPEDITION
Q9: EXPEDITION | Z9: EXPEDITION | AF9: EXPEDITION
A10: DATE | B10: DESCRIPTION | C10: PACKAGE EMULSION | Q10: Anfo | R10: DETONATORS | AB10: DETONATING CORD
C11: 200 | E11: 208 | G11: 215 | I11: 135 | K11: 150 | M11: 150 | O11: 38 | R11: NONEL | T11: SUPREME | V11: Shockstar | W11: EXEL | Z11: OBC | AA11: EBC | AB11: Cordtex | AC11: Cordtex | AD11: Cordtex | AE11: Cordtex | AF11: S/Fuse | AG11: Billwire | AH11: FUSE
C12: Super Power | E12: Super Power | G12: Senatel/Pulsar | I12: Senatel/Pulsar | K12: Super Power | M12: Magnum | O12: Senatel/Pulsar | R12: 2.4 | S12: 3.6 | T12: 2.4 | U12: 3.6 | V12: 2.4 | W12: 3.6 | X12: 2.4 | Y12: 4.9 | AB12: 5 | AC12: 10 | AD12: 6 | AE12: 40 | AH12: LIGHTER
C13: 31496 | E13: 17457 | G13: 11082 | I13: 21810 | K13: 17362 | M13: 18389 | O13: 21811 | Q13: 10128 | R13: 10962 | S13: 15427 | T13: 16623 | U13: 16967 | V13: 28230 | W13: 10966 | X13: 10965 | Y13: 21809 | Z13: 11966 | AA13: 11089 | AB13: 10960 | AC13: 10961 | AD13: 10839 | AE13: 10959 | AF13: 12487 | AG13: 16823 | AH13: 11342
C14: Pcs | D14: Kls | E14: Pcs | F14: Kls | G14: Pcs | H14: Kls | I14: Pcs | J14: Kls | K14: Pcs | L14: Kls | M14: Pcs | N14: Kls | O14: Pcs | P14: Kls | Q14: Kls | R14: Pcs | S14: Pcs | T14: Pcs | U14: Pcs | V14: Pcs | W14: Pcs | X14: Pcs | Y14: Pcs | Z14: Pcs | AA14: Pcs | AB14: Mtrs | AC14: Mtrs | AD14: Mtrs | AE14: Mtrs | AF14: Mtrs | AG14: Mtrs | AH14: Pcs
A15: 45417 | B15: BEG. BALANCE | C15: ='2-18-24,2024'!C20 -> 0 | D15: ='2-18-24,2024'!D20 -> 0 | E15: ='4-28-5-4,2024'!E20 -> 35914 | F15: ='4-28-5-4,2024'!F20 -> 4316.5865 | G15: ='4-28-5-4,2024'!G20 -> 49303 | H15: ='4-28-5-4,2024'!H20 -> 5732.907 | I15: ='4-28-5-4,2024'!I20 -> 53750 | J15: ='4-28-5-4,2024'!J20 -> 6250 | K15: ='4-28-5-4,2024'!K20 -> 0 | L15: ='4-28-5-4,2024'!L20 -> 0 | ... AH15: ='4-28-5-4,2024'!AH20 -> 353
B16: Withdrawal of Stock from Main Magazine Mill | I16: =50*215 -> 10750 | J16: =I16/215*25 -> 1250 | K16: 0 | L16: 0
B17: TOTAL ON HAND | C17: =C15+C16 -> 0 | D17: =D15+D16 -> 0 | E17: =E15+E16 -> 35914 | F17: =F15+F16 -> 4316.5865 | G17: =G15+G16 -> 49303 | H17: =H15+H16 -> 5732.907 | I17: =I15+I16 -> 64500 | J17: =J15+J16 -> 7500 | ... AH17: =AH15+AH16 -> 353
B18: Less: Total Weekly Consumption | C18: 0 | D18: =C18/200*25 -> 0 | E18: 10670 | F18: =E18/208*25 -> 1282.4519 | G18: 7428 | H18: =G18/215*25 -> 863.72093 | I18: 0 | J18: =I18/135*25 -> 0 | K18: 0 | L18: =K18/150*25 -> 0 | M18: 0 | N18: =M18/150*25 -> 0 | P18: =O18/38*25 -> 0 | Q18: 5758.4 | R18: 0 | S18: 0 | T18: =4898-10 -> 4888 | U18: 0 | V18: 0 | W18: 40 | X18: =4406+10 -> 4416 | Z18: 1176 | AA18: 24 | AB18: 527 | AC18: 3564 | AE18: 0 | AF18: =Z18*2.43 -> 2857.68 | AG18: 0 | AH18: 5
A19: 45423 | B19: STOCK BALANCE | C19: =C17-C18 -> 0 | D19: =D17-D18 -> 0 | E19: =E17-E18 -> 25244 | F19: =F17-F18 -> 3034.1346 | G19: =G17-G18 -> 41875 | H19: =H17-H18 -> 4869.186 | I19: =I17-I18 -> 64500 | J19: =J17-J18 -> 7500 | ... AH19: =AH17-AH18 -> 348 | AL19: =400+392+2745.29 -> 3537.29
A20: MINE MAG. STOCK USABLE | C20: =C19 -> 0 | D20: =D19 -> 0 | E20: =E19 -> 25244 | F20: =F19 -> 3034.1346 | G20: =G19 -> 41875 | H20: =H19 -> 4869.186 | I20: =I19 -> 64500 | J20: =J19 -> 7500 | ... AH20: =AH19 -> 348 | AL20: =10000-AL19 -> 6462.71
A23: Prepared by: | F23: Checked by: | Q23: Noted by: | W23: Approved by:
A26: AIHREIN T. BACLAAN | F26: NHOLL GREAL O. LOZADA | Q26: ENGR. EDWIN B. BATAL | W26: ENGR. EARL M. SON
A27: Mine Explosives Dept | F27: Mine Explosives Inventory Supervisor | Q27: Mine Explosives Asst. Manager | W27: Mines Manager

Sheet 5-12-18
A1: PHILSAGA MINING CORPORATION
A2: Bayugan 3,Rosario Agusan del Sur
A4: EXPLOSIVE WEEKLY CONSUMPTION
A5: MAY 12-18, 2024
A8: SUPPLIER | C8: MT. ROCK | G8: EXPEDITION | Q8: MT ROCK | R8: MT. ROCK | W8: EXPEDITION | Z8: MT ROCK | AB8: EXPEDITION | AC8: MT. ROCK | AF8: MT ROCK | AG8: MT ROCK | AH8: EXPEDITION
Q9: EXPEDITION | Z9: EXPEDITION | AF9: EXPEDITION
A10: DATE | B10: DESCRIPTION | C10: PACKAGE EMULSION | Q10: Anfo | R10: DETONATORS | AB10: DETONATING CORD
C11: 200 | E11: 208 | G11: 215 | I11: 135 | K11: 150 | M11: 150 | O11: 38 | R11: NONEL | T11: SUPREME | V11: Shockstar | W11: EXEL | Z11: OBC | AA11: EBC | AB11: Cordtex | AC11: Cordtex | AD11: Cordtex | AE11: Cordtex | AF11: S/Fuse | AG11: Billwire | AH11: FUSE
C12: Super Power | E12: Super Power | G12: Senatel/Pulsar | I12: Senatel/Pulsar | K12: Super Power | M12: Magnum | O12: Senatel/Pulsar | R12: 2.4 | S12: 3.6 | T12: 2.4 | U12: 3.6 | V12: 2.4 | W12: 3.6 | X12: 2.4 | Y12: 4.9 | AB12: 5 | AC12: 10 | AD12: 6 | AE12: 40 | AH12: LIGHTER
C13: 31496 | E13: 17457 | G13: 11082 | I13: 21810 | K13: 17362 | M13: 18389 | O13: 21811 | Q13: 10128 | R13: 10962 | S13: 15427 | T13: 16623 | U13: 16967 | V13: 28230 | W13: 10966 | X13: 10965 | Y13: 21809 | Z13: 11966 | AA13: 11089 | AB13: 10960 | AC13: 10961 | AD13: 10839 | AE13: 10959 | AF13: 12487 | AG13: 16823 | AH13: 11342
C14: Pcs | D14: Kls | E14: Pcs | F14: Kls | G14: Pcs | H14: Kls | I14: Pcs | J14: Kls | K14: Pcs | L14: Kls | M14: Pcs | N14: Kls | O14: Pcs | P14: Kls | Q14: Kls | R14: Pcs | S14: Pcs | T14: Pcs | U14: Pcs | V14: Pcs | W14: Pcs | X14: Pcs | Y14: Pcs | Z14: Pcs | AA14: Pcs | AB14: Mtrs | AC14: Mtrs | AD14: Mtrs | AE14: Mtrs | AF14: Mtrs | AG14: Mtrs | AH14: Pcs
A15: 45424 | B15: BEG. BALANCE | C15: ='2-18-24,2024'!C20 -> 0 | D15: ='2-18-24,2024'!D20 -> 0 | E15: ='5-5-11,2024'!E20 -> 25244 | F15: ='5-5-11,2024'!F20 -> 3034.1346 | G15: ='5-5-11,2024'!G20 -> 41875 | H15: ='5-5-11,2024'!H20 -> 4869.186 | I15: ='5-5-11,2024'!I20 -> 64500 | J15: ='5-5-11,2024'!J20 -> 7500 | K15: ='5-5-11,2024'!K20 -> 0 | L15: ='5-5-11,2024'!L20 -> 0 | ... AH15: ='5-5-11,2024'!AH20 -> 348
B16: Withdrawal of Stock from Main Magazine Mill | E16: =150*208 -> 31200 | F16: =E16/208*25 -> 3750 | G16: =150*215 -> 32250 | H16: =G16/215*25 -> 3750 | I16: =50*215 -> 10750 | J16: =I16/215*25 -> 1250 | K16: 0 | L16: 0 | T16: 15120 | X16: 15000 | Z16: 4000 | AA16: 150 | AB16: 13500 | AF16: 10000
B17: TOTAL ON HAND | C17: =C15+C16 -> 0 | D17: =D15+D16 -> 0 | E17: =E15+E16 -> 56444 | F17: =F15+F16 -> 6784.1346 | G17: =G15+G16 -> 74125 | H17: =H15+H16 -> 8619.186 | I17: =I15+I16 -> 75250 | J17: =J15+J16 -> 8750 | ... AH17: =AH15+AH16 -> 348
B18: Less: Total Weekly Consumption | C18: 0 | D18: =C18/200*25 -> 0 | E18: 10219 | F18: =E18/208*25 -> 1228.2452 | G18: 6015 | H18: =G18/215*25 -> 699.4186 | I18: 0 | J18: =I18/135*25 -> 0 | K18: 0 | L18: =K18/150*25 -> 0 | M18: 0 | N18: =M18/150*25 -> 0 | P18: =O18/38*25 -> 0 | Q18: 5748.4 | R18: 0 | S18: 0 | T18: 5013 | U18: 0 | V18: 0 | W18: 63 | X18: 3912 | Z18: 1030 | AA18: 20 | AB18: 26 | AC18: 3750 | AF18: =Z18*2.43 -> 2502.9 | AG18: 0 | AH18: 4
A19: 45430 | B19: STOCK BALANCE | C19: =C17-C18 -> 0 | D19: =D17-D18 -> 0 | E19: =E17-E18 -> 46225 | F19: =F17-F18 -> 5555.8894 | G19: =G17-G18 -> 68110 | H19: =H17-H18 -> 7919.7674 | I19: =I17-I18 -> 75250 | J19: =J17-J18 -> 8750 | ... AH19: =AH17-AH18 -> 344 | AL19: =400+392+2745.29 -> 3537.29
A20: MINE MAG. STOCK USABLE | C20: =C19 -> 0 | D20: =D19 -> 0 | E20: =E19 -> 46225 | F20: =F19 -> 5555.8894 | G20: =G19 -> 68110 | H20: =H19 -> 7919.7674 | I20: =I19 -> 75250 | J20: =J19 -> 8750 | ... AH20: =AH19 -> 344 | AL20: =10000-AL19 -> 6462.71
A23: Prepared by: | F23: Checked by: | Q23: Noted by: | W23: Approved by:
A26: AIHREIN T. BACLAAN | F26: NHOLL GREAL O. LOZADA | Q26: ENGR. EDWIN B. BATAL | W26: ENGR. EARL M. SON
A27: Mine Explosives Dept | F27: Mine Explosives Inventory Supervisor | Q27: Mine Explosives Asst. Manager | W27: Mines Manager

Sheet 5-19-25
A1: PHILSAGA MINING CORPORATION
A2: Bayugan 3,Rosario Agusan del Sur
A4: EXPLOSIVE WEEKLY CONSUMPTION
A5: MAY 19-25, 2024
A8: SUPPLIER | C8: MT. ROCK | G8: EXPEDITION | Q8: MT ROCK | R8: MT. ROCK | W8: EXPEDITION | Z8: MT ROCK | AB8: EXPEDITION | AC8: MT. ROCK | AF8: MT ROCK | AG8: MT ROCK | AH8: EXPEDITION
Q9: EXPEDITION | Z9: EXPEDITION | AF9: EXPEDITION
A10: DATE | B10: DESCRIPTION | C10: PACKAGE EMULSION | Q10: Anfo | R10: DETONATORS | AB10: DETONATING CORD
C11: 200 | E11: 208 | G11: 215 | I11: 135 | K11: 150 | M11: 150 | O11: 38 | R11: NONEL | T11: SUPREME | V11: Shockstar | W11: EXEL | Z11: OBC | AA11: EBC | AB11: Cordtex | AC11: Cordtex | AD11: Cordtex | AE11: Cordtex | AF11: S/Fuse | AG11: Billwire | AH11: FUSE
C12: Super Power | E12: Super Power | G12: Senatel/Pulsar | I12: Senatel/Pulsar | K12: Super Power | M12: Magnum | O12: Senatel/Pulsar | R12: 2.4 | S12: 3.6 | T12: 2.4 | U12: 3.6 | V12: 2.4 | W12: 3.6 | X12: 2.4 | Y12: 4.9 | AB12: 5 | AC12: 10 | AD12: 6 | AE12: 40 | AH12: LIGHTER
C13: 31496 | E13: 17457 | G13: 11082 | I13: 21810 | K13: 17362 | M13: 18389 | O13: 21811 | Q13: 10128 | R13: 10962 | S13: 15427 | T13: 16623 | U13: 16967 | V13: 28230 | W13: 10966 | X13: 10965 | Y13: 21809 | Z13: 11966 | AA13: 11089 | AB13: 10960 | AC13: 10961 | AD13: 10839 | AE13: 10959 | AF13: 12487 | AG13: 16823 | AH13: 11342
C14: Pcs | D14: Kls | E14: Pcs | F14: Kls | G14: Pcs | H14: Kls | I14: Pcs | J14: Kls | K14: Pcs | L14: Kls | M14: Pcs | N14: Kls | O14: Pcs | P14: Kls | Q14: Kls | R14: Pcs | S14: Pcs | T14: Pcs | U14: Pcs | V14: Pcs | W14: Pcs | X14: Pcs | Y14: Pcs | Z14: Pcs | AA14: Pcs | AB14: Mtrs | AC14: Mtrs | AD14: Mtrs | AE14: Mtrs | AF14: Mtrs | AG14: Mtrs | AH14: Pcs
A15: 45431 | B15: BEG. BALANCE | C15: ='2-18-24,2024'!C20 -> 0 | D15: ='2-18-24,2024'!D20 -> 0 | E15: ='5-12-18'!E20 -> 46225 | F15: ='5-12-18'!F20 -> 5555.8894 | G15: ='5-12-18'!G20 -> 68110 | H15: ='5-12-18'!H20 -> 7919.7674 | I15: ='5-12-18'!I20 -> 75250 | J15: ='5-12-18'!J20 -> 8750 | K15: ='5-12-18'!K20 -> 0 | L15: ='5-12-18'!L20 -> 0 | ... AH15: ='5-12-18'!AH20 -> 344
B16: Withdrawal of Stock from Main Magazine Mill
B17: TOTAL ON HAND | C17: =C15+C16 -> 0 | D17: =D15+D16 -> 0 | E17: =E15+E16 -> 46225 | F17: =F15+F16 -> 5555.8894 | G17: =G15+G16 -> 68110 | H17: =H15+H16 -> 7919.7674 | I17: =I15+I16 -> 75250 | J17: =J15+J16 -> 8750 | ... AH17: =AH15+AH16 -> 344
B18: Less: Total Weekly Consumption | C18: 0 | D18: =C18/200*25 -> 0 | E18: 10825 | F18: =E18/208*25 -> 1301.0817 | G18: 6365 | H18: =G18/215*25 -> 740.11628 | I18: 0 | J18: =I18/135*25 -> 0 | K18: 0 | L18: =K18/150*25 -> 0 | M18: 0 | N18: =M18/150*25 -> 0 | P18: =O18/38*25 -> 0 | Q18: 5778.2 | R18: 0 | S18: 0 | T18: 5238 | U18: 0 | V18: 0 | W18: 82 | X18: 3809 | Z18: 1072 | AA18: 16 | AB18: 851 | AC18: 2980 | AF18: =Z18*2.43 -> 2604.96 | AG18: 0 | AH18: 3
A19: 45437 | B19: STOCK BALANCE | C19: =C17-C18 -> 0 | D19: =D17-D18 -> 0 | E19: =E17-E18 -> 35400 | F19: =F17-F18 -> 4254.8077 | G19: =G17-G18 -> 61745 | H19: =H17-H18 -> 7179.6512 | I19: =I17-I18 -> 75250 | J19: =J17-J18 -> 8750 | ... AH19: =AH17-AH18 -> 341 | AL19: =400+392+2745.29 -> 3537.29
A20: MINE MAG. STOCK USABLE | C20: =C19 -> 0 | D20: =D19 -> 0 | E20: =E19 -> 35400 | F20: =F19 -> 4254.8077 | G20: =G19 -> 61745 | H20: =H19 -> 7179.6512 | I20: =I19 -> 75250 | J20: =J19 -> 8750 | ... AH20: =AH19 -> 341 | AL20: =10000-AL19 -> 6462.71
A23: Prepared by: | F23: Checked by: | Q23: Noted by: | W23: Approved by:
A26: AIHREIN T. BACLAAN | F26: NHOLL GREAL O. LOZADA | Q26: ENGR. RAFFY D. TORRES | W26: ENGR. EARL M. SON
A27: Mine Explosives Dept | F27: Mine Explosives Inventory Supervisor | Q27: Mine Explosives Manager | W27: Mines Manager

Sheet 5-26-6-1,2024
A1: PHILSAGA MINING CORPORATION
A2: Bayugan 3,Rosario Agusan del Sur
A4: EXPLOSIVE WEEKLY CONSUMPTION
A5: MAY 26 - JUNE 1, 2024
A8: SUPPLIER | C8: MT. ROCK | G8: EXPEDITION | Q8: MT ROCK | R8: MT. ROCK | W8: EXPEDITION | Z8: MT ROCK | AB8: EXPEDITION | AC8: MT. ROCK | AF8: MT ROCK | AG8: MT ROCK | AH8: EXPEDITION
Q9: EXPEDITION | Z9: EXPEDITION | AF9: EXPEDITION
A10: DATE | B10: DESCRIPTION | C10: PACKAGE EMULSION | Q10: Anfo | R10: DETONATORS | AB10: DETONATING CORD
C11: 200 | E11: 208 | G11: 215 | I11: 135 | K11: 150 | M11: 150 | O11: 38 | R11: NONEL | T11: SUPREME | V11: Shockstar | W11: EXEL | Z11: OBC | AA11: EBC | AB11: Cordtex | AC11: Cordtex | AD11: Cordtex | AE11: Cordtex | AF11: S/Fuse | AG11: Billwire | AH11: FUSE
C12: Super Power | E12: Super Power | G12: Senatel/Pulsar | I12: Senatel/Pulsar | K12: Super Power | M12: Magnum | O12: Senatel/Pulsar | R12: 2.4 | S12: 3.6 | T12: 2.4 | U12: 3.6 | V12: 2.4 | W12: 3.6 | X12: 2.4 | Y12: 4.9 | AB12: 5 | AC12: 10 | AD12: 6 | AE12: 40 | AH12: LIGHTER
C13: 31496 | E13: 17457 | G13: 11082 | I13: 21810 | K13: 17362 | M13: 18389 | O13: 21811 | Q13: 10128 | R13: 10962 | S13: 15427 | T13: 16623 | U13: 16967 | V13: 28230 | W13: 10966 | X13: 10965 | Y13: 21809 | Z13: 11966 | AA13: 11089 | AB13: 10960 | AC13: 10961 | AD13: 10839 | AE13: 10959 | AF13: 12487 | AG13: 16823 | AH13: 11342
C14: Pcs | D14: Kls | E14: Pcs | F14: Kls | G14: Pcs | H14: Kls | I14: Pcs | J14: Kls | K14: Pcs | L14: Kls | M14: Pcs | N14: Kls | O14: Pcs | P14: Kls | Q14: Kls | R14: Pcs | S14: Pcs | T14: Pcs | U14: Pcs | V14: Pcs | W14: Pcs | X14: Pcs | Y14: Pcs | Z14: Pcs | AA14: Pcs | AB14: Mtrs | AC14: Mtrs | AD14: Mtrs | AE14: Mtrs | AF14: Mtrs | AG14: Mtrs | AH14: Pcs
A15: 45438 | B15: BEG. BALANCE | C15: ='2-18-24,2024'!C20 -> 0 | D15: ='2-18-24,2024'!D20 -> 0 | E15: ='5-19-25'!E20 -> 35400 | F15: ='5-19-25'!F20 -> 4254.8077 | G15: ='5-19-25'!G20 -> 61745 | H15: ='5-19-25'!H20 -> 7179.6512 | I15: ='5-19-25'!I20 -> 75250 | J15: ='5-19-25'!J20 -> 8750 | K15: ='5-19-25'!K20 -> 0 | L15: ='5-19-25'!L20 -> 0 | ... AH15: ='5-19-25'!AH20 -> 341
B16: Withdrawal of Stock from Main Magazine Mill
B17: TOTAL ON HAND | C17: =C15+C16 -> 0 | D17: =D15+D16 -> 0 | E17: =E15+E16 -> 35400 | F17: =F15+F16 -> 4254.8077 | G17: =G15+G16 -> 61745 | H17: =H15+H16 -> 7179.6512 | I17: =I15+I16 -> 75250 | J17: =J15+J16 -> 8750 | ... AH17: =AH15+AH16 -> 341
B18: Less: Total Weekly Consumption | C18: 0 | D18: =C18/200*25 -> 0 | E18: 9803 | F18: =E18/208*25 -> 1178.2452 | G18: 6822 | H18: =G18/215*25 -> 793.25581 | I18: 0 | J18: =I18/135*25 -> 0 | K18: 0 | L18: =K18/150*25 -> 0 | M18: 0 | N18: =M18/150*25 -> 0 | P18: =O18/38*25 -> 0 | Q18: 5801.4 | R18: 0 | S18: 0 | T18: 5124 | U18: 0 | V18: 0 | W18: 214 | X18: 3513 | Z18: 1112 | AA18: 24 | AB18: 1478 | AC18: 2012 | AF18: =Z18*2.43 -> 2702.16 | AG18: 0 | AH18: 1
A19: 45444 | B19: STOCK BALANCE | C19: =C17-C18 -> 0 | D19: =D17-D18 -> 0 | E19: =E17-E18 -> 25597 | F19: =F17-F18 -> 3076.5625 | G19: =G17-G18 -> 54923 | H19: =H17-H18 -> 6386.3953 | I19: =I17-I18 -> 75250 | J19: =J17-J18 -> 8750 | ... AH19: =AH17-AH18 -> 340 | AL19: =400+392+2745.29 -> 3537.29
A20: MINE MAG. STOCK USABLE | C20: =C19 -> 0 | D20: =D19 -> 0 | E20: =E19 -> 25597 | F20: =F19 -> 3076.5625 | G20: =G19 -> 54923 | H20: =H19 -> 6386.3953 | I20: =I19 -> 75250 | J20: =J19 -> 8750 | ... AH20: =AH19 -> 340 | AL20: =10000-AL19 -> 6462.71
E21: =9803/208 -> 47.129808 | G21: =6822/215 -> 31.730233 | Q21: =5801/25 -> 232.04
A23: Prepared by: | F23: Checked by: | Q23: Noted by: | W23: Approved by:
A26: AIHREIN T. BACLAAN | F26: NHOLL GREAL O. LOZADA | Q26: ENGR. RAFFY D. TORRES | W26: ENGR. EARL M. SON
A27: Mine Explosives Dept | F27: Mine Explosives Inventory Supervisor | Q27: Mine Explosives Manager | W27: Mines Manager

Sheet 6-2-8,2024
A1: PHILSAGA MINING CORPORATION
A2: Bayugan 3,Rosario Agusan del Sur
A4: EXPLOSIVE WEEKLY CONSUMPTION
A5: JUNE 2-8, 2024
A8: SUPPLIER | C8: MT. ROCK | G8: EXPEDITION | Q8: MT ROCK | R8: MT. ROCK | W8: EXPEDITION | Z8: MT ROCK | AB8: EXPEDITION | AC8: MT. ROCK | AF8: MT ROCK | AG8: MT ROCK | AH8: EXPEDITION
Q9: EXPEDITION | Z9: EXPEDITION | AF9: EXPEDITION
A10: DATE | B10: DESCRIPTION | C10: PACKAGE EMULSION | Q10: Anfo | R10: DETONATORS | AB10: DETONATING CORD
C11: 200 | E11: 208 | G11: 215 | I11: 135 | K11: 150 | M11: 150 | O11: 38 | R11: NONEL | T11: SUPREME | V11: Shockstar | W11: EXEL | Z11: OBC | AA11: EBC | AB11: Cordtex | AC11: Cordtex | AD11: Cordtex | AE11: Cordtex | AF11: S/Fuse | AG11: Billwire | AH11: FUSE
C12: Super Power | E12: Super Power | G12: Senatel/Pulsar | I12: Senatel/Pulsar | K12: Super Power | M12: Magnum | O12: Senatel/Pulsar | R12: 2.4 | S12: 3.6 | T12: 2.4 | U12: 3.6 | V12: 2.4 | W12: 3.6 | X12: 2.4 | Y12: 4.9 | AB12: 5 | AC12: 10 | AD12: 6 | AE12: 40 | AH12: LIGHTER
C13: 31496 | E13: 17457 | G13: 11082 | I13: 21810 | K13: 17362 | M13: 18389 | O13: 21811 | Q13: 10128 | R13: 10962 | S13: 15427 | T13: 16623 | U13: 16967 | V13: 28230 | W13: 10966 | X13: 10965 | Y13: 21809 | Z13: 11966 | AA13: 11089 | AB13: 10960 | AC13: 10961 | AD13: 10839 | AE13: 10959 | AF13: 12487 | AG13: 16823 | AH13: 11342
C14: Pcs | D14: Kls | E14: Pcs | F14: Kls | G14: Pcs | H14: Kls | I14: Pcs | J14: Kls | K14: Pcs | L14: Kls | M14: Pcs | N14: Kls | O14: Pcs | P14: Kls | Q14: Kls | R14: Pcs | S14: Pcs | T14: Pcs | U14: Pcs | V14: Pcs | W14: Pcs | X14: Pcs | Y14: Pcs | Z14: Pcs | AA14: Pcs | AB14: Mtrs | AC14: Mtrs | AD14: Mtrs | AE14: Mtrs | AF14: Mtrs | AG14: Mtrs | AH14: Pcs
A15: 45445 | B15: BEG. BALANCE | C15: ='2-18-24,2024'!C20 -> 0 | D15: ='2-18-24,2024'!D20 -> 0 | E15: ='5-26-6-1,2024'!E20 -> 25597 | F15: ='5-26-6-1,2024'!F20 -> 3076.5625 | G15: ='5-26-6-1,2024'!G20 -> 54923 | H15: ='5-26-6-1,2024'!H20 -> 6386.3953 | I15: ='5-26-6-1,2024'!I20 -> 75250 | J15: ='5-26-6-1,2024'!J20 -> 8750 | K15: ='5-26-6-1,2024'!K20 -> 0 | L15: ='5-26-6-1,2024'!L20 -> 0 | ... AH15: ='5-26-6-1,2024'!AH20 -> 340
B16: Withdrawal of Stock from Main Magazine Mill | E16: =150*208 -> 31200 | F16: =E16/208*25 -> 3750 | G16: =150*215 -> 32250 | H16: =G16/215*25 -> 3750 | I16: =50*215 -> 10750 | J16: =I16/215*25 -> 1250 | K16: 0 | L16: 0 | T16: 13680 | X16: 21000 | Z16: 4000 | AA16: 0 | AB16: 11700 | AC16: 2000 | AF16: 15000
B17: TOTAL ON HAND | C17: =C15+C16 -> 0 | D17: =D15+D16 -> 0 | E17: =E15+E16 -> 56797 | F17: =F15+F16 -> 6826.5625 | G17: =G15+G16 -> 87173 | H17: =H15+H16 -> 10136.395 | I17: =I15+I16 -> 86000 | J17: =J15+J16 -> 10000 | ... AH17: =AH15+AH16 -> 340
B18: Less: Total Weekly Consumption | C18: 0 | D18: =C18/200*25 -> 0 | E18: 8544 | F18: =E18/208*25 -> 1026.9231 | G18: 10450 | H18: =G18/215*25 -> 1215.1163 | I18: 0 | J18: =I18/135*25 -> 0 | K18: 0 | L18: =K18/150*25 -> 0 | M18: 0 | N18: =M18/150*25 -> 0 | P18: =O18/38*25 -> 0 | Q18: 6784.8 | R18: 0 | S18: 0 | T18: 4599 | U18: 0 | V18: 0 | W18: 392 | X18: 5201 | Z18: 1279 | AA18: 32 | AB18: 1874 | AC18: 2337 | AF18: =Z18*2.43 -> 3107.97 | AG18: 0 | AH18: 6
A19: 45451 | B19: STOCK BALANCE | C19: =C17-C18 -> 0 | D19: =D17-D18 -> 0 | E19: =E17-E18 -> 48253 | F19: =F17-F18 -> 5799.6394 | G19: =G17-G18 -> 76723 | H19: =H17-H18 -> 8921.2791 | I19: =I17-I18 -> 86000 | J19: =J17-J18 -> 10000 | ... AH19: =AH17-AH18 -> 334 | AL19: =400+392+2745.29 -> 3537.29
A20: MINE MAG. STOCK USABLE | C20: =C19 -> 0 | D20: =D19 -> 0 | E20: =E19 -> 48253 | F20: =F19 -> 5799.6394 | G20: =G19 -> 76723 | H20: =H19 -> 8921.2791 | I20: =I19 -> 86000 | J20: =J19 -> 10000 | ... AH20: =AH19 -> 334 | AL20: =10000-AL19 -> 6462.71
E21: =8544/208 -> 41.076923 | G21: =10450/215 -> 48.604651 | Q21: =6784/25 -> 271.36
A23: Prepared by: | F23: Checked by: | Q23: Noted by: | W23: Approved by:
A26: AIHREIN T. BACLAAN | F26: NHOLL GREAL O. LOZADA | Q26: ENGR. RAFFY D. TORRES | W26: ENGR. EARL M. SON
A27: Mine Explosives Dept | F27: Mine Explosives Inventory Supervisor | Q27: Mine Explosives Manager | W27: Mines Manager

Sheet 6-9-15
A1: PHILSAGA MINING CORPORATION
A2: Bayugan 3,Rosario Agusan del Sur
A4: EXPLOSIVE WEEKLY CONSUMPTION
A5: JUNE 9-15, 2024
A8: SUPPLIER | C8: MT. ROCK | G8: EXPEDITION | Q8: MT ROCK | R8: MT. ROCK | W8: EXPEDITION | Z8: MT ROCK | AB8: EXPEDITION | AC8: MT. ROCK | AF8: MT ROCK | AG8: MT ROCK | AH8: EXPEDITION
Q9: EXPEDITION | Z9: EXPEDITION | AF9: EXPEDITION
A10: DATE | B10: DESCRIPTION | C10: PACKAGE EMULSION | Q10: Anfo | R10: DETONATORS | AB10: DETONATING CORD
C11: 200 | E11: 208 | G11: 215 | I11: 135 | K11: 150 | M11: 150 | O11: 38 | R11: NONEL | T11: SUPREME | V11: Shockstar | W11: EXEL | Z11: OBC | AA11: EBC | AB11: Cordtex | AC11: Cordtex | AD11: Cordtex | AE11: Cordtex | AF11: S/Fuse | AG11: Billwire | AH11: FUSE
C12: Super Power | E12: Super Power | G12: Senatel/Pulsar | I12: Senatel/Pulsar | K12: Super Power | M12: Magnum | O12: Senatel/Pulsar | R12: 2.4 | S12: 3.6 | T12: 2.4 | U12: 3.6 | V12: 2.4 | W12: 3.6 | X12: 2.4 | Y12: 4.9 | AB12: 5 | AC12: 10 | AD12: 6 | AE12: 40 | AH12: LIGHTER
C13: 31496 | E13: 17457 | G13: 11082 | I13: 21810 | K13: 17362 | M13: 18389 | O13: 21811 | Q13: 10128 | R13: 10962 | S13: 15427 | T13: 16623 | U13: 16967 | V13: 28230 | W13: 10966 | X13: 10965 | Y13: 21809 | Z13: 11966 | AA13: 11089 | AB13: 10960 | AC13: 10961 | AD13: 10839 | AE13: 10959 | AF13: 12487 | AG13: 16823 | AH13: 11342
C14: Pcs | D14: Kls | E14: Pcs | F14: Kls | G14: Pcs | H14: Kls | I14: Pcs | J14: Kls | K14: Pcs | L14: Kls | M14: Pcs | N14: Kls | O14: Pcs | P14: Kls | Q14: Kls | R14: Pcs | S14: Pcs | T14: Pcs | U14: Pcs | V14: Pcs | W14: Pcs | X14: Pcs | Y14: Pcs | Z14: Pcs | AA14: Pcs | AB14: Mtrs | AC14: Mtrs | AD14: Mtrs | AE14: Mtrs | AF14: Mtrs | AG14: Mtrs | AH14: Pcs
A15: 45452 | B15: BEG. BALANCE | C15: ='2-18-24,2024'!C20 -> 0 | D15: ='2-18-24,2024'!D20 -> 0 | E15: ='6-2-8,2024'!E20 -> 48253 | F15: ='6-2-8,2024'!F20 -> 5799.6394 | G15: ='6-2-8,2024'!G20 -> 76723 | H15: ='6-2-8,2024'!H20 -> 8921.2791 | I15: ='6-2-8,2024'!I20 -> 86000 | J15: ='6-2-8,2024'!J20 -> 10000 | K15: ='6-2-8,2024'!K20 -> 0 | L15: ='6-2-8,2024'!L20 -> 0 | ... AH15: ='6-2-8,2024'!AH20 -> 334
B16: Withdrawal of Stock from Main Magazine Mill
B17: TOTAL ON HAND | C17: =C15+C16 -> 0 | D17: =D15+D16 -> 0 | E17: =E15+E16 -> 48253 | F17: =F15+F16 -> 5799.6394 | G17: =G15+G16 -> 76723 | H17: =H15+H16 -> 8921.2791 | I17: =I15+I16 -> 86000 | J17: =J15+J16 -> 10000 | ... AH17: =AH15+AH16 -> 334
B18: Less: Total Weekly Consumption | C18: 0 | D18: =C18/200*25 -> 0 | E18: 8324 | F18: =E18/208*25 -> 1000.4808 | G18: 9380 | H18: =G18/215*25 -> 1090.6977 | I18: 0 | J18: =I18/135*25 -> 0 | K18: 0 | L18: =K18/150*25 -> 0 | M18: 0 | N18: =M18/150*25 -> 0 | P18: =O18/38*25 -> 0 | Q18: 6203.4 | R18: 0 | S18: 0 | T18: 4898 | U18: 0 | V18: 0 | W18: 261 | X18: 4419 | Z18: 1107 | AA18: 20 | AB18: 1638 | AC18: 2251 | AF18: =Z18*2.43 -> 2690.01 | AG18: 0 | AH18: 5
A19: 45458 | B19: STOCK BALANCE | C19: =C17-C18 -> 0 | D19: =D17-D18 -> 0 | E19: =E17-E18 -> 39929 | F19: =F17-F18 -> 4799.1587 | G19: =G17-G18 -> 67343 | H19: =H17-H18 -> 7830.5814 | I19: =I17-I18 -> 86000 | J19: =J17-J18 -> 10000 | ... AH19: =AH17-AH18 -> 329 | AL19: =400+392+2745.29 -> 3537.29
A20: MINE MAG. STOCK USABLE | C20: =C19 -> 0 | D20: =D19 -> 0 | E20: =E19 -> 39929 | F20: =F19 -> 4799.1587 | G20: =G19 -> 67343 | H20: =H19 -> 7830.5814 | I20: =I19 -> 86000 | J20: =J19 -> 10000 | ... AH20: =AH19 -> 329 | AL20: =10000-AL19 -> 6462.71
E21: =8324/208 -> 40.019231 | G21: =9380/215 -> 43.627907 | Q21: =6203/25 -> 248.12
A23: Prepared by: | F23: Checked by: | Q23: Noted by: | W23: Approved by:
A26: AIHREIN T. BACLAAN | F26: NHOLL GREAL O. LOZADA | Q26: ENGR. RAFFY D. TORRES | W26: ENGR. EARL M. SON
A27: Mine Explosives Dept | F27: Mine Explosives Inventory Supervisor | Q27: Mine Explosives Manager | W27: Mines Manager

Sheet 6-16-22
A1: PHILSAGA MINING CORPORATION
A2: Bayugan 3,Rosario Agusan del Sur
A4: EXPLOSIVE WEEKLY CONSUMPTION
A5: JUNE 16-22, 2024
A8: SUPPLIER | C8: MT. ROCK | G8: EXPEDITION | Q8: MT ROCK | R8: MT. ROCK | W8: EXPEDITION | Z8: MT ROCK | AB8: EXPEDITION | AC8: MT. ROCK | AF8: MT ROCK | AG8: MT ROCK | AH8: EXPEDITION
Q9: EXPEDITION | Z9: EXPEDITION | AF9: EXPEDITION
A10: DATE | B10: DESCRIPTION | C10: PACKAGE EMULSION | Q10: Anfo | R10: DETONATORS | AB10: DETONATING CORD
C11: 200 | E11: 208 | G11: 215 | I11: 135 | K11: 150 | M11: 150 | O11: 38 | R11: NONEL | T11: SUPREME | V11: Shockstar | W11: EXEL | Z11: OBC | AA11: EBC | AB11: Cordtex | AC11: Cordtex | AD11: Cordtex | AE11: Cordtex | AF11: S/Fuse | AG11: Billwire | AH11: FUSE
C12: Super Power | E12: Super Power | G12: Senatel/Pulsar | I12: Senatel/Pulsar | K12: Super Power | M12: Magnum | O12: Senatel/Pulsar | R12: 2.4 | S12: 3.6 | T12: 2.4 | U12: 3.6 | V12: 2.4 | W12: 3.6 | X12: 2.4 | Y12: 4.9 | AB12: 5 | AC12: 10 | AD12: 6 | AE12: 40 | AH12: LIGHTER
C13: 31496 | E13: 17457 | G13: 11082 | I13: 21810 | K13: 17362 | M13: 18389 | O13: 21811 | Q13: 10128 | R13: 10962 | S13: 15427 | T13: 16623 | U13: 16967 | V13: 28230 | W13: 10966 | X13: 10965 | Y13: 21809 | Z13: 11966 | AA13: 11089 | AB13: 10960 | AC13: 10961 | AD13: 10839 | AE13: 10959 | AF13: 12487 | AG13: 16823 | AH13: 11342
C14: Pcs | D14: Kls | E14: Pcs | F14: Kls | G14: Pcs | H14: Kls | I14: Pcs | J14: Kls | K14: Pcs | L14: Kls | M14: Pcs | N14: Kls | O14: Pcs | P14: Kls | Q14: Kls | R14: Pcs | S14: Pcs | T14: Pcs | U14: Pcs | V14: Pcs | W14: Pcs | X14: Pcs | Y14: Pcs | Z14: Pcs | AA14: Pcs | AB14: Mtrs | AC14: Mtrs | AD14: Mtrs | AE14: Mtrs | AF14: Mtrs | AG14: Mtrs | AH14: Pcs
A15: 45459 | B15: BEG. BALANCE | C15: ='2-18-24,2024'!C20 -> 0 | D15: ='2-18-24,2024'!D20 -> 0 | E15: ='6-9-15'!E20 -> 39929 | F15: ='6-9-15'!F20 -> 4799.1587 | G15: ='6-9-15'!G20 -> 67343 | H15: ='6-9-15'!H20 -> 7830.5814 | I15: ='6-9-15'!I20 -> 86000 | J15: ='6-9-15'!J20 -> 10000 | K15: ='6-9-15'!K20 -> 0 | L15: ='6-9-15'!L20 -> 0 | ... AH15: ='6-9-15'!AH20 -> 329
B16: Withdrawal of Stock from Main Magazine Mill | E16: 20800 | F16: =E16/208*25 -> 2500 | G16: 21500 | H16: =G16/215*25 -> 2500 | I16: =50*215 -> 10750 | J16: =I16/215*25 -> 1250 | K16: 0 | L16: 0 | Q16: 10000 | T16: 5400 | X16: 25000 | Z16: 4000 | AA16: 100 | AB16: 2700 | AC16: 9000 | AF16: 17000
B17: TOTAL ON HAND | C17: =C15+C16 -> 0 | D17: =D15+D16 -> 0 | E17: =E15+E16 -> 60729 | F17: =F15+F16 -> 7299.1587 | G17: =G15+G16 -> 88843 | H17: =H15+H16 -> 10330.581 | I17: =I15+I16 -> 96750 | J17: =J15+J16 -> 11250 | ... AH17: =AH15+AH16 -> 329
B18: Less: Total Weekly Consumption | C18: 0 | D18: =C18/200*25 -> 0 | E18: 6337 | F18: =E18/208*25 -> 761.65865 | G18: 10679 | H18: =G18/215*25 -> 1241.7442 | I18: 0 | J18: =I18/135*25 -> 0 | K18: 0 | L18: =K18/150*25 -> 0 | M18: 0 | N18: =M18/150*25 -> 0 | P18: =O18/38*25 -> 0 | Q18: 6722.8 | R18: 0 | S18: 0 | T18: 4765 | U18: 0 | V18: 0 | W18: 487 | X18: 4496 | Z18: 1122 | AA18: 32 | AB18: 1661 | AC18: 2205 | AE18: 0 | AF18: =Z18*2.43 -> 2726.46 | AG18: 0 | AH18: 7
A19: 45465 | B19: STOCK BALANCE | C19: =C17-C18 -> 0 | D19: =D17-D18 -> 0 | E19: =E17-E18 -> 54392 | F19: =F17-F18 -> 6537.5 | G19: =G17-G18 -> 78164 | H19: =H17-H18 -> 9088.8372 | I19: =I17-I18 -> 96750 | J19: =J17-J18 -> 11250 | ... AH19: =AH17-AH18 -> 322 | AL19: =400+392+2745.29 -> 3537.29
A20: MINE MAG. STOCK USABLE | C20: =C19 -> 0 | D20: =D19 -> 0 | E20: =E19 -> 54392 | F20: =F19 -> 6537.5 | G20: =G19 -> 78164 | H20: =H19 -> 9088.8372 | I20: =I19 -> 96750 | J20: =J19 -> 11250 | ... AH20: =AH19 -> 322 | AL20: =10000-AL19 -> 6462.71
E21: =6337/208 -> 30.466346 | G21: =10679/215 -> 49.669767 | Q21: =6722/25 -> 268.88
A23: Prepared by: | F23: Checked by: | Q23: Noted by: | W23: Approved by:
A26: AIHREIN T. BACLAAN | F26: NHOLL GREAL O. LOZADA | Q26: ENGR. RAFFY D. TORRES | W26: ENGR. EARL M. SON
A27: Mine Explosives Dept | F27: Mine Explosives Inventory Supervisor | Q27: Mine Explosives Manager | W27: Mines Manager

Sheet 6-23-29
A1: PHILSAGA MINING CORPORATION
A2: Bayugan 3,Rosario Agusan del Sur
A4: EXPLOSIVE WEEKLY CONSUMPTION
A5: JUNE 23-29, 2024
A8: SUPPLIER | C8: MT. ROCK | G8: EXPEDITION | Q8: MT ROCK | R8: MT. ROCK | W8: EXPEDITION | Z8: MT ROCK | AB8: EXPEDITION | AC8: MT. ROCK | AF8: MT ROCK | AG8: MT ROCK | AH8: EXPEDITION
Q9: EXPEDITION | Z9: EXPEDITION | AF9: EXPEDITION
A10: DATE | B10: DESCRIPTION | C10: PACKAGE EMULSION | Q10: Anfo | R10: DETONATORS | AB10: DETONATING CORD
C11: 200 | E11: 208 | G11: 215 | I11: 135 | K11: 150 | M11: 150 | O11: 38 | R11: NONEL | T11: SUPREME | V11: Shockstar | W11: EXEL | Z11: OBC | AA11: EBC | AB11: Cordtex | AC11: Cordtex | AD11: Cordtex | AE11: Cordtex | AF11: S/Fuse | AG11: Billwire | AH11: FUSE
C12: Super Power | E12: Super Power | G12: Senatel/Pulsar | I12: Senatel/Pulsar | K12: Super Power | M12: Magnum | O12: Senatel/Pulsar | R12: 2.4 | S12: 3.6 | T12: 2.4 | U12: 3.6 | V12: 2.4 | W12: 3.6 | X12: 2.4 | Y12: 4.9 | AB12: 5 | AC12: 10 | AD12: 6 | AE12: 40 | AH12: LIGHTER
C13: 31496 | E13: 17457 | G13: 11082 | I13: 21810 | K13: 17362 | M13: 18389 | O13: 21811 | Q13: 10128 | R13: 10962 | S13: 15427 | T13: 16623 | U13: 16967 | V13: 28230 | W13: 10966 | X13: 10965 | Y13: 21809 | Z13: 11966 | AA13: 11089 | AB13: 10960 | AC13: 10961 | AD13: 10839 | AE13: 10959 | AF13: 12487 | AG13: 16823 | AH13: 11342
C14: Pcs | D14: Kls | E14: Pcs | F14: Kls | G14: Pcs | H14: Kls | I14: Pcs | J14: Kls | K14: Pcs | L14: Kls | M14: Pcs | N14: Kls | O14: Pcs | P14: Kls | Q14: Kls | R14: Pcs | S14: Pcs | T14: Pcs | U14: Pcs | V14: Pcs | W14: Pcs | X14: Pcs | Y14: Pcs | Z14: Pcs | AA14: Pcs | AB14: Mtrs | AC14: Mtrs | AD14: Mtrs | AE14: Mtrs | AF14: Mtrs | AG14: Mtrs | AH14: Pcs
A15: 45466 | B15: BEG. BALANCE | C15: ='2-18-24,2024'!C20 -> 0 | D15: ='2-18-24,2024'!D20 -> 0 | E15: ='6-16-22'!E20 -> 54392 | F15: ='6-16-22'!F20 -> 6537.5 | G15: ='6-16-22'!G20 -> 78164 | H15: ='6-16-22'!H20 -> 9088.8372 | I15: ='6-16-22'!I20 -> 96750 | J15: ='6-16-22'!J20 -> 11250 | K15: ='6-16-22'!K20 -> 0 | L15: ='6-16-22'!L20 -> 0 | ... AH15: ='6-16-22'!AH20 -> 322
B16: Withdrawal of Stock from Main Magazine Mill
B17: TOTAL ON HAND | C17: =C15+C16 -> 0 | D17: =D15+D16 -> 0 | E17: =E15+E16 -> 54392 | F17: =F15+F16 -> 6537.5 | G17: =G15+G16 -> 78164 | H17: =H15+H16 -> 9088.8372 | I17: =I15+I16 -> 96750 | J17: =J15+J16 -> 11250 | ... AH17: =AH15+AH16 -> 322
B18: Less: Total Weekly Consumption | C18: 0 | D18: =C18/200*25 -> 0 | E18: 10032 | F18: =E18/208*25 -> 1205.7692 | G18: 8609 | H18: =G18/215*25 -> 1001.0465 | I18: 0 | J18: =I18/135*25 -> 0 | K18: 0 | L18: =K18/150*25 -> 0 | M18: 0 | N18: =M18/150*25 -> 0 | P18: =O18/38*25 -> 0 | Q18: 7197 | R18: 0 | S18: 0 | T18: 6031 | U18: 0 | V18: 0 | W18: 260 | X18: 4210 | Z18: 1240 | AA18: 28 | AB18: 1551 | AC18: 2615 | AF18: =Z18*2.43 -> 3013.2 | AG18: 380 | AH18: 6
A19: 45472 | B19: STOCK BALANCE | C19: =C17-C18 -> 0 | D19: =D17-D18 -> 0 | E19: =E17-E18 -> 44360 | F19: =F17-F18 -> 5331.7308 | G19: =G17-G18 -> 69555 | H19: =H17-H18 -> 8087.7907 | I19: =I17-I18 -> 96750 | J19: =J17-J18 -> 11250 | ... AH19: =AH17-AH18 -> 316 | AL19: =400+392+2745.29 -> 3537.29
A20: MINE MAG. STOCK USABLE | C20: =C19 -> 0 | D20: =D19 -> 0 | E20: =E19 -> 44360 | F20: =F19 -> 5331.7308 | G20: =G19 -> 69555 | H20: =H19 -> 8087.7907 | I20: =I19 -> 96750 | J20: =J19 -> 11250 | ... AH20: =AH19 -> 316 | AL20: =10000-AL19 -> 6462.71
E21: =10032/208 -> 48.230769 | G21: =8609/215 -> 40.04186 | Q21: =7197/25 -> 287.88
A23: Prepared by: | F23: Checked by: | Q23: Noted by: | W23: Approved by:
A26: AIHREIN T. BACLAAN | F26: NHOLL GREAL O. LOZADA | Q26: ENGR. RAFFY D. TORRES | W26: ENGR. EARL M. SON
A27: Mine Explosives Dept | F27: Mine Explosives Inventory Supervisor | Q27: Mine Explosives Manager | W27: Mines Manager

Sheet 6-30-7-6,2024
A1: PHILSAGA MINING CORPORATION
A2: Bayugan 3,Rosario Agusan del Sur
A4: EXPLOSIVE WEEKLY CONSUMPTION
A5: JUNE 30 - JULY 6, 2024
A8: SUPPLIER | C8: MT. ROCK | G8: EXPEDITION | Q8: MT ROCK | R8: MT. ROCK | W8: EXPEDITION | Z8: MT ROCK | AB8: EXPEDITION | AC8: MT. ROCK | AF8: MT ROCK | AG8: MT ROCK | AH8: EXPEDITION
Q9: EXPEDITION | Z9: EXPEDITION | AF9: EXPEDITION
A10: DATE | B10: DESCRIPTION | C10: PACKAGE EMULSION | Q10: Anfo | R10: DETONATORS | AB10: DETONATING CORD
C11: 200 | E11: 208 | G11: 215 | I11: 135 | K11: 150 | M11: 150 | O11: 38 | R11: NONEL | T11: SUPREME | V11: Shockstar | W11: EXEL | Z11: OBC | AA11: EBC | AB11: Cordtex | AC11: Cordtex | AD11: Cordtex | AE11: Cordtex | AF11: S/Fuse | AG11: Billwire | AH11: FUSE
C12: Super Power | E12: Super Power | G12: Senatel/Pulsar | I12: Senatel/Pulsar | K12: Super Power | M12: Magnum | O12: Senatel/Pulsar | R12: 2.4 | S12: 3.6 | T12: 2.4 | U12: 3.6 | V12: 2.4 | W12: 3.6 | X12: 2.4 | Y12: 4.9 | AB12: 5 | AC12: 10 | AD12: 6 | AE12: 40 | AH12: LIGHTER
C13: 31496 | E13: 17457 | G13: 11082 | I13: 21810 | K13: 17362 | M13: 18389 | O13: 21811 | Q13: 10128 | R13: 10962 | S13: 15427 | T13: 16623 | U13: 16967 | V13: 28230 | W13: 10966 | X13: 10965 | Y13: 21809 | Z13: 11966 | AA13: 11089 | AB13: 10960 | AC13: 10961 | AD13: 10839 | AE13: 10959 | AF13: 12487 | AG13: 16823 | AH13: 11342
C14: Pcs | D14: Kls | E14: Pcs | F14: Kls | G14: Pcs | H14: Kls | I14: Pcs | J14: Kls | K14: Pcs | L14: Kls | M14: Pcs | N14: Kls | O14: Pcs | P14: Kls | Q14: Kls | R14: Pcs | S14: Pcs | T14: Pcs | U14: Pcs | V14: Pcs | W14: Pcs | X14: Pcs | Y14: Pcs | Z14: Pcs | AA14: Pcs | AB14: Mtrs | AC14: Mtrs | AD14: Mtrs | AE14: Mtrs | AF14: Mtrs | AG14: Mtrs | AH14: Pcs
A15: 45473 | B15: BEG. BALANCE | C15: ='2-18-24,2024'!C20 -> 0 | D15: ='2-18-24,2024'!D20 -> 0 | E15: ='6-23-29'!E20 -> 44360 | F15: ='6-23-29'!F20 -> 5331.7308 | G15: ='6-23-29'!G20 -> 69555 | H15: ='6-23-29'!H20 -> 8087.7907 | I15: ='6-23-29'!I20 -> 96750 | J15: ='6-23-29'!J20 -> 11250 | K15: ='6-23-29'!K20 -> 0 | L15: ='6-23-29'!L20 -> 0 | ... AH15: ='6-23-29'!AH20 -> 316
B16: Withdrawal of Stock from Main Magazine Mill | E16: =100*208 -> 20800 | F16: =E16/208*25 -> 2500 | G16: =100*215 -> 21500 | H16: =G16/215*25 -> 2500 | I16: =50*215 -> 10750 | J16: =I16/215*25 -> 1250 | K16: 0 | L16: 0 | Q16: =500*25 -> 12500 | X16: 20250 | Z16: 4000 | AA16: 0 | AC16: 3000 | AF16: 8000
B17: TOTAL ON HAND | C17: =C15+C16 -> 0 | D17: =D15+D16 -> 0 | E17: =E15+E16 -> 65160 | F17: =F15+F16 -> 7831.7308 | G17: =G15+G16 -> 91055 | H17: =H15+H16 -> 10587.791 | I17: =I15+I16 -> 107500 | J17: =J15+J16 -> 12500 | ... AH17: =AH15+AH16 -> 316
B18: Less: Total Weekly Consumption | C18: 0 | D18: =C18/200*25 -> 0 | E18: 9540 | F18: =E18/208*25 -> 1146.6346 | G18: 8304 | H18: =G18/215*25 -> 965.5814 | I18: 0 | J18: =I18/135*25 -> 0 | K18: 0 | L18: =K18/150*25 -> 0 | M18: 0 | N18: =M18/150*25 -> 0 | P18: =O18/38*25 -> 0 | Q18: 6571 | R18: 0 | S18: 0 | T18: 5405 | U18: 0 | V18: 0 | W18: 133 | X18: 4212 | Z18: 1137 | AA18: 32 | AB18: 1522 | AC18: 2438 | AF18: =Z18*2.43 -> 2762.91 | AH18: 14
A19: 45479 | B19: STOCK BALANCE | C19: =C17-C18 -> 0 | D19: =D17-D18 -> 0 | E19: =E17-E18 -> 55620 | F19: =F17-F18 -> 6685.0962 | G19: =G17-G18 -> 82751 | H19: =H17-H18 -> 9622.2093 | I19: =I17-I18 -> 107500 | J19: =J17-J18 -> 12500 | ... AH19: =AH17-AH18 -> 302 | AL19: =400+392+2745.29 -> 3537.29
A20: MINE MAG. STOCK USABLE | C20: =C19 -> 0 | D20: =D19 -> 0 | E20: =E19 -> 55620 | F20: =F19 -> 6685.0962 | G20: =G19 -> 82751 | H20: =H19 -> 9622.2093 | I20: =I19 -> 107500 | J20: =J19 -> 12500 | ... AH20: =AH19 -> 302 | AL20: =10000-AL19 -> 6462.71
E21: =9540/208 -> 45.865385 | G21: =8304/215 -> 38.623256 | Q21: =6571/25 -> 262.84
A23: Prepared by: | F23: Checked by: | Q23: Noted by: | W23: Approved by:
A26: AIHREIN T. BACLAAN | F26: NHOLL GREAL O. LOZADA | Q26: ENGR. RAFFY D. TORRES | W26: ENGR. EARL M. SON
A27: Mine Explosives Dept | F27: Mine Explosives Inventory Supervisor | Q27: Mine Explosives Manager | W27: Mines Manager

Sheet 7-7-13,2024
A1: PHILSAGA MINING CORPORATION
A2: Bayugan 3,Rosario Agusan del Sur
A4: EXPLOSIVE WEEKLY CONSUMPTION
A5: JULY 7-13, 2024
A8: SUPPLIER | C8: MT. ROCK | G8: EXPEDITION | Q8: MT ROCK | R8: MT. ROCK | W8: EXPEDITION | Z8: MT ROCK | AB8: EXPEDITION | AC8: MT. ROCK | AF8: MT ROCK | AG8: MT ROCK | AH8: EXPEDITION
Q9: EXPEDITION | Z9: EXPEDITION | AF9: EXPEDITION
A10: DATE | B10: DESCRIPTION | C10: PACKAGE EMULSION | Q10: Anfo | R10: DETONATORS | AB10: DETONATING CORD
C11: 200 | E11: 208 | G11: 215 | I11: 135 | K11: 150 | M11: 150 | O11: 38 | R11: NONEL | T11: SUPREME | V11: Shockstar | W11: EXEL | Z11: OBC | AA11: EBC | AB11: Cordtex | AC11: Cordtex | AD11: Cordtex | AE11: Cordtex | AF11: S/Fuse | AG11: Billwire | AH11: FUSE
C12: Super Power | E12: Super Power | G12: Senatel/Pulsar | I12: Senatel/Pulsar | K12: Super Power | M12: Magnum | O12: Senatel/Pulsar | R12: 2.4 | S12: 3.6 | T12: 2.4 | U12: 3.6 | V12: 2.4 | W12: 3.6 | X12: 2.4 | Y12: 4.9 | AB12: 5 | AC12: 10 | AD12: 6 | AE12: 40 | AH12: LIGHTER
C13: 31496 | E13: 17457 | G13: 11082 | I13: 21810 | K13: 17362 | M13: 18389 | O13: 21811 | Q13: 10128 | R13: 10962 | S13: 15427 | T13: 16623 | U13: 16967 | V13: 28230 | W13: 10966 | X13: 10965 | Y13: 21809 | Z13: 11966 | AA13: 11089 | AB13: 10960 | AC13: 10961 | AD13: 10839 | AE13: 10959 | AF13: 12487 | AG13: 16823 | AH13: 11342
C14: Pcs | D14: Kls | E14: Pcs | F14: Kls | G14: Pcs | H14: Kls | I14: Pcs | J14: Kls | K14: Pcs | L14: Kls | M14: Pcs | N14: Kls | O14: Pcs | P14: Kls | Q14: Kls | R14: Pcs | S14: Pcs | T14: Pcs | U14: Pcs | V14: Pcs | W14: Pcs | X14: Pcs | Y14: Pcs | Z14: Pcs | AA14: Pcs | AB14: Mtrs | AC14: Mtrs | AD14: Mtrs | AE14: Mtrs | AF14: Mtrs | AG14: Mtrs | AH14: Pcs
A15: 45480 | B15: Based on Annual Physical Count | C15: ='2-18-24,2024'!C20 -> 0 | D15: ='2-18-24,2024'!D20 -> 0 | E15: 55781 | F15: ='6-30-7-6,2024'!F20 -> 6685.0962 | G15: 82783 | H15: ='6-30-7-6,2024'!H20 -> 9622.2093 | I15: ='6-30-7-6,2024'!I20 -> 107500 | J15: ='6-30-7-6,2024'!J20 -> 12500 | K15: ='6-30-7-6,2024'!K20 -> 0 | L15: ='6-30-7-6,2024'!L20 -> 0 | M15: ='6-30-7-6,2024'!M20 -> 0 | N15: ='6-30-7-6,2024'!N20 -> 0 | O15: ='6-30-7-6,2024'!O20 -> 0 | P15: ='6-30-7-6,2024'!P20 -> 2.9309888e-14 | Q15: 45060.6 | R15: ='6-30-7-6,2024'!R20 -> 264 | S15: ='6-30-7-6,2024'!S20 -> 847 | T15: 24030 | U15: ='6-30-7-6,2024'!U20 -> 0 | V15: ='6-30-7-6,2024'!V20 -> 0 | W15: 7374 | X15: 66093 | Y15: 646 | Z15: 12300 | AA15: 228 | AB15: 19759 | AC15: 15058 | AD15: ='6-30-7-6,2024'!AD20 -> 0 | AE15: 1060 | AF15: 43065 | AG15: 1645 | AH15: 320
B16: Withdrawal of Stock from Main Magazine Mill | F16: =E16/208*25 -> 0 | H16: =G16/215*25 -> 0 | I16: =50*215 -> 10750 | J16: =I16/215*25 -> 1250 | K16: 0 | L16: 0
B17: TOTAL ON HAND | C17: =C15+C16 -> 0 | D17: =D15+D16 -> 0 | E17: =E15+E16 -> 55781 | F17: =F15+F16 -> 6685.0962 | G17: =G15+G16 -> 82783 | H17: =H15+H16 -> 9622.2093 | I17: =I15+I16 -> 118250 | J17: =J15+J16 -> 13750 | ... AH17: =AH15+AH16 -> 320
B18: Less: Total Weekly Consumption | C18: 0 | D18: =C18/200*25 -> 0 | E18: 9359 | F18: =E18/208*25 -> 1124.8798 | G18: 8065 | H18: =G18/215*25 -> 937.7907 | I18: 0 | J18: =I18/135*25 -> 0 | K18: 0 | L18: =K18/150*25 -> 0 | M18: 0 | N18: =M18/150*25 -> 0 | P18: =O18/38*25 -> 0 | Q18: 6337.2 | R18: 0 | S18: 0 | T18: 2062 | U18: 0 | V18: 0 | W18: 32 | X18: 7422 | Z18: 1216 | AA18: 38 | AB18: 1674 | AC18: 2223 | AF18: =Z18*2.43 -> 2954.88 | AH18: 2
A19: 45486 | B19: STOCK BALANCE | C19: =C17-C18 -> 0 | D19: =D17-D18 -> 0 | E19: =E17-E18 -> 46422 | F19: =F17-F18 -> 5560.2163 | G19: =G17-G18 -> 74718 | H19: =H17-H18 -> 8684.4186 | I19: =I17-I18 -> 118250 | J19: =J17-J18 -> 13750 | ... AH19: =AH17-AH18 -> 318 | AL19: =400+392+2745.29 -> 3537.29
A20: MINE MAG. STOCK USABLE | C20: =C19 -> 0 | D20: =D19 -> 0 | E20: =E19 -> 46422 | F20: =F19 -> 5560.2163 | G20: =G19 -> 74718 | H20: =H19 -> 8684.4186 | I20: =I19 -> 118250 | J20: =J19 -> 13750 | ... AH20: =AH19 -> 318 | AL20: =10000-AL19 -> 6462.71
E21: =9359/208 -> 44.995192 | G21: =8065/215 -> 37.511628 | Q21: =6337/25 -> 253.48
A23: Prepared by: | F23: Checked by: | Q23: Noted by: | W23: Approved by:
A26: AIHREIN T. BACLAAN | F26: NHOLL GREAL O. LOZADA | Q26: ENGR. RAFFY D. TORRES | W26: ENGR. EARL M. SON
A27: Mine Explosives Dept | F27: Mine Explosives Inventory Supervisor | Q27: Mine Explosives Manager | W27: Mines Manager

Sheet 7-14-20,2024
A1: PHILSAGA MINING CORPORATION
A2: Bayugan 3,Rosario Agusan del Sur
A4: EXPLOSIVE WEEKLY CONSUMPTION
A5: JULY 14-20, 2024
A8: SUPPLIER | C8: MT. ROCK | G8: EXPEDITION | Q8: MT ROCK | R8: MT. ROCK | W8: EXPEDITION | Z8: MT ROCK | AB8: EXPEDITION | AC8: MT. ROCK | AF8: MT ROCK | AG8: MT ROCK | AH8: EXPEDITION
Q9: EXPEDITION | Z9: EXPEDITION | AF9: EXPEDITION
A10: DATE | B10: DESCRIPTION | C10: PACKAGE EMULSION | Q10: Anfo | R10: DETONATORS | AB10: DETONATING CORD
C11: 200 | E11: 208 | G11: 215 | I11: 135 | K11: 150 | M11: 150 | O11: 38 | R11: NONEL | T11: SUPREME | V11: Shockstar | W11: EXEL | Z11: OBC | AA11: EBC | AB11: Cordtex | AC11: Cordtex | AD11: Cordtex | AE11: Cordtex | AF11: S/Fuse | AG11: Billwire | AH11: FUSE
C12: Super Power | E12: Super Power | G12: Senatel/Pulsar | I12: Senatel/Pulsar | K12: Super Power | M12: Magnum | O12: Senatel/Pulsar | R12: 2.4 | S12: 3.6 | T12: 2.4 | U12: 3.6 | V12: 2.4 | W12: 3.6 | X12: 2.4 | Y12: 4.9 | AB12: 5 | AC12: 10 | AD12: 6 | AE12: 40 | AH12: LIGHTER
C13: 31496 | E13: 17457 | G13: 11082 | I13: 21810 | K13: 17362 | M13: 18389 | O13: 21811 | Q13: 10128 | R13: 10962 | S13: 15427 | T13: 16623 | U13: 16967 | V13: 28230 | W13: 10966 | X13: 10965 | Y13: 21809 | Z13: 11966 | AA13: 11089 | AB13: 10960 | AC13: 10961 | AD13: 10839 | AE13: 10959 | AF13: 12487 | AG13: 16823 | AH13: 11342
C14: Pcs | D14: Kls | E14: Pcs | F14: Kls | G14: Pcs | H14: Kls | I14: Pcs | J14: Kls | K14: Pcs | L14: Kls | M14: Pcs | N14: Kls | O14: Pcs | P14: Kls | Q14: Kls | R14: Pcs | S14: Pcs | T14: Pcs | U14: Pcs | V14: Pcs | W14: Pcs | X14: Pcs | Y14: Pcs | Z14: Pcs | AA14: Pcs | AB14: Mtrs | AC14: Mtrs | AD14: Mtrs | AE14: Mtrs | AF14: Mtrs | AG14: Mtrs | AH14: Pcs
A15: 45487 | B15: Based on Annual Physical Count | C15: ='2-18-24,2024'!C20 -> 0 | D15: ='2-18-24,2024'!D20 -> 0 | E15: ='7-7-13,2024'!E20 -> 46422 | F15: ='7-7-13,2024'!F20 -> 5560.2163 | G15: ='7-7-13,2024'!G20 -> 74718 | H15: ='7-7-13,2024'!H20 -> 8684.4186 | I15: ='7-7-13,2024'!I20 -> 118250 | J15: ='7-7-13,2024'!J20 -> 13750 | K15: ='7-7-13,2024'!K20 -> 0 | L15: ='7-7-13,2024'!L20 -> 0 | ... AH15: ='7-7-13,2024'!AH20 -> 318
B16: Withdrawal of Stock from Main Magazine Mill | F16: =E16/208*25 -> 0 | H16: =G16/215*25 -> 0 | I16: =50*215 -> 10750 | J16: =I16/215*25 -> 1250 | K16: 0 | L16: 0
B17: TOTAL ON HAND | C17: =C15+C16 -> 0 | D17: =D15+D16 -> 0 | E17: =E15+E16 -> 46422 | F17: =F15+F16 -> 5560.2163 | G17: =G15+G16 -> 74718 | H17: =H15+H16 -> 8684.4186 | I17: =I15+I16 -> 129000 | J17: =J15+J16 -> 15000 | ... AH17: =AH15+AH16 -> 318
B18: Less: Total Weekly Consumption | C18: 0 | D18: =C18/200*25 -> 0 | E18: 8655 | F18: =E18/208*25 -> 1040.2644 | G18: 8724 | H18: =G18/215*25 -> 1014.4186 | I18: 0 | J18: =I18/135*25 -> 0 | K18: 0 | L18: =K18/150*25 -> 0 | M18: 0 | N18: =M18/150*25 -> 0 | P18: =O18/38*25 -> 0 | Q18: 6654.4 | R18: 0 | S18: 0 | T18: 645 | U18: 0 | V18: 0 | W18: 29 | X18: 9231 | Z18: 1219 | AA18: 12 | AB18: 1566 | AC18: 2418 | AF18: =Z18*2.43 -> 2962.17
A19: 45493 | B19: STOCK BALANCE | C19: =C17-C18 -> 0 | D19: =D17-D18 -> 0 | E19: =E17-E18 -> 37767 | F19: =F17-F18 -> 4519.9519 | G19: =G17-G18 -> 65994 | H19: =H17-H18 -> 7670 | I19: =I17-I18 -> 129000 | J19: =J17-J18 -> 15000 | ... AH19: =AH17-AH18 -> 318 | AL19: =400+392+2745.29 -> 3537.29
A20: MINE MAG. STOCK USABLE | C20: =C19 -> 0 | D20: =D19 -> 0 | E20: =E19 -> 37767 | F20: =F19 -> 4519.9519 | G20: =G19 -> 65994 | H20: =H19 -> 7670 | I20: =I19 -> 129000 | J20: =J19 -> 15000 | ... AH20: =AH19 -> 318 | AL20: =10000-AL19 -> 6462.71
E21: =8655/208 -> 41.610577 | G21: =8724/215 -> 40.576744 | Q21: =6654/25 -> 266.16
A23: Prepared by: | F23: Checked by: | Q23: Noted by: | W23: Approved by:
A26: AIHREIN T. BACLAAN | F26: NHOLL GREAL O. LOZADA | Q26: ENGR. RAFFY D. TORRES | W26: ENGR. EARL M. SON
A27: Mine Explosives Dept | F27: Mine Explosives Inventory Supervisor | Q27: Mine Explosives Manager | W27: Mines Manager

Sheet 7-21-27.2024
A1: PHILSAGA MINING CORPORATION
A2: Bayugan 3,Rosario Agusan del Sur
A4: EXPLOSIVE WEEKLY CONSUMPTION
A5: JULY 21-27, 2024
A8: SUPPLIER | C8: MT. ROCK | G8: EXPEDITION | Q8: MT ROCK | R8: MT. ROCK | W8: EXPEDITION | Z8: MT ROCK | AB8: EXPEDITION | AC8: MT. ROCK | AF8: MT ROCK | AG8: MT ROCK | AH8: EXPEDITION
Q9: EXPEDITION | Z9: EXPEDITION | AF9: EXPEDITION
A10: DATE | B10: DESCRIPTION | C10: PACKAGE EMULSION | Q10: Anfo | R10: DETONATORS | AB10: DETONATING CORD
C11: 200 | E11: 208 | G11: 215 | I11: 135 | K11: 150 | M11: 150 | O11: 38 | R11: NONEL | T11: SUPREME | V11: Shockstar | W11: EXEL | Z11: OBC | AA11: EBC | AB11: Cordtex | AC11: Cordtex | AD11: Cordtex | AE11: Cordtex | AF11: S/Fuse | AG11: Billwire | AH11: FUSE
C12: Super Power | E12: Super Power | G12: Senatel/Pulsar | I12: Senatel/Pulsar | K12: Super Power | M12: Magnum | O12: Senatel/Pulsar | R12: 2.4 | S12: 3.6 | T12: 2.4 | U12: 3.6 | V12: 2.4 | W12: 3.6 | X12: 2.4 | Y12: 4.9 | AB12: 5 | AC12: 10 | AD12: 6 | AE12: 40 | AH12: LIGHTER
C13: 31496 | E13: 17457 | G13: 11082 | I13: 21810 | K13: 17362 | M13: 18389 | O13: 21811 | Q13: 10128 | R13: 10962 | S13: 15427 | T13: 16623 | U13: 16967 | V13: 28230 | W13: 10966 | X13: 10965 | Y13: 21809 | Z13: 11966 | AA13: 11089 | AB13: 10960 | AC13: 10961 | AD13: 10839 | AE13: 10959 | AF13: 12487 | AG13: 16823 | AH13: 11342
C14: Pcs | D14: Kls | E14: Pcs | F14: Kls | G14: Pcs | H14: Kls | I14: Pcs | J14: Kls | K14: Pcs | L14: Kls | M14: Pcs | N14: Kls | O14: Pcs | P14: Kls | Q14: Kls | R14: Pcs | S14: Pcs | T14: Pcs | U14: Pcs | V14: Pcs | W14: Pcs | X14: Pcs | Y14: Pcs | Z14: Pcs | AA14: Pcs | AB14: Mtrs | AC14: Mtrs | AD14: Mtrs | AE14: Mtrs | AF14: Mtrs | AG14: Mtrs | AH14: Pcs
A15: 45494 | B15: Based on Annual Physical Count | C15: ='2-18-24,2024'!C20 -> 0 | D15: ='2-18-24,2024'!D20 -> 0 | E15: ='7-14-20,2024'!E20 -> 37767 | F15: ='7-14-20,2024'!F20 -> 4519.9519 | G15: ='7-14-20,2024'!G20 -> 65994 | H15: ='7-14-20,2024'!H20 -> 7670 | I15: ='7-14-20,2024'!I20 -> 129000 | J15: ='7-14-20,2024'!J20 -> 15000 | K15: ='7-14-20,2024'!K20 -> 0 | L15: ='7-14-20,2024'!L20 -> 0 | ... AH15: ='7-14-20,2024'!AH20 -> 318
B16: Withdrawal of Stock from Main Magazine Mill
B17: TOTAL ON HAND | C17: =C15+C16 -> 0 | D17: =D15+D16 -> 0 | E17: =E15+E16 -> 37767 | F17: =F15+F16 -> 4519.9519 | G17: =G15+G16 -> 65994 | H17: =H15+H16 -> 7670 | I17: =I15+I16 -> 129000 | J17: =J15+J16 -> 15000 | ... AH17: =AH15+AH16 -> 318
B18: Less: Total Weekly Consumption | C18: 0 | D18: =C18/200*25 -> 0 | E18: 8726 | F18: =E18/208*25 -> 1048.7981 | G18: 9751 | H18: =G18/215*25 -> 1133.8372 | I18: 0 | J18: =I18/135*25 -> 0 | K18: 0 | L18: =K18/150*25 -> 0 | M18: 0 | N18: =M18/150*25 -> 0 | P18: =O18/38*25 -> 0 | Q18: 7336 | R18: 0 | S18: 0 | T18: 36 | U18: 0 | V18: 0 | W18: 0 | X18: 10859 | Y18: 0 | Z18: 1201 | AA18: 16 | AB18: 2232 | AC18: 2186 | AE18: 0 | AF18: =Z18*2.43 -> 2918.43 | AG18: 0 | AH18: 2
A19: 45500 | B19: STOCK BALANCE | C19: =C17-C18 -> 0 | D19: =D17-D18 -> 0 | E19: =E17-E18 -> 29041 | F19: =F17-F18 -> 3471.1538 | G19: =G17-G18 -> 56243 | H19: =H17-H18 -> 6536.1628 | I19: =I17-I18 -> 129000 | J19: =J17-J18 -> 15000 | ... AH19: =AH17-AH18 -> 316
A20: MINE MAG. STOCK USABLE | C20: =C19 -> 0 | D20: =D19 -> 0 | E20: =E19 -> 29041 | F20: =F19 -> 3471.1538 | G20: =G19 -> 56243 | H20: =H19 -> 6536.1628 | I20: =I19 -> 129000 | J20: =J19 -> 15000 | ... AH20: =AH19 -> 316
A23: Prepared by: | F23: Checked by: | S23: Noted by: | Y23: Approved by:
A26: AIHREIN T. BACLAAN | F26: NHOLL GREAL O. LOZADA | S26: ENGR. RAFFY D. TORRES | Y26: ENGR. EARL M. SON
A27: Mine Explosives Dept | F27: Mine Explosives Inventory Supervisor | S27: Mine Explosives Manager | Y27: Mines Manager

Sheet 7-28-8-3,2024
A1: PHILSAGA MINING CORPORATION
A2: Bayugan 3,Rosario Agusan del Sur
A4: EXPLOSIVE WEEKLY CONSUMPTION
A5: JULY 28 - AUGUST 3, 2024
A8: SUPPLIER | C8: MT. ROCK | G8: EXPEDITION | Q8: MT ROCK | R8: MT. ROCK | W8: EXPEDITION | Z8: MT ROCK | AB8: EXPEDITION | AC8: MT. ROCK | AF8: MT ROCK | AG8: MT ROCK | AH8: EXPEDITION
Q9: EXPEDITION | Z9: EXPEDITION | AF9: EXPEDITION
A10: DATE | B10: DESCRIPTION | C10: PACKAGE EMULSION | Q10: Anfo | R10: DETONATORS | AB10: DETONATING CORD
C11: 200 | E11: 208 | G11: 215 | I11: 135 | K11: 150 | M11: 150 | O11: 38 | R11: NONEL | T11: SUPREME | V11: Shockstar | W11: EXEL | Z11: OBC | AA11: EBC | AB11: Cordtex | AC11: Cordtex | AD11: DCORD | AE11: Cordtex | AF11: S/Fuse | AG11: Billwire | AH11: FUSE
C12: Super Power | E12: Super Power | G12: Senatel/Pulsar | I12: Senatel/Pulsar | K12: Super Power | M12: Magnum | O12: Senatel/Pulsar | R12: 2.4 | S12: 3.6 | T12: 2.4 | U12: 3.6 | V12: 2.4 | W12: 3.6 | X12: 2.4 | Y12: 4.9 | AB12: 5 | AC12: 10 | AD12: 5 | AE12: 40 | AH12: LIGHTER
C13: 31496 | E13: 17457 | G13: 11082 | I13: 21810 | K13: 17362 | M13: 18389 | O13: 21811 | Q13: 10128 | R13: 10962 | S13: 15427 | T13: 16623 | U13: 16967 | V13: 28230 | W13: 10966 | X13: 10965 | Y13: 21809 | Z13: 11966 | AA13: 11089 | AB13: 10960 | AC13: 10961 | AD13: 33442 | AE13: 10959 | AF13: 12487 | AG13: 16823 | AH13: 11342
C14: Pcs | D14: Kls | E14: Pcs | F14: Kls | G14: Pcs | H14: Kls | I14: Pcs | J14: Kls | K14: Pcs | L14: Kls | M14: Pcs | N14: Kls | O14: Pcs | P14: Kls | Q14: Kls | R14: Pcs | S14: Pcs | T14: Pcs | U14: Pcs | V14: Pcs | W14: Pcs | X14: Pcs | Y14: Pcs | Z14: Pcs | AA14: Pcs | AB14: Mtrs | AC14: Mtrs | AD14: Mtrs | AE14: Mtrs | AF14: Mtrs | AG14: Mtrs | AH14: Pcs
A15: 45501 | B15: Based on Annual Physical Count | C15: ='2-18-24,2024'!C20 -> 0 | D15: ='2-18-24,2024'!D20 -> 0 | E15: ='7-21-27.2024'!E20 -> 29041 | F15: ='7-21-27.2024'!F20 -> 3471.1538 | G15: ='7-21-27.2024'!G20 -> 56243 | H15: ='7-21-27.2024'!H20 -> 6536.1628 | I15: ='7-21-27.2024'!I20 -> 129000 | J15: ='7-21-27.2024'!J20 -> 15000 | K15: ='7-21-27.2024'!K20 -> 0 | L15: ='7-21-27.2024'!L20 -> 0 | ... AH15: ='7-21-27.2024'!AH20 -> 316
B16: Withdrawal of Stock from Main Magazine Mill | E16: =100*208 -> 20800 | F16: =E16/208*25 -> 2500 | G16: =100*215 -> 21500 | H16: =G16/215*25 -> 2500 | I16: =50*215 -> 10750 | J16: =I16/215*25 -> 1250 | K16: 0 | L16: 0 | Q16: =600*25 -> 15000 | T16: 360 | X16: 19750 | Z16: 1000 | AA16: 150 | AC16: 4000 | AD16: 4350 | AF16: 9000
B17: TOTAL ON HAND | C17: =C15+C16 -> 0 | D17: =D15+D16 -> 0 | E17: =E15+E16 -> 49841 | F17: =F15+F16 -> 5971.1538 | G17: =G15+G16 -> 77743 | H17: =H15+H16 -> 9036.1628 | I17: =I15+I16 -> 139750 | J17: =J15+J16 -> 16250 | ... AH17: =AH15+AH16 -> 316
B18: Less: Total Weekly Consumption | C18: 0 | D18: =C18/200*25 -> 0 | E18: 10194 | F18: =E18/208*25 -> 1225.2404 | G18: 10217 | H18: =G18/215*25 -> 1188.0233 | I18: 0 | J18: =I18/135*25 -> 0 | K18: 0 | L18: =K18/150*25 -> 0 | M18: 0 | N18: =M18/150*25 -> 0 | P18: =O18/38*25 -> 0 | Q18: 7521 | R18: 0 | S18: 0 | T18: 52 | U18: 0 | V18: 0 | W18: 174 | X18: 11135 | Y18: 0 | Z18: 1212 | AA18: 10 | AB18: 2185 | AC18: 2384 | AF18: =Z18*2.43 -> 2945.16 | AG18: 0 | AH18: 1
A19: 45507 | B19: STOCK BALANCE | C19: =C17-C18 -> 0 | D19: =D17-D18 -> 0 | E19: =E17-E18 -> 39647 | F19: =F17-F18 -> 4745.9135 | G19: =G17-G18 -> 67526 | H19: =H17-H18 -> 7848.1395 | I19: =I17-I18 -> 139750 | J19: =J17-J18 -> 16250 | ... AH19: =AH17-AH18 -> 315
A20: MINE MAG. STOCK USABLE | C20: =C19 -> 0 | D20: =D19 -> 0 | E20: =E19 -> 39647 | F20: =F19 -> 4745.9135 | G20: =G19 -> 67526 | H20: =H19 -> 7848.1395 | I20: =I19 -> 139750 | J20: =J19 -> 16250 | ... AH20: =AH19 -> 315
A23: Prepared by: | F23: Checked by: | S23: Noted by: | Y23: Approved by:
A26: AIHREIN T. BACLAAN | F26: NHOLL GREAL O. LOZADA | S26: ENGR. RAFFY D. TORRES | Y26: ENGR. EARL M. SON
A27: Mine Explosives Dept | F27: Mine Explosives Inventory Supervisor | S27: Mine Explosives Manager | Y27: Mines Manager

Sheet 8-4-10,2024
A1: PHILSAGA MINING CORPORATION
A2: Bayugan 3,Rosario Agusan del Sur
A4: EXPLOSIVE WEEKLY CONSUMPTION
A5: AUGUST 4-10, 2024
A8: SUPPLIER | C8: MT. ROCK | G8: EXPEDITION | Q8: MT ROCK | R8: MT. ROCK | W8: EXPEDITION | Z8: MT ROCK | AB8: EXPEDITION | AC8: MT. ROCK | AF8: MT ROCK | AG8: MT ROCK | AH8: EXPEDITION
Q9: EXPEDITION | Z9: EXPEDITION | AF9: EXPEDITION
A10: DATE | B10: DESCRIPTION | C10: PACKAGE EMULSION | Q10: Anfo | R10: DETONATORS | AB10: DETONATING CORD
C11: 200 | E11: 208 | G11: 215 | I11: 135 | K11: 150 | M11: 150 | O11: 38 | R11: NONEL | T11: SUPREME | V11: Shockstar | W11: EXEL | Z11: OBC | AA11: EBC | AB11: Cordtex | AC11: Cordtex | AD11: DCORD | AE11: Cordtex | AF11: S/Fuse | AG11: Billwire | AH11: FUSE
C12: Super Power | E12: Super Power | G12: Senatel/Pulsar | I12: Senatel/Pulsar | K12: Super Power | M12: Magnum | O12: Senatel/Pulsar | R12: 2.4 | S12: 3.6 | T12: 2.4 | U12: 3.6 | V12: 2.4 | W12: 3.6 | X12: 2.4 | Y12: 4.9 | AB12: 5 | AC12: 10 | AD12: 5 | AE12: 40 | AH12: LIGHTER
C13: 31496 | E13: 17457 | G13: 11082 | I13: 21810 | K13: 17362 | M13: 18389 | O13: 21811 | Q13: 10128 | R13: 10962 | S13: 15427 | T13: 16623 | U13: 16967 | V13: 28230 | W13: 10966 | X13: 10965 | Y13: 21809 | Z13: 11966 | AA13: 11089 | AB13: 10960 | AC13: 10961 | AD13: 33442 | AE13: 10959 | AF13: 12487 | AG13: 16823 | AH13: 11342
C14: Pcs | D14: Kls | E14: Pcs | F14: Kls | G14: Pcs | H14: Kls | I14: Pcs | J14: Kls | K14: Pcs | L14: Kls | M14: Pcs | N14: Kls | O14: Pcs | P14: Kls | Q14: Kls | R14: Pcs | S14: Pcs | T14: Pcs | U14: Pcs | V14: Pcs | W14: Pcs | X14: Pcs | Y14: Pcs | Z14: Pcs | AA14: Pcs | AB14: Mtrs | AC14: Mtrs | AD14: Mtrs | AE14: Mtrs | AF14: Mtrs | AG14: Mtrs | AH14: Pcs
A15: 45508 | B15: Based on Annual Physical Count | C15: ='2-18-24,2024'!C20 -> 0 | D15: ='2-18-24,2024'!D20 -> 0 | E15: ='7-28-8-3,2024'!E20 -> 39647 | F15: ='7-28-8-3,2024'!F20 -> 4745.9135 | G15: ='7-28-8-3,2024'!G20 -> 67526 | H15: ='7-28-8-3,2024'!H20 -> 7848.1395 | I15: ='7-28-8-3,2024'!I20 -> 139750 | J15: ='7-28-8-3,2024'!J20 -> 16250 | K15: ='7-28-8-3,2024'!K20 -> 0 | L15: ='7-28-8-3,2024'!L20 -> 0 | ... AH15: ='7-28-8-3,2024'!AH20 -> 315
B16: Withdrawal of Stock from Main Magazine Mill | E16: =75*208 -> 15600 | F16: =E16/208*25 -> 1875 | G16: =75*215 -> 16125 | H16: =G16/215*25 -> 1875 | I16: =50*215 -> 10750 | J16: =I16/215*25 -> 1250 | K16: 0 | L16: 0 | X16: 36227 | Z16: 1000 | AB16: 4500 | AC16: 5000 | AF16: 9000
B17: TOTAL ON HAND | C17: =C15+C16 -> 0 | D17: =D15+D16 -> 0 | E17: =E15+E16 -> 55247 | F17: =F15+F16 -> 6620.9135 | G17: =G15+G16 -> 83651 | H17: =H15+H16 -> 9723.1395 | I17: =I15+I16 -> 150500 | J17: =J15+J16 -> 17500 | ... AH17: =AH15+AH16 -> 315
B18: Less: Total Weekly Consumption | C18: 0 | D18: =C18/200*25 -> 0 | E18: 9965 | F18: =E18/208*25 -> 1197.7163 | G18: 9582 | H18: =G18/215*25 -> 1114.186 | I18: 0 | J18: =I18/135*25 -> 0 | K18: 0 | L18: =K18/150*25 -> 0 | M18: 0 | N18: =M18/150*25 -> 0 | P18: =O18/38*25 -> 0 | Q18: 7083 | R18: 0 | S18: 0 | T18: 17 | U18: 0 | V18: 0 | W18: 434 | X18: 10327 | Y18: 0 | Z18: 1097 | AA18: 12 | AB18: 2027 | AC18: 2322 | AF18: =Z18*2.43 -> 2665.71 | AG18: 0 | AH18: 1
A19: 45514 | B19: STOCK BALANCE | C19: =C17-C18 -> 0 | D19: =D17-D18 -> 0 | E19: =E17-E18 -> 45282 | F19: =F17-F18 -> 5423.1971 | G19: =G17-G18 -> 74069 | H19: =H17-H18 -> 8608.9535 | I19: =I17-I18 -> 150500 | J19: =J17-J18 -> 17500 | ... AH19: =AH17-AH18 -> 314
A20: MINE MAG. STOCK USABLE | C20: =C19 -> 0 | D20: =D19 -> 0 | E20: =E19 -> 45282 | F20: =F19 -> 5423.1971 | G20: =G19 -> 74069 | H20: =H19 -> 8608.9535 | I20: =I19 -> 150500 | J20: =J19 -> 17500 | ... AH20: =AH19 -> 314
A23: Prepared by: | F23: Checked by: | S23: Noted by: | Y23: Approved by:
A26: AIHREIN T. BACLAAN | F26: NHOLL GREAL O. LOZADA | S26: ENGR. RAFFY D. TORRES | Y26: ENGR. EARL M. SON
A27: Mine Explosives Dept | F27: Mine Explosives Inventory Supervisor | S27: Mine Explosives Manager | Y27: Mines Manager

Sheet 8-11-17,2024
A1: PHILSAGA MINING CORPORATION
A2: Bayugan 3,Rosario Agusan del Sur
A4: EXPLOSIVE WEEKLY CONSUMPTION
A5: AUGUST 11-17, 2024
A8: SUPPLIER | C8: MT. ROCK | G8: EXPEDITION | Q8: MT ROCK | R8: MT. ROCK | W8: EXPEDITION | Z8: MT ROCK | AB8: EXPEDITION | AC8: MT. ROCK | AF8: MT ROCK | AG8: MT ROCK | AH8: EXPEDITION
Q9: EXPEDITION | Z9: EXPEDITION | AF9: EXPEDITION
A10: DATE | B10: DESCRIPTION | C10: PACKAGE EMULSION | Q10: Anfo | R10: DETONATORS | AB10: DETONATING CORD
C11: 200 | E11: 208 | G11: 215 | I11: 135 | K11: 150 | M11: 150 | O11: 38 | R11: NONEL | T11: SUPREME | V11: Shockstar | W11: EXEL | Z11: OBC | AA11: EBC | AB11: Cordtex | AC11: Cordtex | AD11: DCORD | AE11: Cordtex | AF11: S/Fuse | AG11: Billwire | AH11: FUSE
C12: Super Power | E12: Super Power | G12: Senatel/Pulsar | I12: Senatel/Pulsar | K12: Super Power | M12: Magnum | O12: Senatel/Pulsar | R12: 2.4 | S12: 3.6 | T12: 2.4 | U12: 3.6 | V12: 2.4 | W12: 3.6 | X12: 2.4 | Y12: 4.9 | AB12: 5 | AC12: 10 | AD12: 5 | AE12: 40 | AH12: LIGHTER
C13: 31496 | E13: 17457 | G13: 11082 | I13: 21810 | K13: 17362 | M13: 18389 | O13: 21811 | Q13: 10128 | R13: 10962 | S13: 15427 | T13: 16623 | U13: 16967 | V13: 28230 | W13: 10966 | X13: 10965 | Y13: 21809 | Z13: 11966 | AA13: 11089 | AB13: 10960 | AC13: 10961 | AD13: 33442 | AE13: 10959 | AF13: 12487 | AG13: 16823 | AH13: 11342
C14: Pcs | D14: Kls | E14: Pcs | F14: Kls | G14: Pcs | H14: Kls | I14: Pcs | J14: Kls | K14: Pcs | L14: Kls | M14: Pcs | N14: Kls | O14: Pcs | P14: Kls | Q14: Kls | R14: Pcs | S14: Pcs | T14: Pcs | U14: Pcs | V14: Pcs | W14: Pcs | X14: Pcs | Y14: Pcs | Z14: Pcs | AA14: Pcs | AB14: Mtrs | AC14: Mtrs | AD14: Mtrs | AE14: Mtrs | AF14: Mtrs | AG14: Mtrs | AH14: Pcs
A15: 45514 | B15: Based on Annual Physical Count | C15: ='2-18-24,2024'!C20 -> 0 | D15: ='2-18-24,2024'!D20 -> 0 | E15: ='8-4-10,2024'!E20 -> 45282 | F15: ='8-4-10,2024'!F20 -> 5423.1971 | G15: ='8-4-10,2024'!G20 -> 74069 | H15: ='8-4-10,2024'!H20 -> 8608.9535 | I15: ='8-4-10,2024'!I20 -> 150500 | J15: ='8-4-10,2024'!J20 -> 17500 | K15: ='8-4-10,2024'!K20 -> 0 | L15: ='8-4-10,2024'!L20 -> 0 | ... AH15: ='8-4-10,2024'!AH20 -> 314
B16: Withdrawal of Stock from Main Magazine Mill | F16: =E16/208*25 -> 0 | H16: =G16/215*25 -> 0 | I16: =50*215 -> 10750 | J16: =I16/215*25 -> 1250 | K16: 0 | L16: 0
B17: TOTAL ON HAND | C17: =C15+C16 -> 0 | D17: =D15+D16 -> 0 | E17: =E15+E16 -> 45282 | F17: =F15+F16 -> 5423.1971 | G17: =G15+G16 -> 74069 | H17: =H15+H16 -> 8608.9535 | I17: =I15+I16 -> 161250 | J17: =J15+J16 -> 18750 | ... AH17: =AH15+AH16 -> 314
B18: Less: Total Weekly Consumption | C18: 0 | D18: =C18/200*25 -> 0 | E18: 10268 | F18: =E18/208*25 -> 1234.1346 | G18: 9642 | H18: =G18/215*25 -> 1121.1628 | I18: 0 | J18: =I18/135*25 -> 0 | K18: 0 | L18: =K18/150*25 -> 0 | M18: 0 | N18: =M18/150*25 -> 0 | P18: =O18/38*25 -> 0 | Q18: 7566 | R18: 0 | S18: 0 | T18: 30 | U18: 0 | V18: 0 | W18: 145 | X18: 11114 | Y18: 0 | Z18: 1124 | AA18: 24 | AB18: 1873 | AC18: 2437 | AD18: 249 | AF18: =Z18*2.43 -> 2731.32 | AG18: 0
A19: 45521 | B19: STOCK BALANCE | C19: =C17-C18 -> 0 | D19: =D17-D18 -> 0 | E19: =E17-E18 -> 35014 | F19: =F17-F18 -> 4189.0625 | G19: =G17-G18 -> 64427 | H19: =H17-H18 -> 7487.7907 | I19: =I17-I18 -> 161250 | J19: =J17-J18 -> 18750 | ... AH19: =AH17-AH18 -> 314
A20: MINE MAG. STOCK USABLE | C20: =C19 -> 0 | D20: =D19 -> 0 | E20: =E19 -> 35014 | F20: =F19 -> 4189.0625 | G20: =G19 -> 64427 | H20: =H19 -> 7487.7907 | I20: =I19 -> 161250 | J20: =J19 -> 18750 | ... AH20: =AH19 -> 314
A23: Prepared by: | F23: Checked by: | S23: Noted by: | Y23: Approved by:
A26: VENOS L. MANDABON | F26: NHOLL GREAL O. LOZADA | S26: ENGR. EDWIN B. BATAL | Y26: ENGR. EARL M. SON
A27: Mine Explosives Dept | F27: Mine Explosives Inventory Supervisor | S27: Mine Explosives Asst. Manager | Y27: Mines Manager

Sheet 8-18-24,2024
A1: PHILSAGA MINING CORPORATION
A2: Bayugan 3,Rosario Agusan del Sur
A4: EXPLOSIVE WEEKLY CONSUMPTION
A5: AUGUST 18-24, 2024
A8: SUPPLIER | C8: MT. ROCK | G8: EXPEDITION | Q8: MT ROCK | R8: MT. ROCK | W8: EXPEDITION | Z8: MT ROCK | AB8: EXPEDITION | AC8: MT. ROCK | AF8: MT ROCK | AG8: MT ROCK | AH8: EXPEDITION
Q9: EXPEDITION | Z9: EXPEDITION | AF9: EXPEDITION
A10: DATE | B10: DESCRIPTION | C10: PACKAGE EMULSION | Q10: Anfo | R10: DETONATORS | AB10: DETONATING CORD
C11: 200 | E11: 208 | G11: 215 | I11: 135 | K11: 150 | M11: 150 | O11: 38 | R11: NONEL | T11: SUPREME | V11: Shockstar | W11: EXEL | Z11: OBC | AA11: EBC | AB11: Cordtex | AC11: Cordtex | AD11: DCORD | AE11: Cordtex | AF11: S/Fuse | AG11: Billwire | AH11: FUSE
C12: Super Power | E12: Super Power | G12: Senatel/Pulsar | I12: Senatel/Pulsar | K12: Super Power | M12: Magnum | O12: Senatel/Pulsar | R12: 2.4 | S12: 3.6 | T12: 2.4 | U12: 3.6 | V12: 2.4 | W12: 3.6 | X12: 2.4 | Y12: 4.9 | AB12: 5 | AC12: 10 | AD12: 5 | AE12: 40 | AH12: LIGHTER
C13: 31496 | E13: 17457 | G13: 11082 | I13: 21810 | K13: 17362 | M13: 18389 | O13: 21811 | Q13: 10128 | R13: 10962 | S13: 15427 | T13: 16623 | U13: 16967 | V13: 28230 | W13: 10966 | X13: 10965 | Y13: 21809 | Z13: 11966 | AA13: 11089 | AB13: 10960 | AC13: 10961 | AD13: 33442 | AE13: 10959 | AF13: 12487 | AG13: 16823 | AH13: 11342
C14: Pcs | D14: Kls | E14: Pcs | F14: Kls | G14: Pcs | H14: Kls | I14: Pcs | J14: Kls | K14: Pcs | L14: Kls | M14: Pcs | N14: Kls | O14: Pcs | P14: Kls | Q14: Kls | R14: Pcs | S14: Pcs | T14: Pcs | U14: Pcs | V14: Pcs | W14: Pcs | X14: Pcs | Y14: Pcs | Z14: Pcs | AA14: Pcs | AB14: Mtrs | AC14: Mtrs | AD14: Mtrs | AE14: Mtrs | AF14: Mtrs | AG14: Mtrs | AH14: Pcs
A15: 45522 | B15: Based on Annual Physical Count | C15: ='2-18-24,2024'!C20 -> 0 | D15: ='2-18-24,2024'!D20 -> 0 | E15: ='8-11-17,2024'!E20 -> 35014 | F15: ='8-11-17,2024'!F20 -> 4189.0625 | G15: ='8-11-17,2024'!G20 -> 64427 | H15: ='8-11-17,2024'!H20 -> 7487.7907 | I15: ='8-11-17,2024'!I20 -> 161250 | J15: ='8-11-17,2024'!J20 -> 18750 | K15: ='8-11-17,2024'!K20 -> 0 | L15: ='8-11-17,2024'!L20 -> 0 | ... AH15: ='8-11-17,2024'!AH20 -> 314
B16: Withdrawal of Stock from Main Magazine Mill | E16: 10400 | F16: =E16/208*25 -> 1250 | G16: 10750 | H16: =G16/215*25 -> 1250 | I16: =50*215 -> 10750 | J16: =I16/215*25 -> 1250 | K16: 0 | L16: 0 | Q16: 10000 | X16: 42750 | Z16: 1000 | AB16: 1800 | AC16: 2000
B17: TOTAL ON HAND | C17: =C15+C16 -> 0 | D17: =D15+D16 -> 0 | E17: =E15+E16 -> 45414 | F17: =F15+F16 -> 5439.0625 | G17: =G15+G16 -> 75177 | H17: =H15+H16 -> 8737.7907 | I17: =I15+I16 -> 172000 | J17: =J15+J16 -> 20000 | ... AH17: =AH15+AH16 -> 314
B18: Less: Total Weekly Consumption | C18: 0 | D18: =C18/200*25 -> 0 | E18: 10357 | F18: =E18/208*25 -> 1244.8317 | G18: 7138 | H18: =G18/215*25 -> 830 | I18: 0 | J18: =I18/135*25 -> 0 | K18: 0 | L18: =K18/150*25 -> 0 | M18: 0 | N18: =M18/150*25 -> 0 | P18: =O18/38*25 -> 0 | Q18: 6808.2 | R18: 0 | S18: 0 | T18: 10 | U18: 0 | V18: 0 | X18: 10103 | Y18: 0 | Z18: 1014 | AA18: 12 | AB18: 1521 | AC18: 2384 | AD18: 214 | AF18: =Z18*2.43 -> 2464.02 | AG18: 0 | AH18: 1
A19: 45528 | B19: STOCK BALANCE | C19: =C17-C18 -> 0 | D19: =D17-D18 -> 0 | E19: =E17-E18 -> 35057 | F19: =F17-F18 -> 4194.2308 | G19: =G17-G18 -> 68039 | H19: =H17-H18 -> 7907.7907 | I19: =I17-I18 -> 172000 | J19: =J17-J18 -> 20000 | ... AH19: =AH17-AH18 -> 313
A20: MINE MAG. STOCK USABLE | C20: =C19 -> 0 | D20: =D19 -> 0 | E20: =E19 -> 35057 | F20: =F19 -> 4194.2308 | G20: =G19 -> 68039 | H20: =H19 -> 7907.7907 | I20: =I19 -> 172000 | J20: =J19 -> 20000 | ... AH20: =AH19 -> 313
A23: Prepared by: | F23: Checked by: | S23: Noted by: | Y23: Approved by:
A26: VENOS L. MANDABON | F26: NHOLL GREAL O. LOZADA | S26: ENGR. RAFFY D. TORRES | Y26: ENGR. EARL M. SON
A27: Mine Explosives Dept | F27: Mine Explosives Inventory Supervisor | S27: Mine Explosives Manager | Y27: Mines Manager

Sheet 8-25-31,2024
A1: PHILSAGA MINING CORPORATION
A2: Bayugan 3,Rosario Agusan del Sur
A4: EXPLOSIVE WEEKLY CONSUMPTION
A5: AUGUST 25-31, 2024
A8: SUPPLIER | C8: MT. ROCK | G8: EXPEDITION | Q8: MT ROCK | R8: MT. ROCK | W8: EXPEDITION | Z8: MT ROCK | AB8: EXPEDITION | AC8: MT. ROCK | AF8: MT ROCK | AG8: MT ROCK | AH8: EXPEDITION
Q9: EXPEDITION | Z9: EXPEDITION | AF9: EXPEDITION
A10: DATE | B10: DESCRIPTION | C10: PACKAGE EMULSION | Q10: Anfo | R10: DETONATORS | AB10: DETONATING CORD
C11: 200 | E11: 208 | G11: 215 | I11: 135 | K11: 150 | M11: 150 | O11: 38 | R11: NONEL | T11: SUPREME | V11: Shockstar | W11: EXEL | Z11: OBC | AA11: EBC | AB11: Cordtex | AC11: Cordtex | AD11: DCORD | AE11: Cordtex | AF11: S/Fuse | AG11: Billwire | AH11: FUSE
C12: Super Power | E12: Super Power | G12: Senatel/Pulsar | I12: Senatel/Pulsar | K12: Super Power | M12: Magnum | O12: Senatel/Pulsar | R12: 2.4 | S12: 3.6 | T12: 2.4 | U12: 3.6 | V12: 2.4 | W12: 3.6 | X12: 2.4 | Y12: 4.9 | AB12: 5 | AC12: 10 | AD12: 5 | AE12: 40 | AH12: LIGHTER
C13: 31496 | E13: 17457 | G13: 11082 | I13: 21810 | K13: 17362 | M13: 18389 | O13: 21811 | Q13: 10128 | R13: 10962 | S13: 15427 | T13: 16623 | U13: 16967 | V13: 28230 | W13: 10966 | X13: 10965 | Y13: 21809 | Z13: 11966 | AA13: 11089 | AB13: 10960 | AC13: 10961 | AD13: 33442 | AE13: 10959 | AF13: 12487 | AG13: 16823 | AH13: 11342
C14: Pcs | D14: Kls | E14: Pcs | F14: Kls | G14: Pcs | H14: Kls | I14: Pcs | J14: Kls | K14: Pcs | L14: Kls | M14: Pcs | N14: Kls | O14: Pcs | P14: Kls | Q14: Kls | R14: Pcs | S14: Pcs | T14: Pcs | U14: Pcs | V14: Pcs | W14: Pcs | X14: Pcs | Y14: Pcs | Z14: Pcs | AA14: Pcs | AB14: Mtrs | AC14: Mtrs | AD14: Mtrs | AE14: Mtrs | AF14: Mtrs | AG14: Mtrs | AH14: Pcs
A15: 45529 | B15: Based on Annual Physical Count | C15: ='2-18-24,2024'!C20 -> 0 | D15: ='2-18-24,2024'!D20 -> 0 | E15: ='8-18-24,2024'!E20 -> 35057 | F15: ='8-18-24,2024'!F20 -> 4194.2308 | G15: ='8-18-24,2024'!G20 -> 68039 | H15: ='8-18-24,2024'!H20 -> 7907.7907 | I15: ='8-18-24,2024'!I20 -> 172000 | J15: ='8-18-24,2024'!J20 -> 20000 | K15: ='8-18-24,2024'!K20 -> 0 | L15: ='8-18-24,2024'!L20 -> 0 | ... AH15: ='8-18-24,2024'!AH20 -> 313
B16: Withdrawal of Stock from Main Magazine Mill | F16: =E16/208*25 -> 0 | H16: =G16/215*25 -> 0 | I16: =50*215 -> 10750 | J16: =I16/215*25 -> 1250 | K16: 0 | L16: 0
B17: TOTAL ON HAND | C17: =C15+C16 -> 0 | D17: =D15+D16 -> 0 | E17: =E15+E16 -> 35057 | F17: =F15+F16 -> 4194.2308 | G17: =G15+G16 -> 68039 | H17: =H15+H16 -> 7907.7907 | I17: =I15+I16 -> 182750 | J17: =J15+J16 -> 21250 | ... AH17: =AH15+AH16 -> 313
B18: Less: Total Weekly Consumption | C18: 0 | D18: =C18/200*25 -> 0 | E18: 10635 | F18: =E18/208*25 -> 1278.2452 | G18: 8806 | H18: =G18/215*25 -> 1023.9535 | I18: 0 | J18: =I18/135*25 -> 0 | K18: 0 | L18: =K18/150*25 -> 0 | M18: 0 | N18: =M18/150*25 -> 0 | P18: =O18/38*25 -> 0 | Q18: 7205.8 | R18: 0 | S18: 0 | U18: 0 | V18: 0 | X18: 10955 | Y18: 0 | Z18: 1095 | AA18: 18 | AB18: 1736 | AC18: 2287 | AD18: 329 | AF18: =Z18*2.43 -> 2660.85 | AG18: 0 | AH18: 5
A19: 45535 | B19: STOCK BALANCE | C19: =C17-C18 -> 0 | D19: =D17-D18 -> 0 | E19: =E17-E18 -> 24422 | F19: =F17-F18 -> 2915.9856 | G19: =G17-G18 -> 59233 | H19: =H17-H18 -> 6883.8372 | I19: =I17-I18 -> 182750 | J19: =J17-J18 -> 21250 | ... AH19: =AH17-AH18 -> 308
A20: MINE MAG. STOCK USABLE | C20: =C19 -> 0 | D20: =D19 -> 0 | E20: =E19 -> 24422 | F20: =F19 -> 2915.9856 | G20: =G19 -> 59233 | H20: =H19 -> 6883.8372 | I20: =I19 -> 182750 | J20: =J19 -> 21250 | ... AH20: =AH19 -> 308
A23: Prepared by: | F23: Checked by: | S23: Noted by: | Y23: Approved by:
A26: VENOS L. MANDABON | F26: NHOLL GREAL O. LOZADA | S26: ENGR. EDWIN B. BATAL | Y26: ENGR. EARL M. SON
A27: Mine Explosives Dept | F27: Mine Explosives Inventory Supervisor | S27: Mine Explosives Asst. Manager | Y27: Mines Manager

Sheet 9-1-7, 2024
A1: PHILSAGA MINING CORPORATION
A2: Bayugan 3,Rosario Agusan del Sur
A4: EXPLOSIVE WEEKLY CONSUMPTION
A5: SEPTEMBER 1-7, 2024
A8: SUPPLIER | C8: MT. ROCK | G8: EXPEDITION | Q8: MT ROCK | R8: MT. ROCK | W8: EXPEDITION | Z8: MT ROCK | AB8: EXPEDITION | AC8: MT. ROCK | AF8: MT ROCK | AG8: MT ROCK | AH8: EXPEDITION
Q9: EXPEDITION | Z9: EXPEDITION | AF9: EXPEDITION
A10: DATE | B10: DESCRIPTION | C10: PACKAGE EMULSION | Q10: Anfo | R10: DETONATORS | AB10: DETONATING CORD
C11: 200 | E11: 208 | G11: 215 | I11: 135 | K11: 150 | M11: 150 | O11: 38 | R11: NONEL | T11: SUPREME | V11: Shockstar | W11: EXEL | Z11: OBC | AA11: EBC | AB11: Cordtex | AC11: Cordtex | AD11: DCORD | AE11: Cordtex | AF11: S/Fuse | AG11: Billwire | AH11: FUSE
C12: Super Power | E12: Super Power | G12: Senatel/Pulsar | I12: Senatel/Pulsar | K12: Super Power | M12: Magnum | O12: Senatel/Pulsar | R12: 2.4 | S12: 3.6 | T12: 2.4 | U12: 3.6 | V12: 2.4 | W12: 3.6 | X12: 2.4 | Y12: 4.9 | AB12: 5 | AC12: 10 | AD12: 5 | AE12: 40 | AH12: LIGHTER
C13: 31496 | E13: 17457 | G13: 11082 | I13: 21810 | K13: 17362 | M13: 18389 | O13: 21811 | Q13: 10128 | R13: 10962 | S13: 15427 | T13: 16623 | U13: 16967 | V13: 28230 | W13: 10966 | X13: 10965 | Y13: 21809 | Z13: 11966 | AA13: 11089 | AB13: 10960 | AC13: 10961 | AD13: 33442 | AE13: 10959 | AF13: 12487 | AG13: 16823 | AH13: 11342
C14: Pcs | D14: Kls | E14: Pcs | F14: Kls | G14: Pcs | H14: Kls | I14: Pcs | J14: Kls | K14: Pcs | L14: Kls | M14: Pcs | N14: Kls | O14: Pcs | P14: Kls | Q14: Kls | R14: Pcs | S14: Pcs | T14: Pcs | U14: Pcs | V14: Pcs | W14: Pcs | X14: Pcs | Y14: Pcs | Z14: Pcs | AA14: Pcs | AB14: Mtrs | AC14: Mtrs | AD14: Mtrs | AE14: Mtrs | AF14: Mtrs | AG14: Mtrs | AH14: Pcs
A15: 45536 | B15: Based on Annual Physical Count | C15: ='2-18-24,2024'!C20 -> 0 | D15: ='2-18-24,2024'!D20 -> 0 | E15: ='8-25-31,2024'!E20 -> 24422 | F15: ='8-25-31,2024'!F20 -> 2915.9856 | G15: ='8-25-31,2024'!G20 -> 59233 | H15: ='8-25-31,2024'!H20 -> 6883.8372 | I15: ='8-25-31,2024'!I20 -> 182750 | J15: ='8-25-31,2024'!J20 -> 21250 | K15: ='8-25-31,2024'!K20 -> 0 | L15: ='8-25-31,2024'!L20 -> 0 | ... AH15: ='8-25-31,2024'!AH20 -> 308
B16: Withdrawal of Stock from Main Magazine Mill | E16: 15600 | F16: =E16/208*25 -> 1875 | G16: 16125 | H16: =G16/215*25 -> 1875 | I16: =50*215 -> 10750 | J16: =I16/215*25 -> 1250 | K16: 0 | L16: 0 | Q16: 15000 | Z16: 1000 | AB16: 3600 | AC16: 4000 | AF16: 3000
B17: TOTAL ON HAND | C17: =C15+C16 -> 0 | D17: =D15+D16 -> 0 | E17: =E15+E16 -> 40022 | F17: =F15+F16 -> 4790.9856 | G17: =G15+G16 -> 75358 | H17: =H15+H16 -> 8758.8372 | I17: =I15+I16 -> 193500 | J17: =J15+J16 -> 22500 | ... AH17: =AH15+AH16 -> 308
B18: Less: Total Weekly Consumption | C18: 0 | D18: =C18/200*25 -> 0 | E18: 11432 | F18: =E18/208*25 -> 1374.0385 | G18: 8032 | H18: =G18/215*25 -> 933.95349 | I18: 0 | J18: =I18/135*25 -> 0 | K18: 0 | L18: =K18/150*25 -> 0 | M18: 0 | N18: =M18/150*25 -> 0 | P18: =O18/38*25 -> 0 | Q18: 6626.2 | R18: 0 | S18: 0 | U18: 0 | V18: 0 | X18: 10212 | Y18: 0 | Z18: 1086 | AA18: 16 | AB18: 1540 | AC18: 2339 | AD18: 295 | AF18: =Z18*2.43 -> 2638.98 | AG18: 0
A19: 45542 | B19: STOCK BALANCE | C19: =C17-C18 -> 0 | D19: =D17-D18 -> 0 | E19: =E17-E18 -> 28590 | F19: =F17-F18 -> 3416.9471 | G19: =G17-G18 -> 67326 | H19: =H17-H18 -> 7824.8837 | I19: =I17-I18 -> 193500 | J19: =J17-J18 -> 22500 | ... AH19: =AH17-AH18 -> 308
A20: MINE MAG. STOCK USABLE | C20: =C19 -> 0 | D20: =D19 -> 0 | E20: =E19 -> 28590 | F20: =F19 -> 3416.9471 | G20: =G19 -> 67326 | H20: =H19 -> 7824.8837 | I20: =I19 -> 193500 | J20: =J19 -> 22500 | ... AH20: =AH19 -> 308
A23: Prepared by: | F23: Checked by: | S23: Noted by: | Y23: Approved by:
A26: VENOS L. MANDABON | F26: NHOLL GREAL O. LOZADA | S26: ENGR. RAFFY D. TORRES | Y26: ENGR. EARL M. SON
A27: Mine Explosives Dept | F27: Mine Explosives Inventory Supervisor | S27: Mine Explosives Manager | Y27: Mines Manager

Sheet 9-8-14
A1: PHILSAGA MINING CORPORATION
A2: Bayugan 3,Rosario Agusan del Sur
A4: EXPLOSIVE WEEKLY CONSUMPTION
A5: SEPTEMBER 8-14, 2024
A8: SUPPLIER | C8: MT. ROCK | G8: EXPEDITION | Q8: MT ROCK | R8: MT. ROCK | W8: EXPEDITION | Z8: MT ROCK | AB8: EXPEDITION | AC8: MT. ROCK | AF8: MT ROCK | AG8: MT ROCK | AH8: EXPEDITION
Q9: EXPEDITION | Z9: EXPEDITION | AF9: EXPEDITION
A10: DATE | B10: DESCRIPTION | C10: PACKAGE EMULSION | Q10: Anfo | R10: DETONATORS | AB10: DETONATING CORD
C11: 200 | E11: 208 | G11: 215 | I11: 135 | K11: 150 | M11: 150 | O11: 38 | R11: NONEL | T11: SUPREME | V11: Shockstar | W11: EXEL | Z11: OBC | AA11: EBC | AB11: Cordtex | AC11: Cordtex | AD11: DCORD | AE11: Cordtex | AF11: S/Fuse | AG11: Billwire | AH11: FUSE
C12: Super Power | E12: Super Power | G12: Senatel/Pulsar | I12: Senatel/Pulsar | K12: Super Power | M12: Magnum | O12: Senatel/Pulsar | R12: 2.4 | S12: 3.6 | T12: 2.4 | U12: 3.6 | V12: 2.4 | W12: 3.6 | X12: 2.4 | Y12: 4.9 | AB12: 5 | AC12: 10 | AD12: 5 | AE12: 40 | AH12: LIGHTER
C13: 31496 | E13: 17457 | G13: 11082 | I13: 21810 | K13: 17362 | M13: 18389 | O13: 21811 | Q13: 10128 | R13: 10962 | S13: 15427 | T13: 16623 | U13: 16967 | V13: 28230 | W13: 10966 | X13: 10965 | Y13: 21809 | Z13: 11966 | AA13: 11089 | AB13: 10960 | AC13: 10961 | AD13: 33442 | AE13: 10959 | AF13: 12487 | AG13: 16823 | AH13: 11342
C14: Pcs | D14: Kls | E14: Pcs | F14: Kls | G14: Pcs | H14: Kls | I14: Pcs | J14: Kls | K14: Pcs | L14: Kls | M14: Pcs | N14: Kls | O14: Pcs | P14: Kls | Q14: Kls | R14: Pcs | S14: Pcs | T14: Pcs | U14: Pcs | V14: Pcs | W14: Pcs | X14: Pcs | Y14: Pcs | Z14: Pcs | AA14: Pcs | AB14: Mtrs | AC14: Mtrs | AD14: Mtrs | AE14: Mtrs | AF14: Mtrs | AG14: Mtrs | AH14: Pcs
A15: 45543 | B15: Based on Annual Physical Count | C15: ='2-18-24,2024'!C20 -> 0 | D15: ='2-18-24,2024'!D20 -> 0 | E15: ='9-1-7, 2024'!E20 -> 28590 | F15: ='9-1-7, 2024'!F20 -> 3416.9471 | G15: ='9-1-7, 2024'!G20 -> 67326 | H15: ='9-1-7, 2024'!H20 -> 7824.8837 | I15: ='9-1-7, 2024'!I20 -> 193500 | J15: ='9-1-7, 2024'!J20 -> 22500 | K15: ='9-1-7, 2024'!K20 -> 0 | L15: ='9-1-7, 2024'!L20 -> 0 | ... AH15: ='9-1-7, 2024'!AH20 -> 308
B16: Withdrawal of Stock from Main Magazine Mill | E16: 10400 | F16: =E16/208*25 -> 1250 | G16: 10750 | H16: =G16/215*25 -> 1250 | I16: =50*215 -> 10750 | J16: =I16/215*25 -> 1250 | K16: 0 | L16: 0 | Q16: 15000 | X16: 13000 | Z16: 1000 | AB16: 3600 | AC16: 4000 | AF16: 3000
B17: TOTAL ON HAND | C17: =C15+C16 -> 0 | D17: =D15+D16 -> 0 | E17: =E15+E16 -> 38990 | F17: =F15+F16 -> 4666.9471 | G17: =G15+G16 -> 78076 | H17: =H15+H16 -> 9074.8837 | I17: =I15+I16 -> 204250 | J17: =J15+J16 -> 23750 | ... AH17: =AH15+AH16 -> 308
B18: Less: Total Weekly Consumption | C18: 0 | D18: =C18/200*25 -> 0 | E18: 11108 | F18: =E18/208*25 -> 1335.0962 | G18: 7632 | H18: =G18/215*25 -> 887.44186 | I18: 0 | J18: =I18/135*25 -> 0 | K18: 0 | L18: =K18/150*25 -> 0 | M18: 0 | N18: =M18/150*25 -> 0 | P18: =O18/38*25 -> 0 | Q18: 6390.6 | R18: 0 | S18: 0 | U18: 0 | V18: 0 | X18: 9769 | Y18: 0 | Z18: 1021 | AB18: 1320 | AC18: 2503 | AD18: 266 | AF18: =Z18*2.43 -> 2481.03 | AG18: 0
A19: 45549 | B19: STOCK BALANCE | C19: =C17-C18 -> 0 | D19: =D17-D18 -> 0 | E19: =E17-E18 -> 27882 | F19: =F17-F18 -> 3331.851 | G19: =G17-G18 -> 70444 | H19: =H17-H18 -> 8187.4419 | I19: =I17-I18 -> 204250 | J19: =J17-J18 -> 23750 | ... AH19: =AH17-AH18 -> 308
A20: MINE MAG. STOCK USABLE | C20: =C19 -> 0 | D20: =D19 -> 0 | E20: =E19 -> 27882 | F20: =F19 -> 3331.851 | G20: =G19 -> 70444 | H20: =H19 -> 8187.4419 | I20: =I19 -> 204250 | J20: =J19 -> 23750 | ... AH20: =AH19 -> 308
A23: Prepared by: | F23: Checked by: | S23: Noted by: | Y23: Approved by:
A26: VENOS L. MANDABON | F26: NHOLL GREAL O. LOZADA | S26: ENGR. EDWIN B. BATAL | Y26: ENGR. EARL M. SON
A27: Mine Explosives Dept | F27: Mine Explosives Inventory Supervisor | S27: Mine Explosives Asst. Manager | Y27: Mines Manager

Sheet 9-15-21
A1: PHILSAGA MINING CORPORATION
A2: Bayugan 3,Rosario Agusan del Sur
A4: EXPLOSIVE WEEKLY CONSUMPTION
A5: SEPTEMBER 15-21, 2024
A8: SUPPLIER | C8: MT. ROCK | G8: EXPEDITION | Q8: MT ROCK | R8: MT. ROCK | W8: EXPEDITION | Z8: MT ROCK | AB8: EXPEDITION | AC8: MT. ROCK | AF8: MT ROCK | AG8: MT ROCK | AH8: EXPEDITION
Q9: EXPEDITION | Z9: EXPEDITION | AF9: EXPEDITION
A10: DATE | B10: DESCRIPTION | C10: PACKAGE EMULSION | Q10: Anfo | R10: DETONATORS | AB10: DETONATING CORD
C11: 200 | E11: 208 | G11: 215 | I11: 135 | K11: 150 | M11: 150 | O11: 38 | R11: NONEL | T11: SUPREME | V11: Shockstar | W11: EXEL | Z11: OBC | AA11: EBC | AB11: Cordtex | AC11: Cordtex | AD11: DCORD | AE11: Cordtex | AF11: S/Fuse | AG11: Billwire | AH11: FUSE
C12: Super Power | E12: Super Power | G12: Senatel/Pulsar | I12: Senatel/Pulsar | K12: Super Power | M12: Magnum | O12: Senatel/Pulsar | R12: 2.4 | S12: 3.6 | T12: 2.4 | U12: 3.6 | V12: 2.4 | W12: 3.6 | X12: 2.4 | Y12: 4.9 | AB12: 5 | AC12: 10 | AD12: 5 | AE12: 40 | AH12: LIGHTER
C13: 31496 | E13: 17457 | G13: 11082 | I13: 21810 | K13: 17362 | M13: 18389 | O13: 21811 | Q13: 10128 | R13: 10962 | S13: 15427 | T13: 16623 | U13: 16967 | V13: 28230 | W13: 10966 | X13: 10965 | Y13: 21809 | Z13: 11966 | AA13: 11089 | AB13: 10960 | AC13: 10961 | AD13: 33442 | AE13: 10959 | AF13: 12487 | AG13: 16823 | AH13: 11342
C14: Pcs | D14: Kls | E14: Pcs | F14: Kls | G14: Pcs | H14: Kls | I14: Pcs | J14: Kls | K14: Pcs | L14: Kls | M14: Pcs | N14: Kls | O14: Pcs | P14: Kls | Q14: Kls | R14: Pcs | S14: Pcs | T14: Pcs | U14: Pcs | V14: Pcs | W14: Pcs | X14: Pcs | Y14: Pcs | Z14: Pcs | AA14: Pcs | AB14: Mtrs | AC14: Mtrs | AD14: Mtrs | AE14: Mtrs | AF14: Mtrs | AG14: Mtrs | AH14: Pcs
A15: 45550 | B15: Based on Annual Physical Count | C15: ='2-18-24,2024'!C20 -> 0 | D15: ='2-18-24,2024'!D20 -> 0 | E15: ='9-8-14'!E20 -> 27882 | F15: ='9-8-14'!F20 -> 3331.851 | G15: ='9-8-14'!G20 -> 70444 | H15: ='9-8-14'!H20 -> 8187.4419 | I15: ='9-8-14'!I20 -> 204250 | J15: ='9-8-14'!J20 -> 23750 | K15: ='9-8-14'!K20 -> 0 | L15: ='9-8-14'!L20 -> 0 | ... AH15: ='9-8-14'!AH20 -> 308
B16: Withdrawal of Stock from Main Magazine Mill | F16: =E16/208*25 -> 0 | H16: =G16/215*25 -> 0 | I16: =50*215 -> 10750 | J16: =I16/215*25 -> 1250 | K16: 0 | L16: 0
B17: TOTAL ON HAND | C17: =C15+C16 -> 0 | D17: =D15+D16 -> 0 | E17: =E15+E16 -> 27882 | F17: =F15+F16 -> 3331.851 | G17: =G15+G16 -> 70444 | H17: =H15+H16 -> 8187.4419 | I17: =I15+I16 -> 215000 | J17: =J15+J16 -> 25000 | ... AH17: =AH15+AH16 -> 308
B18: Less: Total Weekly Consumption | C18: 0 | D18: =C18/200*25 -> 0 | E18: 11578 | F18: =E18/208*25 -> 1391.5865 | G18: 8409 | H18: =G18/215*25 -> 977.7907 | I18: 0 | J18: =I18/135*25 -> 0 | K18: 0 | L18: =K18/150*25 -> 0 | M18: 0 | N18: =M18/150*25 -> 0 | P18: =O18/38*25 -> 0 | Q18: 6934 | R18: 0 | S18: 0 | U18: 0 | V18: 0 | X18: 10438 | Y18: 0 | Z18: 1114 | AB18: 1389 | AC18: 2540 | AD18: 290 | AF18: =Z18*2.43 -> 2707.02 | AG18: 0 | AH18: 4
A19: 45556 | B19: STOCK BALANCE | C19: =C17-C18 -> 0 | D19: =D17-D18 -> 0 | E19: =E17-E18 -> 16304 | F19: =F17-F18 -> 1940.2644 | G19: =G17-G18 -> 62035 | H19: =H17-H18 -> 7209.6512 | I19: =I17-I18 -> 215000 | J19: =J17-J18 -> 25000 | ... AH19: =AH17-AH18 -> 304
A20: MINE MAG. STOCK USABLE | C20: =C19 -> 0 | D20: =D19 -> 0 | E20: =E19 -> 16304 | F20: =F19 -> 1940.2644 | G20: =G19 -> 62035 | H20: =H19 -> 7209.6512 | I20: =I19 -> 215000 | J20: =J19 -> 25000 | ... AH20: =AH19 -> 304
A23: Prepared by: | F23: Checked by: | S23: Noted by: | Y23: Approved by:
A26: VENOS L. MANDABON | F26: NHOLL GREAL O. LOZADA | S26: ENGR. EDWIN B. BATAL | Y26: ENGR. EARL M. SON
A27: Mine Explosives Dept | F27: Mine Explosives Inventory Supervisor | S27: Mine Explosives Asst. Manager | Y27: Mines Manager

Sheet 9-22-28
A1: PHILSAGA MINING CORPORATION
A2: Bayugan 3,Rosario Agusan del Sur
A4: EXPLOSIVE WEEKLY CONSUMPTION
A5: SEPTEMBER 22-28, 2024
A8: SUPPLIER | C8: MT. ROCK | G8: EXPEDITION | Q8: MT ROCK | R8: MT. ROCK | W8: EXPEDITION | Z8: MT ROCK | AB8: EXPEDITION | AC8: MT. ROCK | AF8: MT ROCK | AG8: MT ROCK | AH8: EXPEDITION
Q9: EXPEDITION | Z9: EXPEDITION | AF9: EXPEDITION
A10: DATE | B10: DESCRIPTION | C10: PACKAGE EMULSION | Q10: Anfo | R10: DETONATORS | AB10: DETONATING CORD
C11: 200 | E11: 208 | G11: 215 | I11: 135 | K11: 150 | M11: 150 | O11: 38 | R11: NONEL | T11: SUPREME | V11: Shockstar | W11: EXEL | Z11: OBC | AA11: EBC | AB11: Cordtex | AC11: Cordtex | AD11: DCORD | AE11: Cordtex | AF11: S/Fuse | AG11: Billwire | AH11: FUSE
C12: Super Power | E12: Super Power | G12: Senatel/Pulsar | I12: Senatel/Pulsar | K12: Super Power | M12: Magnum | O12: Senatel/Pulsar | R12: 2.4 | S12: 3.6 | T12: 2.4 | U12: 3.6 | V12: 2.4 | W12: 3.6 | X12: 2.4 | Y12: 4.9 | AB12: 5 | AC12: 10 | AD12: 5 | AE12: 40 | AH12: LIGHTER
C13: 31496 | E13: 17457 | G13: 11082 | I13: 21810 | K13: 17362 | M13: 18389 | O13: 21811 | Q13: 10128 | R13: 10962 | S13: 15427 | T13: 16623 | U13: 16967 | V13: 28230 | W13: 10966 | X13: 10965 | Y13: 21809 | Z13: 11966 | AA13: 11089 | AB13: 10960 | AC13: 10961 | AD13: 33442 | AE13: 10959 | AF13: 12487 | AG13: 16823 | AH13: 11342
C14: Pcs | D14: Kls | E14: Pcs | F14: Kls | G14: Pcs | H14: Kls | I14: Pcs | J14: Kls | K14: Pcs | L14: Kls | M14: Pcs | N14: Kls | O14: Pcs | P14: Kls | Q14: Kls | R14: Pcs | S14: Pcs | T14: Pcs | U14: Pcs | V14: Pcs | W14: Pcs | X14: Pcs | Y14: Pcs | Z14: Pcs | AA14: Pcs | AB14: Mtrs | AC14: Mtrs | AD14: Mtrs | AE14: Mtrs | AF14: Mtrs | AG14: Mtrs | AH14: Pcs
A15: 45557 | B15: Based on Annual Physical Count | C15: ='2-18-24,2024'!C20 -> 0 | D15: ='2-18-24,2024'!D20 -> 0 | E15: ='9-15-21'!E20 -> 16304 | F15: ='9-15-21'!F20 -> 1940.2644 | G15: ='9-15-21'!G20 -> 62035 | H15: ='9-15-21'!H20 -> 7209.6512 | I15: ='9-15-21'!I20 -> 215000 | J15: ='9-15-21'!J20 -> 25000 | K15: ='9-15-21'!K20 -> 0 | L15: ='9-15-21'!L20 -> 0 | ... AH15: ='9-15-21'!AH20 -> 304
B16: Withdrawal of Stock from Main Magazine Mill | E16: 15600 | F16: =E16/208*25 -> 1875 | G16: 16125 | H16: =G16/215*25 -> 1875 | I16: =50*215 -> 10750 | J16: =I16/215*25 -> 1250 | K16: 0 | L16: 0 | Q16: 15000 | X16: 14500 | Z16: 1000 | AB16: 2700 | AC16: 3000 | AF16: 4000
B17: TOTAL ON HAND | C17: =C15+C16 -> 0 | D17: =D15+D16 -> 0 | E17: =E15+E16 -> 31904 | F17: =F15+F16 -> 3815.2644 | G17: =G15+G16 -> 78160 | H17: =H15+H16 -> 9084.6512 | I17: =I15+I16 -> 225750 | J17: =J15+J16 -> 26250 | ... AH17: =AH15+AH16 -> 304
B18: Less: Total Weekly Consumption | C18: 0 | D18: =C18/200*25 -> 0 | E18: 10290 | F18: =E18/208*25 -> 1236.7788 | G18: 9349 | H18: 1087.093 | I18: 0 | J18: 0 | K18: 0 | L18: 0 | M18: 0 | N18: 0 | O18: 0 | P18: 0 | Q18: 7345.8 | R18: 0 | S18: 0 | T18: 0 | U18: 0 | V18: 0 | W18: 0 | X18: 10955 | Z18: 1101 | AA18: 0 | AB18: 1329 | AC18: 2889 | AD18: 311 | AE18: 0 | AF18: 2675.43 | AG18: 0 | AH18: 0
A19: 45563 | B19: STOCK BALANCE | C19: =C17-C18 -> 0 | D19: =D17-D18 -> 0 | E19: =E17-E18 -> 21614 | F19: =F17-F18 -> 2578.4856 | G19: =G17-G18 -> 68811 | H19: =H17-H18 -> 7997.5581 | I19: =I17-I18 -> 225750 | J19: =J17-J18 -> 26250 | ... AH19: =AH17-AH18 -> 304
A20: MINE MAG. STOCK USABLE | C20: =C19 -> 0 | D20: =D19 -> 0 | E20: =E19 -> 21614 | F20: =F19 -> 2578.4856 | G20: =G19 -> 68811 | H20: =H19 -> 7997.5581 | I20: =I19 -> 225750 | J20: =J19 -> 26250 | ... AH20: =AH19 -> 304
A23: Prepared by: | F23: Checked by: | S23: Noted by: | Y23: Approved by:
A26: VENOS L. MANDABON | F26: NHOLL GREAL O. LOZADA | S26: ENGR. EDWIN B. BATAL | Y26: ENGR. EARL M. SON
A27: Mine Explosives Dept | F27: Mine Explosives Inventory Supervisor | S27: Mine Explosives Asst. Manager | Y27: Mines Manager

Sheet 9-29-10-5
A1: PHILSAGA MINING CORPORATION
A2: Bayugan 3,Rosario Agusan del Sur
A4: EXPLOSIVE WEEKLY CONSUMPTION
A5: SEPTEMBER 29-OCTOBER 5, 2024
A8: SUPPLIER | C8: MT. ROCK | G8: EXPEDITION | Q8: MT ROCK | R8: MT. ROCK | W8: EXPEDITION | Z8: MT ROCK | AB8: EXPEDITION | AC8: MT. ROCK | AF8: MT ROCK | AG8: MT ROCK | AH8: EXPEDITION
Q9: EXPEDITION | Z9: EXPEDITION | AF9: EXPEDITION
A10: DATE | B10: DESCRIPTION | C10: PACKAGE EMULSION | Q10: Anfo | R10: DETONATORS | AB10: DETONATING CORD
C11: 200 | E11: 208 | G11: 215 | I11: 135 | K11: 150 | M11: 150 | O11: 38 | R11: NONEL | T11: SUPREME | V11: Shockstar | W11: EXEL | Z11: OBC | AA11: EBC | AB11: Cordtex | AC11: Cordtex | AD11: DCORD | AE11: Cordtex | AF11: S/Fuse | AG11: Billwire | AH11: FUSE
C12: Super Power | E12: Super Power | G12: Senatel/Pulsar | I12: Senatel/Pulsar | K12: Super Power | M12: Magnum | O12: Senatel/Pulsar | R12: 2.4 | S12: 3.6 | T12: 2.4 | U12: 3.6 | V12: 2.4 | W12: 3.6 | X12: 2.4 | Y12: 4.9 | AB12: 5 | AC12: 10 | AD12: I5 | AE12: 40 | AH12: LIGHTER
C13: 31496 | E13: 17457 | G13: 11082 | I13: 21810 | K13: 17362 | M13: 18389 | O13: 21811 | Q13: 10128 | R13: 10962 | S13: 15427 | T13: 16623 | U13: 16967 | V13: 28230 | W13: 10966 | X13: 10965 | Y13: 21809 | Z13: 11966 | AA13: 11089 | AB13: 10960 | AC13: 10961 | AD13: 33442 | AE13: 10959 | AF13: 12487 | AG13: 16823 | AH13: 11342
C14: Pcs | D14: Kls | E14: Pcs | F14: Kls | G14: Pcs | H14: Kls | I14: Pcs | J14: Kls | K14: Pcs | L14: Kls | M14: Pcs | N14: Kls | O14: Pcs | P14: Kls | Q14: Kls | R14: Pcs | S14: Pcs | T14: Pcs | U14: Pcs | V14: Pcs | W14: Pcs | X14: Pcs | Y14: Pcs | Z14: Pcs | AA14: Pcs | AB14: Mtrs | AC14: Mtrs | AD14: Mtrs | AE14: Mtrs | AF14: Mtrs | AG14: Mtrs | AH14: Pcs
A15: 45564 | B15: Based on Annual Physical Count | C15: ='2-18-24,2024'!C20 -> 0 | D15: ='2-18-24,2024'!D20 -> 0 | E15: ='9-22-28'!E20 -> 21614 | F15: ='9-22-28'!F20 -> 2578.4856 | G15: ='9-22-28'!G20 -> 68811 | H15: ='9-22-28'!H20 -> 7997.5581 | I15: ='9-22-28'!I20 -> 225750 | J15: ='9-22-28'!J20 -> 26250 | K15: ='9-22-28'!K20 -> 0 | L15: ='9-22-28'!L20 -> 0 | ... AH15: ='9-22-28'!AH20 -> 304
B16: Withdrawal of Stock from Main Magazine Mill | E16: 15600 | F16: =E16/208*25 -> 1875 | G16: 16125 | H16: =G16/215*25 -> 1875 | I16: =50*215 -> 10750 | J16: =I16/215*25 -> 1250 | K16: 0 | L16: 0 | Q16: 15000 | X16: 12500 | Z16: 2000 | AB16: 2700 | AC16: 3000 | AF16: 6000
B17: TOTAL ON HAND | C17: =C15+C16 -> 0 | D17: =D15+D16 -> 0 | E17: =E15+E16 -> 37214 | F17: =F15+F16 -> 4453.4856 | G17: =G15+G16 -> 84936 | H17: =H15+H16 -> 9872.5581 | I17: =I15+I16 -> 236500 | J17: =J15+J16 -> 27500 | ... AH17: =AH15+AH16 -> 304
B18: Less: Total Weekly Consumption | C18: 0 | D18: =C18/200*25 -> 0 | E18: 4521 | F18: =E18/208*25 -> 543.38942 | G18: 14062 | H18: =G18/215*25 -> 1635.1163 | I18: 0 | J18: 0 | K18: 0 | L18: 0 | M18: 0 | N18: 0 | O18: 0 | P18: 0 | Q18: 6883 | R18: 0 | S18: 0 | T18: 0 | U18: 0 | V18: 0 | W18: 0 | X18: 10155 | Y18: 0 | Z18: 1142 | AA18: 0 | AB18: 1523 | AC18: 2595 | AD18: 73 | AE18: 0 | AF18: =Z18*2.43 -> 2775.06 | AG18: 0 | AH18: 0
A19: 45570 | B19: STOCK BALANCE | C19: =C17-C18 -> 0 | D19: =D17-D18 -> 0 | E19: =E17-E18 -> 32693 | F19: =F17-F18 -> 3910.0962 | G19: =G17-G18 -> 70874 | H19: =H17-H18 -> 8237.4419 | I19: =I17-I18 -> 236500 | J19: =J17-J18 -> 27500 | ... AH19: =AH17-AH18 -> 304
A20: MINE MAG. STOCK USABLE | C20: =C19 -> 0 | D20: =D19 -> 0 | E20: =E19 -> 32693 | F20: =F19 -> 3910.0962 | G20: =G19 -> 70874 | H20: =H19 -> 8237.4419 | I20: =I19 -> 236500 | J20: =J19 -> 27500 | ... AH20: =AH19 -> 304
A23: Prepared by: | F23: Checked by: | S23: Noted by: | Y23: Approved by:
A26: VENOS L. MANDABON | F26: NHOLL GREAL O. LOZADA | S26: ENGR. EDWIN B. BATAL | Y26: ENGR. EARL M. SON
A27: Mine Explosives Dept | F27: Mine Explosives Inventory Supervisor | S27: Mine Explosives Asst. Manager | Y27: Mines Manager

Sheet 10-6-12
A1: PHILSAGA MINING CORPORATION
A2: Bayugan 3,Rosario Agusan del Sur
A4: EXPLOSIVE WEEKLY CONSUMPTION
A5: OCTOBER 6-12, 2024
A8: SUPPLIER | C8: MT. ROCK | G8: EXPEDITION | Q8: MT ROCK | R8: MT. ROCK | W8: EXPEDITION | Z8: MT ROCK | AB8: EXPEDITION | AC8: MT. ROCK | AF8: MT ROCK | AG8: MT ROCK | AH8: EXPEDITION
Q9: EXPEDITION | Z9: EXPEDITION | AF9: EXPEDITION
A10: DATE | B10: DESCRIPTION | C10: PACKAGE EMULSION | Q10: Anfo | R10: DETONATORS | AB10: DETONATING CORD
C11: 200 | E11: 208 | G11: 215 | I11: 135 | K11: 150 | M11: 150 | O11: 38 | R11: NONEL | T11: SUPREME | V11: Shockstar | W11: EXEL | Z11: OBC | AA11: EBC | AB11: Cordtex | AC11: Cordtex | AD11: DCORD | AE11: Cordtex | AF11: S/Fuse | AG11: Billwire | AH11: FUSE
C12: Super Power | E12: Super Power | G12: Senatel/Pulsar | I12: Senatel/Pulsar | K12: Super Power | M12: Magnum | O12: Senatel/Pulsar | R12: 2.4 | S12: 3.6 | T12: 2.4 | U12: 3.6 | V12: 2.4 | W12: 3.6 | X12: 2.4 | Y12: 4.9 | AB12: 5 | AC12: 10 | AD12: I5 | AE12: 40 | AH12: LIGHTER
C13: 31496 | E13: 17457 | G13: 11082 | I13: 21810 | K13: 17362 | M13: 18389 | O13: 21811 | Q13: 10128 | R13: 10962 | S13: 15427 | T13: 16623 | U13: 16967 | V13: 28230 | W13: 10966 | X13: 10965 | Y13: 21809 | Z13: 11966 | AA13: 11089 | AB13: 10960 | AC13: 10961 | AD13: 33442 | AE13: 10959 | AF13: 12487 | AG13: 16823 | AH13: 11342
C14: Pcs | D14: Kls | E14: Pcs | F14: Kls | G14: Pcs | H14: Kls | I14: Pcs | J14: Kls | K14: Pcs | L14: Kls | M14: Pcs | N14: Kls | O14: Pcs | P14: Kls | Q14: Kls | R14: Pcs | S14: Pcs | T14: Pcs | U14: Pcs | V14: Pcs | W14: Pcs | X14: Pcs | Y14: Pcs | Z14: Pcs | AA14: Pcs | AB14: Mtrs | AC14: Mtrs | AD14: Mtrs | AE14: Mtrs | AF14: Mtrs | AG14: Mtrs | AH14: Pcs
A15: 45571 | B15: Based on Annual Physical Count | C15: ='2-18-24,2024'!C20 -> 0 | D15: ='2-18-24,2024'!D20 -> 0 | E15: ='9-29-10-5'!E20 -> 32693 | F15: ='9-29-10-5'!F20 -> 3910.0962 | G15: ='9-29-10-5'!G20 -> 70874 | H15: ='9-29-10-5'!H20 -> 8237.4419 | I15: ='9-29-10-5'!I20 -> 236500 | J15: ='9-29-10-5'!J20 -> 27500 | K15: ='9-29-10-5'!K20 -> 0 | L15: ='9-29-10-5'!L20 -> 0 | ... AH15: ='9-29-10-5'!AH20 -> 304
B16: Withdrawal of Stock from Main Magazine Mill | F16: =E16/208*25 -> 0 | H16: =G16/215*25 -> 0 | I16: =50*215 -> 10750 | J16: =I16/215*25 -> 1250 | K16: 0 | L16: 0
B17: TOTAL ON HAND | C17: =C15+C16 -> 0 | D17: =D15+D16 -> 0 | E17: =E15+E16 -> 32693 | F17: =F15+F16 -> 3910.0962 | G17: =G15+G16 -> 70874 | H17: =H15+H16 -> 8237.4419 | I17: =I15+I16 -> 247250 | J17: =J15+J16 -> 28750 | ... AH17: =AH15+AH16 -> 304
B18: Less: Total Weekly Consumption | C18: 0 | D18: =C18/200*25 -> 0 | E18: 0 | F18: =E18/208*25 -> 0 | G18: 19926 | H18: =G18/215*25 -> 2316.9767 | I18: 0 | J18: 0 | K18: 0 | L18: 0 | M18: 0 | N18: 0 | O18: 0 | P18: 0 | Q18: 7654 | R18: 0 | S18: 0 | T18: 0 | U18: 0 | V18: 0 | W18: 0 | X18: 11263 | Z18: 1193 | AA18: 0 | AB18: 3752 | AC18: 777 | AD18: 96 | AE18: 0 | AF18: 2898.99 | AG18: 0 | AH18: 2
A19: 45577 | B19: STOCK BALANCE | C19: =C17-C18 -> 0 | D19: =D17-D18 -> 0 | E19: =E17-E18 -> 32693 | F19: =F17-F18 -> 3910.0962 | G19: =G17-G18 -> 50948 | H19: =H17-H18 -> 5920.4651 | I19: =I17-I18 -> 247250 | J19: =J17-J18 -> 28750 | ... AH19: =AH17-AH18 -> 302
A20: MINE MAG. STOCK USABLE | C20: =C19 -> 0 | D20: =D19 -> 0 | E20: =E19 -> 32693 | F20: =F19 -> 3910.0962 | G20: =G19 -> 50948 | H20: =H19 -> 5920.4651 | I20: =I19 -> 247250 | J20: =J19 -> 28750 | ... AH20: =AH19 -> 302
A23: Prepared by: | F23: Checked by: | S23: Noted by: | Y23: Approved by:
A26: VENOS L. MANDABON | F26: NHOLL GREAL O. LOZADA | S26: ENGR. EDWIN B. BATAL | Y26: ENGR. EARL M. SON
A27: Mine Explosives Dept | F27: Mine Explosives Inventory Supervisor | S27: Mine Explosives Asst. Manager | Y27: Mines Manager

Sheet 10-13-19
A1: PHILSAGA MINING CORPORATION
A2: Bayugan 3,Rosario Agusan del Sur
A4: EXPLOSIVE WEEKLY CONSUMPTION
A5: OCTOBER 13-19, 2024
A8: SUPPLIER | C8: MT. ROCK | G8: EXPEDITION | Q8: MT ROCK | R8: MT. ROCK | W8: EXPEDITION | Z8: MT ROCK | AB8: EXPEDITION | AC8: MT. ROCK | AF8: MT ROCK | AG8: MT ROCK | AH8: EXPEDITION
Q9: EXPEDITION | Z9: EXPEDITION | AF9: EXPEDITION
A10: DATE | B10: DESCRIPTION | C10: PACKAGE EMULSION | Q10: Anfo | R10: DETONATORS | AB10: DETONATING CORD
C11: 200 | E11: 208 | G11: 215 | I11: 135 | K11: 150 | M11: 150 | O11: 38 | R11: NONEL | T11: SUPREME | V11: Shockstar | W11: EXEL | Z11: OBC | AA11: EBC | AB11: Cordtex | AC11: Cordtex | AD11: DCORD | AE11: Cordtex | AF11: S/Fuse | AG11: Billwire | AH11: FUSE
C12: Super Power | E12: Super Power | G12: Senatel/Pulsar | I12: Senatel/Pulsar | K12: Super Power | M12: Magnum | O12: Senatel/Pulsar | R12: 2.4 | S12: 3.6 | T12: 2.4 | U12: 3.6 | V12: 2.4 | W12: 3.6 | X12: 2.4 | Y12: 4.9 | AB12: 5 | AC12: 10 | AD12: I5 | AE12: 40 | AH12: LIGHTER
C13: 31496 | E13: 17457 | G13: 11082 | I13: 21810 | K13: 17362 | M13: 18389 | O13: 21811 | Q13: 10128 | R13: 10962 | S13: 15427 | T13: 16623 | U13: 16967 | V13: 28230 | W13: 10966 | X13: 10965 | Y13: 21809 | Z13: 11966 | AA13: 11089 | AB13: 10960 | AC13: 10961 | AD13: 33442 | AE13: 10959 | AF13: 12487 | AG13: 16823 | AH13: 11342
C14: Pcs | D14: Kls | E14: Pcs | F14: Kls | G14: Pcs | H14: Kls | I14: Pcs | J14: Kls | K14: Pcs | L14: Kls | M14: Pcs | N14: Kls | O14: Pcs | P14: Kls | Q14: Kls | R14: Pcs | S14: Pcs | T14: Pcs | U14: Pcs | V14: Pcs | W14: Pcs | X14: Pcs | Y14: Pcs | Z14: Pcs | AA14: Pcs | AB14: Mtrs | AC14: Mtrs | AD14: Mtrs | AE14: Mtrs | AF14: Mtrs | AG14: Mtrs | AH14: Pcs
A15: 45578 | B15: Based on Annual Physical Count | C15: ='2-18-24,2024'!C20 -> 0 | D15: ='2-18-24,2024'!D20 -> 0 | E15: ='10-6-12'!E20 -> 32693 | F15: ='10-6-12'!F20 -> 3910.0962 | G15: ='10-6-12'!G20 -> 50948 | H15: ='10-6-12'!H20 -> 5920.4651 | I15: ='10-6-12'!I20 -> 247250 | J15: ='10-6-12'!J20 -> 28750 | K15: ='10-6-12'!K20 -> 0 | L15: ='10-6-12'!L20 -> 0 | ... AH15: ='10-6-12'!AH20 -> 302
B16: Withdrawal of Stock from Main Magazine Mill | E16: 10400 | F16: =E16/208*25 -> 1250 | G16: 10750 | H16: =G16/215*25 -> 1250 | I16: =50*215 -> 10750 | J16: =I16/215*25 -> 1250 | K16: 0 | L16: 0 | Q16: 15150 | X16: 13000 | Z16: 2000 | AB16: 2700 | AC16: 3000 | AF16: 6000
B17: TOTAL ON HAND | C17: =C15+C16 -> 0 | D17: =D15+D16 -> 0 | E17: =E15+E16 -> 43093 | F17: =F15+F16 -> 5160.0962 | G17: =G15+G16 -> 61698 | H17: =H15+H16 -> 7170.4651 | I17: =I15+I16 -> 258000 | J17: =J15+J16 -> 30000 | ... AH17: =AH15+AH16 -> 302
B18: Less: Total Weekly Consumption | C18: 0 | D18: =C18/200*25 -> 0 | E18: 138 | F18: =E18/208*25 -> 16.586538 | G18: 18990 | H18: =G18/215*25 -> 2208.1395 | I18: 0 | J18: 0 | K18: 0 | L18: 0 | M18: 0 | N18: 0 | O18: 0 | P18: 0 | Q18: 6645.4 | X18: 10056 | Z18: 1190 | AB18: 3358 | AC18: 296 | AD18: 431 | AF18: 2891.7 | AG18: 0
A19: 45584 | B19: STOCK BALANCE | C19: =C17-C18 -> 0 | D19: =D17-D18 -> 0 | E19: =E17-E18 -> 42955 | F19: =F17-F18 -> 5143.5096 | G19: =G17-G18 -> 42708 | H19: =H17-H18 -> 4962.3256 | I19: =I17-I18 -> 258000 | J19: =J17-J18 -> 30000 | ... AH19: =AH17-AH18 -> 302
A20: MINE MAG. STOCK USABLE | C20: =C19 -> 0 | D20: =D19 -> 0 | E20: =E19 -> 42955 | F20: =F19 -> 5143.5096 | G20: =G19 -> 42708 | H20: =H19 -> 4962.3256 | I20: =I19 -> 258000 | J20: =J19 -> 30000 | ... AH20: =AH19 -> 302
A23: Prepared by: | F23: Checked by: | S23: Noted by: | Y23: Approved by:
A26: VENOS L. MANDABON | F26: NHOLL GREAL O. LOZADA | S26: ENGR. EDWIN B. BATAL | Y26: ENGR. EARL M. SON
A27: Mine Explosives Dept | F27: Mine Explosives Inventory Supervisor | S27: Mine Explosives Asst. Manager | Y27: Mines Manager

Sheet 10-20-26
A1: PHILSAGA MINING CORPORATION
A2: Bayugan 3,Rosario Agusan del Sur
A4: EXPLOSIVE WEEKLY CONSUMPTION
A5: OCTOBER 20-26, 2024
A8: SUPPLIER | C8: MT. ROCK | G8: EXPEDITION | Q8: MT ROCK | R8: MT. ROCK | W8: EXPEDITION | Z8: MT ROCK | AB8: EXPEDITION | AC8: MT. ROCK | AF8: MT ROCK | AG8: MT ROCK | AH8: EXPEDITION
Q9: EXPEDITION | Z9: EXPEDITION | AF9: EXPEDITION
A10: DATE | B10: DESCRIPTION | C10: PACKAGE EMULSION | Q10: Anfo | R10: DETONATORS | AB10: DETONATING CORD
C11: 200 | E11: 208 | G11: 215 | I11: 135 | K11: 150 | M11: 150 | O11: 38 | R11: NONEL | T11: SUPREME | V11: Shockstar | W11: EXEL | Z11: OBC | AA11: EBC | AB11: Cordtex | AC11: Cordtex | AD11: DCORD | AE11: Cordtex | AF11: S/Fuse | AG11: Billwire | AH11: FUSE
C12: Super Power | E12: Super Power | G12: Senatel/Pulsar | I12: Senatel/Pulsar | K12: Super Power | M12: Magnum | O12: Senatel/Pulsar | R12: 2.4 | S12: 3.6 | T12: 2.4 | U12: 3.6 | V12: 2.4 | W12: 3.6 | X12: 2.4 | Y12: 4.9 | AB12: 5 | AC12: 10 | AD12: I5 | AE12: 40 | AH12: LIGHTER
C13: 31496 | E13: 17457 | G13: 11082 | I13: 21810 | K13: 17362 | M13: 18389 | O13: 21811 | Q13: 10128 | R13: 10962 | S13: 15427 | T13: 16623 | U13: 16967 | V13: 28230 | W13: 10966 | X13: 10965 | Y13: 21809 | Z13: 11966 | AA13: 11089 | AB13: 10960 | AC13: 10961 | AD13: 33442 | AE13: 10959 | AF13: 12487 | AG13: 16823 | AH13: 11342
C14: Pcs | D14: Kls | E14: Pcs | F14: Kls | G14: Pcs | H14: Kls | I14: Pcs | J14: Kls | K14: Pcs | L14: Kls | M14: Pcs | N14: Kls | O14: Pcs | P14: Kls | Q14: Kls | R14: Pcs | S14: Pcs | T14: Pcs | U14: Pcs | V14: Pcs | W14: Pcs | X14: Pcs | Y14: Pcs | Z14: Pcs | AA14: Pcs | AB14: Mtrs | AC14: Mtrs | AD14: Mtrs | AE14: Mtrs | AF14: Mtrs | AG14: Mtrs | AH14: Pcs
A15: 45585 | B15: Based on Annual Physical Count | C15: ='2-18-24,2024'!C20 -> 0 | D15: ='2-18-24,2024'!D20 -> 0 | E15: ='10-13-19'!E20 -> 42955 | F15: ='10-13-19'!F20 -> 5143.5096 | G15: ='10-13-19'!G20 -> 42708 | H15: ='10-13-19'!H20 -> 4962.3256 | I15: ='10-13-19'!I20 -> 258000 | J15: ='10-13-19'!J20 -> 30000 | K15: ='10-13-19'!K20 -> 0 | L15: ='10-13-19'!L20 -> 0 | ... AH15: ='10-13-19'!AH20 -> 302
B16: Withdrawal of Stock from Main Magazine Mill | F16: =E16/208*25 -> 0 | H16: =G16/215*25 -> 0 | I16: =50*215 -> 10750 | J16: =I16/215*25 -> 1250 | K16: 0 | L16: 0
B17: TOTAL ON HAND | C17: =C15+C16 -> 0 | D17: =D15+D16 -> 0 | E17: =E15+E16 -> 42955 | F17: =F15+F16 -> 5143.5096 | G17: =G15+G16 -> 42708 | H17: =H15+H16 -> 4962.3256 | I17: =I15+I16 -> 268750 | J17: =J15+J16 -> 31250 | ... AH17: =AH15+AH16 -> 302
B18: Less: Total Weekly Consumption | C18: 0 | D18: =C18/200*25 -> 0 | E18: 4658 | F18: =E18/208*25 -> 559.85577 | G18: 18005 | H18: =G18/215*25 -> 2093.6047 | I18: 0 | J18: 0 | K18: 0 | L18: 0 | M18: 0 | N18: 0 | O18: 0 | P18: 0 | Q18: 7769.6 | X18: 11834 | Z18: 1291 | AB18: 4161 | AC18: 212 | AD18: 518 | AF18: 3137.13 | AH18: 2
A19: 45591 | B19: STOCK BALANCE | C19: =C17-C18 -> 0 | D19: =D17-D18 -> 0 | E19: =E17-E18 -> 38297 | F19: =F17-F18 -> 4583.6538 | G19: =G17-G18 -> 24703 | H19: =H17-H18 -> 2868.7209 | I19: =I17-I18 -> 268750 | J19: =J17-J18 -> 31250 | ... AH19: =AH17-AH18 -> 300
A20: MINE MAG. STOCK USABLE | C20: =C19 -> 0 | D20: =D19 -> 0 | E20: =E19 -> 38297 | F20: =F19 -> 4583.6538 | G20: =G19 -> 24703 | H20: =H19 -> 2868.7209 | I20: =I19 -> 268750 | J20: =J19 -> 31250 | ... AH20: =AH19 -> 300
A23: Prepared by: | F23: Checked by: | S23: Noted by: | Y23: Approved by:
A26: VENOS L. MANDABON | F26: NHOLL GREAL O. LOZADA | S26: ENGR. EDWIN B. BATAL | Y26: ENGR. EARL M. SON
A27: Mine Explosives Dept | F27: Mine Explosives Inventory Supervisor | S27: Mine Explosives Asst. Manager | Y27: Mines Manager

Sheet 10-27-11-2
A1: PHILSAGA MINING CORPORATION
A2: Bayugan 3,Rosario Agusan del Sur
A4: EXPLOSIVE WEEKLY CONSUMPTION
A5: OCTOBER 27-NOVEMBER 2, 2024
A8: SUPPLIER | C8: MT. ROCK | G8: EXPEDITION | Q8: MT ROCK | R8: MT. ROCK | W8: EXPEDITION | Z8: MT ROCK | AB8: EXPEDITION | AC8: MT. ROCK | AF8: MT ROCK | AG8: MT ROCK | AH8: EXPEDITION
Q9: EXPEDITION | Z9: EXPEDITION | AF9: EXPEDITION
A10: DATE | B10: DESCRIPTION | C10: PACKAGE EMULSION | Q10: Anfo | R10: DETONATORS | AB10: DETONATING CORD
C11: 200 | E11: 208 | G11: 215 | I11: 135 | K11: 150 | M11: 150 | O11: 38 | R11: NONEL | T11: SUPREME | V11: Shockstar | W11: EXEL | Z11: OBC | AA11: EBC | AB11: Cordtex | AC11: Cordtex | AD11: DCORD | AE11: Cordtex | AF11: S/Fuse | AG11: Billwire | AH11: FUSE
C12: Super Power | E12: Super Power | G12: Senatel/Pulsar | I12: Senatel/Pulsar | K12: Super Power | M12: Magnum | O12: Senatel/Pulsar | R12: 2.4 | S12: 3.6 | T12: 2.4 | U12: 3.6 | V12: 2.4 | W12: 3.6 | X12: 2.4 | Y12: 4.9 | AB12: 5 | AC12: 10 | AD12: I5 | AE12: 40 | AH12: LIGHTER
C13: 31496 | E13: 17457 | G13: 11082 | I13: 21810 | K13: 17362 | M13: 18389 | O13: 21811 | Q13: 10128 | R13: 10962 | S13: 15427 | T13: 16623 | U13: 16967 | V13: 28230 | W13: 10966 | X13: 10965 | Y13: 21809 | Z13: 11966 | AA13: 11089 | AB13: 10960 | AC13: 10961 | AD13: 33442 | AE13: 10959 | AF13: 12487 | AG13: 16823 | AH13: 11342
C14: Pcs | D14: Kls | E14: Pcs | F14: Kls | G14: Pcs | H14: Kls | I14: Pcs | J14: Kls | K14: Pcs | L14: Kls | M14: Pcs | N14: Kls | O14: Pcs | P14: Kls | Q14: Kls | R14: Pcs | S14: Pcs | T14: Pcs | U14: Pcs | V14: Pcs | W14: Pcs | X14: Pcs | Y14: Pcs | Z14: Pcs | AA14: Pcs | AB14: Mtrs | AC14: Mtrs | AD14: Mtrs | AE14: Mtrs | AF14: Mtrs | AG14: Mtrs | AH14: Pcs
A15: 45592 | B15: Based on Annual Physical Count | C15: ='2-18-24,2024'!C20 -> 0 | D15: ='2-18-24,2024'!D20 -> 0 | E15: ='10-20-26'!E20 -> 38297 | F15: ='10-20-26'!F20 -> 4583.6538 | G15: ='10-20-26'!G20 -> 24703 | H15: ='10-20-26'!H20 -> 2868.7209 | I15: ='10-20-26'!I20 -> 268750 | J15: ='10-20-26'!J20 -> 31250 | K15: ='10-20-26'!K20 -> 0 | L15: ='10-20-26'!L20 -> 0 | ... AH15: ='10-20-26'!AH20 -> 300
B16: Withdrawal of Stock from Main Magazine Mill | F16: =E16/208*25 -> 0 | H16: =G16/215*25 -> 0 | I16: =50*215 -> 10750 | J16: =I16/215*25 -> 1250 | K16: 0 | L16: 0
B17: TOTAL ON HAND | C17: =C15+C16 -> 0 | D17: =D15+D16 -> 0 | E17: =E15+E16 -> 38297 | F17: =F15+F16 -> 4583.6538 | G17: =G15+G16 -> 24703 | H17: =H15+H16 -> 2868.7209 | I17: =I15+I16 -> 279500 | J17: =J15+J16 -> 32500 | ... AH17: =AH15+AH16 -> 300
B18: Less: Total Weekly Consumption | C18: 0 | D18: =C18/200*25 -> 0 | E18: 6490 | F18: =E18/208*25 -> 780.04808 | G18: 7438 | H18: =G18/215*25 -> 864.88372 | I18: 0 | J18: 0 | K18: 0 | L18: 0 | M18: 0 | N18: 0 | O18: 0 | P18: 0 | Q18: 4998 | W18: 107 | X18: 7428 | Z18: 810 | AB18: 2523 | AC18: 304 | AD18: 247 | AF18: 1968.3 | AH18: 2
A19: 45598 | B19: STOCK BALANCE | C19: =C17-C18 -> 0 | D19: =D17-D18 -> 0 | E19: =E17-E18 -> 31807 | F19: =F17-F18 -> 3803.6058 | G19: =G17-G18 -> 17265 | H19: =H17-H18 -> 2003.8372 | I19: =I17-I18 -> 279500 | J19: =J17-J18 -> 32500 | ... AH19: =AH17-AH18 -> 298
A20: MINE MAG. STOCK USABLE | C20: =C19 -> 0 | D20: =D19 -> 0 | E20: =E19 -> 31807 | F20: =F19 -> 3803.6058 | G20: =G19 -> 17265 | H20: =H19 -> 2003.8372 | I20: =I19 -> 279500 | J20: =J19 -> 32500 | ... AH20: =AH19 -> 298
A23: Prepared by: | F23: Checked by: | S23: Noted by: | Y23: Approved by:
A26: VENOS L. MANDABON | F26: NHOLL GREAL O. LOZADA | S26: ENGR. EDWIN B. BATAL | Y26: ENGR. EARL M. SON
A27: Mine Explosives Dept | F27: Mine Explosives Inventory Supervisor | S27: Mine Explosives Asst. Manager | Y27: Mines Manager

Sheet 11-3-9
A1: PHILSAGA MINING CORPORATION
A2: Bayugan 3,Rosario Agusan del Sur
A4: EXPLOSIVE WEEKLY CONSUMPTION
A5: NOVEMBER 3-9, 2024
A8: SUPPLIER | C8: MT. ROCK | G8: EXPEDITION | Q8: MT ROCK | R8: MT. ROCK | W8: EXPEDITION | Z8: MT ROCK | AB8: EXPEDITION | AC8: MT. ROCK | AF8: MT ROCK | AG8: MT ROCK | AH8: EXPEDITION
Q9: EXPEDITION | Z9: EXPEDITION | AF9: EXPEDITION
A10: DATE | B10: DESCRIPTION | C10: PACKAGE EMULSION | Q10: Anfo | R10: DETONATORS | AB10: DETONATING CORD
C11: 200 | E11: 208 | G11: 215 | I11: 135 | K11: 150 | M11: 150 | O11: 38 | R11: NONEL | T11: SUPREME | V11: Shockstar | W11: EXEL | Z11: OBC | AA11: EBC | AB11: Cordtex | AC11: Cordtex | AD11: DCORD | AE11: Cordtex | AF11: S/Fuse | AG11: Billwire | AH11: FUSE
C12: Super Power | E12: Super Power | G12: Senatel/Pulsar | I12: Senatel/Pulsar | K12: Super Power | M12: Magnum | O12: Senatel/Pulsar | R12: 2.4 | S12: 3.6 | T12: 2.4 | U12: 3.6 | V12: 2.4 | W12: 3.6 | X12: 2.4 | Y12: 4.9 | AB12: 5 | AC12: 10 | AD12: I5 | AE12: 40 | AH12: LIGHTER
C13: 31496 | E13: 17457 | G13: 11082 | I13: 21810 | K13: 17362 | M13: 18389 | O13: 21811 | Q13: 10128 | R13: 10962 | S13: 15427 | T13: 16623 | U13: 16967 | V13: 28230 | W13: 10966 | X13: 10965 | Y13: 21809 | Z13: 11966 | AA13: 11089 | AB13: 10960 | AC13: 10961 | AD13: 33442 | AE13: 10959 | AF13: 12487 | AG13: 16823 | AH13: 11342
C14: Pcs | D14: Kls | E14: Pcs | F14: Kls | G14: Pcs | H14: Kls | I14: Pcs | J14: Kls | K14: Pcs | L14: Kls | M14: Pcs | N14: Kls | O14: Pcs | P14: Kls | Q14: Kls | R14: Pcs | S14: Pcs | T14: Pcs | U14: Pcs | V14: Pcs | W14: Pcs | X14: Pcs | Y14: Pcs | Z14: Pcs | AA14: Pcs | AB14: Mtrs | AC14: Mtrs | AD14: Mtrs | AE14: Mtrs | AF14: Mtrs | AG14: Mtrs | AH14: Pcs
A15: 45599 | B15: Based on Annual Physical Count | C15: ='2-18-24,2024'!C20 -> 0 | D15: ='2-18-24,2024'!D20 -> 0 | E15: ='10-27-11-2'!E20 -> 31807 | F15: ='10-27-11-2'!F20 -> 3803.6058 | G15: ='10-27-11-2'!G20 -> 17265 | H15: ='10-27-11-2'!H20 -> 2003.8372 | I15: ='10-27-11-2'!I20 -> 279500 | J15: ='10-27-11-2'!J20 -> 32500 | K15: ='10-27-11-2'!K20 -> 0 | L15: ='10-27-11-2'!L20 -> 0 | ... AH15: ='10-27-11-2'!AH20 -> 298
B16: Withdrawal of Stock from Main Magazine Mill | F16: =E16/208*25 -> 0 | G16: 43000 | H16: =G16/215*25 -> 5000 | I16: =50*215 -> 10750 | J16: =I16/215*25 -> 1250 | K16: 0 | L16: 0 | Q16: 15000 | X16: 29250 | Z16: 3000 | AB16: 4500 | AC16: 5000 | AF16: 4000
B17: TOTAL ON HAND | C17: =C15+C16 -> 0 | D17: =D15+D16 -> 0 | E17: =E15+E16 -> 31807 | F17: =F15+F16 -> 3803.6058 | G17: =G15+G16 -> 60265 | H17: =H15+H16 -> 7003.8372 | I17: =I15+I16 -> 290250 | J17: =J15+J16 -> 33750 | ... AH17: =AH15+AH16 -> 298
B18: Less: Total Weekly Consumption | C18: 0 | D18: =C18/200*25 -> 0 | E18: 9745 | F18: =E18/208*25 -> 1171.274 | G18: 9336 | H18: =G18/215*25 -> 1085.5814 | I18: 0 | J18: 0 | K18: 0 | L18: 0 | M18: 0 | N18: 0 | O18: 0 | P18: 0 | Q18: 6970 | W18: 380 | X18: 10060 | Z18: 1166 | AB18: 2222 | AC18: 1612 | AD18: 341 | AF18: 2833.38 | AH18: 1
A19: 45605 | B19: STOCK BALANCE | C19: =C17-C18 -> 0 | D19: =D17-D18 -> 0 | E19: =E17-E18 -> 22062 | F19: =F17-F18 -> 2632.3317 | G19: =G17-G18 -> 50929 | H19: =H17-H18 -> 5918.2558 | I19: =I17-I18 -> 290250 | J19: =J17-J18 -> 33750 | ... AH19: =AH17-AH18 -> 297
A20: MINE MAG. STOCK USABLE | C20: =C19 -> 0 | D20: =D19 -> 0 | E20: =E19 -> 22062 | F20: =F19 -> 2632.3317 | G20: =G19 -> 50929 | H20: =H19 -> 5918.2558 | I20: =I19 -> 290250 | J20: =J19 -> 33750 | ... AH20: =AH19 -> 297
A23: Prepared by: | F23: Checked by: | S23: Noted by: | Y23: Approved by:
A26: VENOS L. MANDABON | F26: NHOLL GREAL O. LOZADA | S26: ENGR. EDWIN B. BATAL | Y26: ENGR. EARL M. SON
A27: Mine Explosives Dept | F27: Mine Explosives Inventory Supervisor | S27: Mine Explosives Asst. Manager | Y27: Mines Manager

Sheet 11-10-17
A1: PHILSAGA MINING CORPORATION
A2: Bayugan 3,Rosario Agusan del Sur
A4: EXPLOSIVE WEEKLY CONSUMPTION
A5: NOVEMBER 10-17, 2024
A8: SUPPLIER | C8: MT. ROCK | G8: EXPEDITION | Q8: MT ROCK | R8: MT. ROCK | W8: EXPEDITION | Z8: MT ROCK | AB8: EXPEDITION | AC8: MT. ROCK | AF8: MT ROCK | AG8: MT ROCK | AH8: EXPEDITION
Q9: EXPEDITION | Z9: EXPEDITION | AF9: EXPEDITION
A10: DATE | B10: DESCRIPTION | C10: PACKAGE EMULSION | Q10: Anfo | R10: DETONATORS | AB10: DETONATING CORD
C11: 200 | E11: 208 | G11: 215 | I11: 135 | K11: 150 | M11: 150 | O11: 38 | R11: NONEL | T11: SUPREME | V11: Shockstar | W11: EXEL | Z11: OBC | AA11: EBC | AB11: Cordtex | AC11: Cordtex | AD11: DCORD | AE11: Cordtex | AF11: S/Fuse | AG11: Billwire | AH11: FUSE
C12: Super Power | E12: Super Power | G12: Senatel/Pulsar | I12: Senatel/Pulsar | K12: Super Power | M12: Magnum | O12: Senatel/Pulsar | R12: 2.4 | S12: 3.6 | T12: 2.4 | U12: 3.6 | V12: 2.4 | W12: 3.6 | X12: 2.4 | Y12: 4.9 | AB12: 5 | AC12: 10 | AD12: I5 | AE12: 40 | AH12: LIGHTER
C13: 31496 | E13: 17457 | G13: 11082 | I13: 21810 | K13: 17362 | M13: 18389 | O13: 21811 | Q13: 10128 | R13: 10962 | S13: 15427 | T13: 16623 | U13: 16967 | V13: 28230 | W13: 10966 | X13: 10965 | Y13: 21809 | Z13: 11966 | AA13: 11089 | AB13: 10960 | AC13: 10961 | AD13: 33442 | AE13: 10959 | AF13: 12487 | AG13: 16823 | AH13: 11342
C14: Pcs | D14: Kls | E14: Pcs | F14: Kls | G14: Pcs | H14: Kls | I14: Pcs | J14: Kls | K14: Pcs | L14: Kls | M14: Pcs | N14: Kls | O14: Pcs | P14: Kls | Q14: Kls | R14: Pcs | S14: Pcs | T14: Pcs | U14: Pcs | V14: Pcs | W14: Pcs | X14: Pcs | Y14: Pcs | Z14: Pcs | AA14: Pcs | AB14: Mtrs | AC14: Mtrs | AD14: Mtrs | AE14: Mtrs | AF14: Mtrs | AG14: Mtrs | AH14: Pcs
A15: 45606 | B15: Based on Annual Physical Count | C15: ='2-18-24,2024'!C20 -> 0 | D15: ='2-18-24,2024'!D20 -> 0 | E15: ='11-3-9'!E20 -> 22062 | F15: ='11-3-9'!F20 -> 2632.3317 | G15: ='11-3-9'!G20 -> 50929 | H15: ='11-3-9'!H20 -> 5918.2558 | I15: ='11-3-9'!I20 -> 290250 | J15: ='11-3-9'!J20 -> 33750 | K15: ='11-3-9'!K20 -> 0 | L15: ='11-3-9'!L20 -> 0 | ... AH15: ='11-3-9'!AH20 -> 297
B16: Withdrawal of Stock from Main Magazine Mill | F16: =E16/208*25 -> 0 | G16: 75250 | H16: =G16/215*25 -> 8750 | I16: =50*215 -> 10750 | J16: =I16/215*25 -> 1250 | K16: 0 | L16: 0 | Q16: 6250 | X16: 23750 | Z16: 5000 | AB16: 4500 | AC16: 5000 | AF16: 4000
B17: TOTAL ON HAND | C17: =C15+C16 -> 0 | D17: =D15+D16 -> 0 | E17: =E15+E16 -> 22062 | F17: =F15+F16 -> 2632.3317 | G17: =G15+G16 -> 126179 | H17: =H15+H16 -> 14668.256 | I17: =I15+I16 -> 301000 | J17: =J15+J16 -> 35000 | ... AH17: =AH15+AH16 -> 297
B18: Less: Total Weekly Consumption | C18: 0 | D18: =C18/200*25 -> 0 | E18: 8905 | F18: =E18/208*25 -> 1070.3125 | G18: 10162 | H18: =G18/215*25 -> 1181.6279 | I18: 0 | J18: 0 | K18: 0 | L18: 0 | M18: 0 | N18: 0 | O18: 0 | P18: 0 | Q18: 7034.8 | W18: 91 | X18: 10252 | Z18: 1218 | AB18: 614 | AC18: 3197 | AD18: 353 | AF18: 2959.74
A19: 45613 | B19: STOCK BALANCE | C19: =C17-C18 -> 0 | D19: =D17-D18 -> 0 | E19: =E17-E18 -> 13157 | F19: =F17-F18 -> 1562.0192 | G19: =G17-G18 -> 116017 | H19: =H17-H18 -> 13486.628 | I19: =I17-I18 -> 301000 | J19: =J17-J18 -> 35000 | ... AH19: =AH17-AH18 -> 297
A20: MINE MAG. STOCK USABLE | C20: =C19 -> 0 | D20: =D19 -> 0 | E20: =E19 -> 13157 | F20: =F19 -> 1562.0192 | G20: =G19 -> 116017 | H20: =H19 -> 13486.628 | I20: =I19 -> 301000 | J20: =J19 -> 35000 | ... AH20: =AH19 -> 297
A23: Prepared by: | F23: Checked by: | S23: Noted by: | Y23: Approved by:
A26: VENOS L. MANDABON | F26: NHOLL GREAL O. LOZADA | S26: ENGR. EDWIN B. BATAL | Y26: ENGR. EARL M. SON
A27: Mine Explosives Dept | F27: Mine Explosives Inventory Supervisor | S27: Mine Explosives Asst. Manager | Y27: Mines Manager

Sheet 11-18-24
A1: PHILSAGA MINING CORPORATION
A2: Bayugan 3,Rosario Agusan del Sur
A4: EXPLOSIVE WEEKLY CONSUMPTION
A5: NOVEMBER 18-24, 2024
A8: SUPPLIER | C8: MT. ROCK | G8: EXPEDITION | Q8: MT ROCK | R8: MT. ROCK | W8: EXPEDITION | Z8: MT ROCK | AB8: EXPEDITION | AC8: MT. ROCK | AF8: MT ROCK | AG8: MT ROCK | AH8: EXPEDITION
Q9: EXPEDITION | Z9: EXPEDITION | AF9: EXPEDITION
A10: DATE | B10: DESCRIPTION | C10: PACKAGE EMULSION | Q10: Anfo | R10: DETONATORS | AB10: DETONATING CORD
C11: 200 | E11: 208 | G11: 215 | I11: 135 | K11: 150 | M11: 150 | O11: 38 | R11: NONEL | T11: SUPREME | V11: Shockstar | W11: EXEL | Z11: OBC | AA11: EBC | AB11: Cordtex | AC11: Cordtex | AD11: DCORD | AE11: Cordtex | AF11: S/Fuse | AG11: Billwire | AH11: FUSE
C12: Super Power | E12: Super Power | G12: Senatel/Pulsar | I12: Senatel/Pulsar | K12: Super Power | M12: Magnum | O12: Senatel/Pulsar | R12: 2.4 | S12: 3.6 | T12: 2.4 | U12: 3.6 | V12: 2.4 | W12: 3.6 | X12: 2.4 | Y12: 4.9 | AB12: 5 | AC12: 10 | AD12: I5 | AE12: 40 | AH12: LIGHTER
C13: 31496 | E13: 17457 | G13: 11082 | I13: 21810 | K13: 17362 | M13: 18389 | O13: 21811 | Q13: 10128 | R13: 10962 | S13: 15427 | T13: 16623 | U13: 16967 | V13: 28230 | W13: 10966 | X13: 10965 | Y13: 21809 | Z13: 11966 | AA13: 11089 | AB13: 10960 | AC13: 10961 | AD13: 33442 | AE13: 10959 | AF13: 12487 | AG13: 16823 | AH13: 11342
C14: Pcs | D14: Kls | E14: Pcs | F14: Kls | G14: Pcs | H14: Kls | I14: Pcs | J14: Kls | K14: Pcs | L14: Kls | M14: Pcs | N14: Kls | O14: Pcs | P14: Kls | Q14: Kls | R14: Pcs | S14: Pcs | T14: Pcs | U14: Pcs | V14: Pcs | W14: Pcs | X14: Pcs | Y14: Pcs | Z14: Pcs | AA14: Pcs | AB14: Mtrs | AC14: Mtrs | AD14: Mtrs | AE14: Mtrs | AF14: Mtrs | AG14: Mtrs | AH14: Pcs
A15: 45614 | B15: Based on Annual Physical Count | C15: ='2-18-24,2024'!C20 -> 0 | D15: ='2-18-24,2024'!D20 -> 0 | E15: ='11-10-17'!E20 -> 13157 | F15: ='11-10-17'!F20 -> 1562.0192 | G15: ='11-10-17'!G20 -> 116017 | H15: ='11-10-17'!H20 -> 13486.628 | I15: ='11-10-17'!I20 -> 301000 | J15: ='11-10-17'!J20 -> 35000 | K15: ='11-10-17'!K20 -> 0 | L15: ='11-10-17'!L20 -> 0 | ... AH15: ='11-10-17'!AH20 -> 297
B16: Withdrawal of Stock from Main Magazine Mill | F16: =E16/208*25 -> 0 | H16: =G16/215*25 -> 0 | I16: =50*215 -> 10750 | J16: =I16/215*25 -> 1250 | K16: 0 | L16: 0
B17: TOTAL ON HAND | C17: =C15+C16 -> 0 | D17: =D15+D16 -> 0 | E17: =E15+E16 -> 13157 | F17: =F15+F16 -> 1562.0192 | G17: =G15+G16 -> 116017 | H17: =H15+H16 -> 13486.628 | I17: =I15+I16 -> 311750 | J17: =J15+J16 -> 36250 | ... AH17: =AH15+AH16 -> 297
B18: Less: Total Weekly Consumption | C18: 0 | D18: =C18/200*25 -> 0 | E18: 9668 | F18: =E18/208*25 -> 1162.0192 | G18: 9522 | H18: =G18/215*25 -> 1107.2093 | I18: 0 | J18: 0 | K18: 0 | L18: 0 | M18: 0 | N18: 0 | O18: 0 | P18: 0 | Q18: 7135 | W18: 5 | X18: 10251 | Z18: 1168 | AB18: 1240 | AC18: 2907 | AD18: 200 | AF18: 2838.24
A19: 45620 | B19: STOCK BALANCE | C19: =C17-C18 -> 0 | D19: =D17-D18 -> 0 | E19: =E17-E18 -> 3489 | F19: =F17-F18 -> 400 | G19: =G17-G18 -> 106495 | H19: =H17-H18 -> 12379.419 | I19: =I17-I18 -> 311750 | J19: =J17-J18 -> 36250 | ... AH19: =AH17-AH18 -> 297
A20: MINE MAG. STOCK USABLE | C20: =C19 -> 0 | D20: =D19 -> 0 | E20: =E19 -> 3489 | F20: =F19 -> 400 | G20: =G19 -> 106495 | H20: =H19 -> 12379.419 | I20: =I19 -> 311750 | J20: =J19 -> 36250 | ... AH20: =AH19 -> 297
A23: Prepared by: | F23: Checked by: | S23: Noted by: | Y23: Approved by:
A26: VENOS L. MANDABON | F26: NHOLL GREAL O. LOZADA | S26: ENGR. EDWIN B. BATAL | Y26: ENGR. EARL M. SON
A27: Mine Explosives Dept | F27: Mine Explosives Inventory Supervisor | S27: Mine Explosives Asst. Manager | Y27: Mines Manager

Sheet 11-24-30
A1: PHILSAGA MINING CORPORATION
A2: Bayugan 3,Rosario Agusan del Sur
A4: EXPLOSIVE WEEKLY CONSUMPTION
A5: NOVEMBER 24-30, 2024
A8: SUPPLIER | C8: MT. ROCK | G8: EXPEDITION | Q8: MT ROCK | R8: MT. ROCK | W8: EXPEDITION | Z8: MT ROCK | AB8: EXPEDITION | AC8: MT. ROCK | AF8: MT ROCK | AG8: MT ROCK | AH8: EXPEDITION
Q9: EXPEDITION | Z9: EXPEDITION | AF9: EXPEDITION
A10: DATE | B10: DESCRIPTION | C10: PACKAGE EMULSION | Q10: Anfo | R10: DETONATORS | AB10: DETONATING CORD
C11: 200 | E11: 208 | G11: 215 | I11: 135 | K11: 150 | M11: 150 | O11: 38 | R11: NONEL | T11: SUPREME | V11: Shockstar | W11: EXEL | Z11: OBC | AA11: EBC | AB11: Cordtex | AC11: Cordtex | AD11: DCORD | AE11: Cordtex | AF11: S/Fuse | AG11: Billwire | AH11: FUSE
C12: Super Power | E12: Super Power | G12: Senatel/Pulsar | I12: Senatel/Pulsar | K12: Super Power | M12: Magnum | O12: Senatel/Pulsar | R12: 2.4 | S12: 3.6 | T12: 2.4 | U12: 3.6 | V12: 2.4 | W12: 3.6 | X12: 2.4 | Y12: 4.9 | AB12: 5 | AC12: 10 | AD12: I5 | AE12: 40 | AH12: LIGHTER
C13: 31496 | E13: 17457 | G13: 11082 | I13: 21810 | K13: 17362 | M13: 18389 | O13: 21811 | Q13: 10128 | R13: 10962 | S13: 15427 | T13: 16623 | U13: 16967 | V13: 28230 | W13: 10966 | X13: 10965 | Y13: 21809 | Z13: 11966 | AA13: 11089 | AB13: 10960 | AC13: 10961 | AD13: 33442 | AE13: 10959 | AF13: 12487 | AG13: 16823 | AH13: 11342
C14: Pcs | D14: Kls | E14: Pcs | F14: Kls | G14: Pcs | H14: Kls | I14: Pcs | J14: Kls | K14: Pcs | L14: Kls | M14: Pcs | N14: Kls | O14: Pcs | P14: Kls | Q14: Kls | R14: Pcs | S14: Pcs | T14: Pcs | U14: Pcs | V14: Pcs | W14: Pcs | X14: Pcs | Y14: Pcs | Z14: Pcs | AA14: Pcs | AB14: Mtrs | AC14: Mtrs | AD14: Mtrs | AE14: Mtrs | AF14: Mtrs | AG14: Mtrs | AH14: Pcs
A15: 45620 | B15: Based on Annual Physical Count | C15: ='2-18-24,2024'!C20 -> 0 | D15: ='2-18-24,2024'!D20 -> 0 | E15: ='11-18-24'!E20 -> 3489 | F15: ='11-18-24'!F20 -> 400 | G15: ='11-18-24'!G20 -> 106495 | H15: ='11-18-24'!H20 -> 12379.419 | I15: ='11-18-24'!I20 -> 311750 | J15: ='11-18-24'!J20 -> 36250 | K15: ='11-18-24'!K20 -> 0 | L15: ='11-18-24'!L20 -> 0 | ... AH15: ='11-18-24'!AH20 -> 297
B16: Withdrawal of Stock from Main Magazine Mill | F16: =E16/208*25 -> 0 | H16: =G16/215*25 -> 0 | I16: =50*215 -> 10750 | J16: =I16/215*25 -> 1250 | K16: 0 | L16: 0
B17: TOTAL ON HAND | C17: =C15+C16 -> 0 | D17: =D15+D16 -> 0 | E17: =E15+E16 -> 3489 | F17: =F15+F16 -> 400 | G17: =G15+G16 -> 106495 | H17: =H15+H16 -> 12379.419 | I17: =I15+I16 -> 322500 | J17: =J15+J16 -> 37500 | ... AH17: =AH15+AH16 -> 297
B18: Less: Total Weekly Consumption | C18: 0 | D18: =C18/200*25 -> 0 | E18: 3184 | F18: =E18/208*25 -> 382.69231 | G18: 16337 | H18: =G18/215*25 -> 1899.6512 | I18: 0 | J18: 0 | K18: 0 | L18: 0 | M18: 0 | N18: 0 | O18: 0 | P18: 0 | Q18: 7041.6 | X18: 10435 | Z18: 1193 | AB18: 1371 | AC18: 2838 | AD18: 137 | AF18: 2898.99 | AH18: 5
A19: 45626 | B19: STOCK BALANCE | C19: =C17-C18 -> 0 | D19: =D17-D18 -> 0 | E19: =E17-E18 -> 305 | F19: =F17-F18 -> 17.307692 | G19: =G17-G18 -> 90158 | H19: =H17-H18 -> 10479.767 | I19: =I17-I18 -> 322500 | J19: =J17-J18 -> 37500 | ... AH19: =AH17-AH18 -> 292
A20: MINE MAG. STOCK USABLE | C20: =C19 -> 0 | D20: =D19 -> 0 | E20: =E19 -> 305 | F20: =F19 -> 17.307692 | G20: =G19 -> 90158 | H20: =H19 -> 10479.767 | I20: =I19 -> 322500 | J20: =J19 -> 37500 | ... AH20: =AH19 -> 292
A23: Prepared by: | F23: Checked by: | S23: Noted by: | Y23: Approved by:
A26: VENOS L. MANDABON | F26: NHOLL GREAL O. LOZADA | S26: ENGR. RAFFY D. TORRES | Y26: ENGR. EARL M. SON
A27: Mine Explosives Dept | F27: Mine Explosives Inventory Supervisor | S27: Mine Explosives Manager | Y27: Mines Manager

Sheet 12-1-7, 2024
A1: PHILSAGA MINING CORPORATION
A2: Bayugan 3,Rosario Agusan del Sur
A4: EXPLOSIVE WEEKLY CONSUMPTION
A5: DECEMBER 1-7, 2024
A8: SUPPLIER | C8: MT. ROCK | G8: EXPEDITION | Q8: MT ROCK | R8: MT. ROCK | W8: EXPEDITION | Z8: MT ROCK | AB8: EXPEDITION | AC8: MT. ROCK | AF8: MT ROCK | AG8: MT ROCK | AH8: EXPEDITION
Q9: EXPEDITION | Z9: EXPEDITION | AF9: EXPEDITION
A10: DATE | B10: DESCRIPTION | C10: PACKAGE EMULSION | Q10: Anfo | R10: DETONATORS | AB10: DETONATING CORD
C11: 200 | E11: 208 | G11: 215 | I11: 135 | K11: 150 | M11: 150 | O11: 38 | R11: NONEL | T11: SUPREME | V11: Shockstar | W11: EXEL | Z11: OBC | AA11: EBC | AB11: Cordtex | AC11: Cordtex | AD11: DCORD | AE11: Cordtex | AF11: S/Fuse | AG11: Billwire | AH11: FUSE
C12: Super Power | E12: Super Power | G12: Senatel/Pulsar | I12: Senatel/Pulsar | K12: Super Power | M12: Magnum | O12: Senatel/Pulsar | R12: 2.4 | S12: 3.6 | T12: 2.4 | U12: 3.6 | V12: 2.4 | W12: 3.6 | X12: 2.4 | Y12: 4.9 | AB12: 5 | AC12: 10 | AD12: I5 | AE12: 40 | AH12: LIGHTER
C13: 31496 | E13: 17457 | G13: 11082 | I13: 21810 | K13: 17362 | M13: 18389 | O13: 21811 | Q13: 10128 | R13: 10962 | S13: 15427 | T13: 16623 | U13: 16967 | V13: 28230 | W13: 10966 | X13: 10965 | Y13: 21809 | Z13: 11966 | AA13: 11089 | AB13: 10960 | AC13: 10961 | AD13: 33442 | AE13: 10959 | AF13: 12487 | AG13: 16823 | AH13: 11342
C14: Pcs | D14: Kls | E14: Pcs | F14: Kls | G14: Pcs | H14: Kls | I14: Pcs | J14: Kls | K14: Pcs | L14: Kls | M14: Pcs | N14: Kls | O14: Pcs | P14: Kls | Q14: Kls | R14: Pcs | S14: Pcs | T14: Pcs | U14: Pcs | V14: Pcs | W14: Pcs | X14: Pcs | Y14: Pcs | Z14: Pcs | AA14: Pcs | AB14: Mtrs | AC14: Mtrs | AD14: Mtrs | AE14: Mtrs | AF14: Mtrs | AG14: Mtrs | AH14: Pcs
A15: 45627 | B15: Based on Annual Physical Count | C15: ='2-18-24,2024'!C20 -> 0 | D15: ='2-18-24,2024'!D20 -> 0 | E15: ='11-24-30'!E20 -> 305 | F15: =E15/215*25 -> 35.465116 | G15: ='11-24-30'!G20 -> 90158 | H15: ='11-24-30'!H20 -> 10479.767 | I15: ='11-24-30'!I20 -> 322500 | J15: ='11-24-30'!J20 -> 37500 | K15: ='11-24-30'!K20 -> 0 | L15: ='11-24-30'!L20 -> 0 | M15: ='11-24-30'!M20 -> 0 | N15: ='11-24-30'!N20 -> 0 | ... Q15: ='11-24-30'!Q20 -> 20521 | R15: 296 | S15: ='11-24-30'!S20 -> 847 | T15: ='11-24-30'!T20 -> 21538 | U15: ='11-24-30'!U20 -> 0 | V15: ='11-24-30'!V20 -> 0 | W15: ='11-24-30'!W20 -> 5977 | X15: ='11-24-30'!X20 -> 56566 | Y15: ='11-24-30'!Y20 -> 646 | Z15: ='11-24-30'!Z20 -> 6429 | ... AH15: ='11-24-30'!AH20 -> 292
B16: Withdrawal of Stock from Main Magazine Mill | F16: =E16/208*25 -> 0 | G16: 53750 | H16: =G16/215*25 -> 6250 | I16: =50*215 -> 10750 | J16: =I16/215*25 -> 1250 | K16: 0 | L16: 0 | Q16: 15000 | W16: 3960 | X16: 11000 | Z16: 2000 | AB16: 4500 | AC16: 5000 | AF16: 6000
B17: TOTAL ON HAND | C17: =C15+C16 -> 0 | D17: =D15+D16 -> 0 | E17: =E15+E16 -> 305 | F17: =F15+F16 -> 35.465116 | G17: =G15+G16 -> 143908 | H17: =H15+H16 -> 16729.767 | I17: =I15+I16 -> 333250 | J17: =J15+J16 -> 38750 | ... AH17: =AH15+AH16 -> 292
B18: Less: Total Weekly Consumption | C18: 0 | D18: =C18/200*25 -> 0 | E18: 305 | F18: =E18/215*25 -> 35.465116 | G18: 19428 | H18: =G18/215*25 -> 2259.0698 | I18: 0 | J18: 0 | K18: 0 | L18: 0 | M18: 0 | N18: 0 | O18: 0 | P18: 0 | Q18: 7232.6 | W18: 212 | X18: 10652 | Z18: 1204 | AB18: 1805 | AC18: 2420 | AF18: 2925.72
A19: 45633 | B19: STOCK BALANCE | C19: =C17-C18 -> 0 | D19: =D17-D18 -> 0 | E19: =E17-E18 -> 0 | F19: =F17-F18 -> 0 | G19: =G17-G18 -> 124480 | H19: =H17-H18 -> 14470.698 | I19: =I17-I18 -> 333250 | J19: =J17-J18 -> 38750 | ... AH19: =AH17-AH18 -> 292
A20: MINE MAG. STOCK USABLE | C20: =C19 -> 0 | D20: =D19 -> 0 | E20: =E19 -> 0 | F20: =F19 -> 0 | G20: =G19 -> 124480 | H20: =H19 -> 14470.698 | I20: =I19 -> 333250 | J20: =J19 -> 38750 | ... AH20: =AH19 -> 292
A23: Prepared by: | F23: Checked by: | S23: Noted by: | Y23: Approved by:
A26: VENOS L. MANDABON | F26: NHOLL GREAL O. LOZADA | S26: ENGR. EDWIN B. BATAL | Y26: ENGR. EARL M. SON
A27: Mine Explosives Dept | F27: Mine Explosives Inventory Supervisor | S27: Mine Explosives Asst. Manager | Y27: Mines Manager

Sheet 12-8-14, 2024
A1: PHILSAGA MINING CORPORATION
A2: Bayugan 3,Rosario Agusan del Sur
A4: EXPLOSIVE WEEKLY CONSUMPTION
A5: DECEMBER 8-14, 2024
A8: SUPPLIER | C8: MT. ROCK | G8: EXPEDITION | Q8: MT ROCK | R8: MT. ROCK | W8: EXPEDITION | Z8: MT ROCK | AB8: EXPEDITION | AC8: MT. ROCK | AF8: MT ROCK | AG8: MT ROCK | AH8: EXPEDITION
Q9: EXPEDITION | Z9: EXPEDITION | AF9: EXPEDITION
A10: DATE | B10: DESCRIPTION | C10: PACKAGE EMULSION | Q10: Anfo | R10: DETONATORS | AB10: DETONATING CORD
C11: 200 | E11: 208 | G11: 215 | I11: 135 | K11: 150 | M11: 150 | O11: 38 | R11: NONEL | T11: SUPREME | V11: Shockstar | W11: EXEL | Z11: OBC | AA11: EBC | AB11: Cordtex | AC11: Cordtex | AD11: DCORD | AE11: Cordtex | AF11: S/Fuse | AG11: Billwire | AH11: FUSE
C12: Super Power | E12: Super Power | G12: Senatel/Pulsar | I12: Senatel/Pulsar | K12: Super Power | M12: Magnum | O12: Senatel/Pulsar | R12: 2.4 | S12: 3.6 | T12: 2.4 | U12: 3.6 | V12: 2.4 | W12: 3.6 | X12: 2.4 | Y12: 4.9 | AB12: 5 | AC12: 10 | AD12: I5 | AE12: 40 | AH12: LIGHTER
C13: 31496 | E13: 17457 | G13: 11082 | I13: 21810 | K13: 17362 | M13: 18389 | O13: 21811 | Q13: 10128 | R13: 10962 | S13: 15427 | T13: 16623 | U13: 16967 | V13: 28230 | W13: 10966 | X13: 10965 | Y13: 21809 | Z13: 11966 | AA13: 11089 | AB13: 10960 | AC13: 10961 | AD13: 33442 | AE13: 10959 | AF13: 12487 | AG13: 16823 | AH13: 11342
C14: Pcs | D14: Kls | E14: Pcs | F14: Kls | G14: Pcs | H14: Kls | I14: Pcs | J14: Kls | K14: Pcs | L14: Kls | M14: Pcs | N14: Kls | O14: Pcs | P14: Kls | Q14: Kls | R14: Pcs | S14: Pcs | T14: Pcs | U14: Pcs | V14: Pcs | W14: Pcs | X14: Pcs | Y14: Pcs | Z14: Pcs | AA14: Pcs | AB14: Mtrs | AC14: Mtrs | AD14: Mtrs | AE14: Mtrs | AF14: Mtrs | AG14: Mtrs | AH14: Pcs
A15: 45634 | B15: Based on Annual Physical Count | C15: ='2-18-24,2024'!C20 -> 0 | D15: ='2-18-24,2024'!D20 -> 0 | E15: ='12-1-7, 2024'!E20 -> 0 | F15: ='12-1-7, 2024'!F20 -> 0 | G15: ='12-1-7, 2024'!G20 -> 124480 | H15: ='12-1-7, 2024'!H20 -> 14470.698 | I15: ='12-1-7, 2024'!I20 -> 333250 | J15: ='12-1-7, 2024'!J20 -> 38750 | K15: ='12-1-7, 2024'!K20 -> 0 | L15: ='12-1-7, 2024'!L20 -> 0 | ... AH15: ='12-1-7, 2024'!AH20 -> 292
B16: Withdrawal of Stock from Main Magazine Mill | F16: =E16/208*25 -> 0 | G16: 25585 | H16: =G16/215*25 -> 2975 | I16: =50*215 -> 10750 | J16: =I16/215*25 -> 1250 | K16: 0 | L16: 0 | Q16: 15000 | X16: 10000 | Z16: 2000 | AB16: 4500 | AC16: 5000 | AF16: 6000
B17: TOTAL ON HAND | C17: =C15+C16 -> 0 | D17: =D15+D16 -> 0 | E17: =E15+E16 -> 0 | F17: =F15+F16 -> 0 | G17: =G15+G16 -> 150065 | H17: =H15+H16 -> 17445.698 | I17: =I15+I16 -> 344000 | J17: =J15+J16 -> 40000 | ... AH17: =AH15+AH16 -> 292
B18: Less: Total Weekly Consumption | C18: 0 | D18: =C18/200*25 -> 0 | F18: =E18/215*25 -> 0 | G18: 20328 | H18: =G18/215*25 -> 2363.7209 | I18: 0 | J18: 0 | K18: 0 | L18: 0 | M18: 0 | N18: 0 | O18: 0 | P18: 0 | Q18: 7305 | W18: 228 | X18: 10832 | Z18: 1183 | AB18: 1843 | AC18: 2444 | AF18: 2874.69
A19: 45640 | B19: STOCK BALANCE | C19: =C17-C18 -> 0 | D19: =D17-D18 -> 0 | E19: =E17-E18 -> 0 | F19: =F17-F18 -> 0 | G19: =G17-G18 -> 129737 | H19: =H17-H18 -> 15081.977 | I19: =I17-I18 -> 344000 | J19: =J17-J18 -> 40000 | ... AH19: =AH17-AH18 -> 292
A20: MINE MAG. STOCK USABLE | C20: =C19 -> 0 | D20: =D19 -> 0 | E20: =E19 -> 0 | F20: =F19 -> 0 | G20: =G19 -> 129737 | H20: =H19 -> 15081.977 | I20: =I19 -> 344000 | J20: =J19 -> 40000 | ... AH20: =AH19 -> 292
A23: Prepared by: | F23: Checked by: | S23: Noted by: | Y23: Approved by:
A26: VENOS L. MANDABON | F26: NHOLL GREAL O. LOZADA | S26: ENGR. EDWIN B. BATAL | Y26: ENGR. EARL M. SON
A27: Mine Explosives Dept | F27: Mine Explosives Inventory Supervisor | S27: Mine Explosives Asst. Manager | Y27: Mines Manager

Sheet 12-15-22, 2024
A1: PHILSAGA MINING CORPORATION
A2: Bayugan 3,Rosario Agusan del Sur
A4: EXPLOSIVE WEEKLY CONSUMPTION
A5: DECEMBER 15-22, 2024
A8: SUPPLIER | C8: MT. ROCK | G8: EXPEDITION | Q8: MT ROCK | R8: MT. ROCK | W8: EXPEDITION | Z8: MT ROCK | AB8: EXPEDITION | AC8: MT. ROCK | AF8: MT ROCK | AG8: MT ROCK | AH8: EXPEDITION
Q9: EXPEDITION | Z9: EXPEDITION | AF9: EXPEDITION
A10: DATE | B10: DESCRIPTION | C10: PACKAGE EMULSION | Q10: Anfo | R10: DETONATORS | AB10: DETONATING CORD
C11: 200 | E11: 208 | G11: 215 | I11: 135 | K11: 150 | M11: 150 | O11: 38 | R11: NONEL | T11: SUPREME | V11: Shockstar | W11: EXEL | Z11: OBC | AA11: EBC | AB11: Cordtex | AC11: Cordtex | AD11: DCORD | AE11: Cordtex | AF11: S/Fuse | AG11: Billwire | AH11: FUSE
C12: Super Power | E12: Super Power | G12: Senatel/Pulsar | I12: Senatel/Pulsar | K12: Super Power | M12: Magnum | O12: Senatel/Pulsar | R12: 2.4 | S12: 3.6 | T12: 2.4 | U12: 3.6 | V12: 2.4 | W12: 3.6 | X12: 2.4 | Y12: 4.9 | AB12: 5 | AC12: 10 | AD12: I5 | AE12: 40 | AH12: LIGHTER
C13: 31496 | E13: 17457 | G13: 11082 | I13: 21810 | K13: 17362 | M13: 18389 | O13: 21811 | Q13: 10128 | R13: 10962 | S13: 15427 | T13: 16623 | U13: 16967 | V13: 28230 | W13: 10966 | X13: 10965 | Y13: 21809 | Z13: 11966 | AA13: 11089 | AB13: 10960 | AC13: 10961 | AD13: 33442 | AE13: 10959 | AF13: 12487 | AG13: 16823 | AH13: 11342
C14: Pcs | D14: Kls | E14: Pcs | F14: Kls | G14: Pcs | H14: Kls | I14: Pcs | J14: Kls | K14: Pcs | L14: Kls | M14: Pcs | N14: Kls | O14: Pcs | P14: Kls | Q14: Kls | R14: Pcs | S14: Pcs | T14: Pcs | U14: Pcs | V14: Pcs | W14: Pcs | X14: Pcs | Y14: Pcs | Z14: Pcs | AA14: Pcs | AB14: Mtrs | AC14: Mtrs | AD14: Mtrs | AE14: Mtrs | AF14: Mtrs | AG14: Mtrs | AH14: Pcs
A15: 45641 | B15: Based on Annual Physical Count | C15: ='2-18-24,2024'!C20 -> 0 | D15: ='2-18-24,2024'!D20 -> 0 | E15: ='12-8-14, 2024'!E20 -> 0 | F15: ='12-8-14, 2024'!F20 -> 0 | G15: ='12-8-14, 2024'!G20 -> 129737 | H15: ='12-8-14, 2024'!H20 -> 15081.977 | I15: ='12-8-14, 2024'!I20 -> 344000 | J15: ='12-8-14, 2024'!J20 -> 40000 | K15: ='12-8-14, 2024'!K20 -> 0 | L15: ='12-8-14, 2024'!L20 -> 0 | ... Q15: ='12-8-14, 2024'!Q20 -> 35983.4 | R15: 264 | S15: 847 | T15: ='12-8-14, 2024'!T20 -> 21538 | U15: ='12-8-14, 2024'!U20 -> 0 | V15: ='12-8-14, 2024'!V20 -> 0 | W15: ='12-8-14, 2024'!W20 -> 9497 | X15: ='12-8-14, 2024'!X20 -> 56082 | Y15: ='12-8-14, 2024'!Y20 -> 646 | Z15: ='12-8-14, 2024'!Z20 -> 8042 | AA15: ='12-8-14, 2024'!AA20 -> 220 | ... AH15: ='12-8-14, 2024'!AH20 -> 292
B16: Withdrawal of Stock from Main Magazine Mill | E16: 20800 | F16: =E16/208*25 -> 2500 | H16: =G16/215*25 -> 0 | I16: =50*215 -> 10750 | J16: =I16/215*25 -> 1250 | K16: 0 | L16: 0 | Q16: 15000 | T16: 5400 | X16: 5250 | Z16: 1000 | AB16: 2700 | AC16: 3000 | AF16: 6000
B17: TOTAL ON HAND | C17: =C15+C16 -> 0 | D17: =D15+D16 -> 0 | E17: =E15+E16 -> 20800 | F17: =F15+F16 -> 2500 | G17: =G15+G16 -> 129737 | H17: =H15+H16 -> 15081.977 | I17: =I15+I16 -> 354750 | J17: =J15+J16 -> 41250 | ... AH17: =AH15+AH16 -> 292
B18: Less: Total Weekly Consumption | C18: 0 | D18: =C18/200*25 -> 0 | F18: =E18/215*25 -> 0 | G18: 24149 | H18: =G18/215*25 -> 2808.0233 | I18: 0 | J18: 0 | K18: 0 | L18: 0 | M18: 0 | N18: 0 | O18: 0 | P18: 0 | Q18: 8933.2 | X18: 13475 | Z18: 1380 | AB18: 2069 | AC18: 3230 | AF18: 3353.4
A19: 45648 | B19: STOCK BALANCE | C19: =C17-C18 -> 0 | D19: =D17-D18 -> 0 | E19: =E17-E18 -> 20800 | F19: =F17-F18 -> 2500 | G19: =G17-G18 -> 105588 | H19: =H17-H18 -> 12273.953 | I19: =I17-I18 -> 354750 | J19: =J17-J18 -> 41250 | ... AH19: =AH17-AH18 -> 292
A20: MINE MAG. STOCK USABLE | C20: =C19 -> 0 | D20: =D19 -> 0 | E20: =E19 -> 20800 | F20: =F19 -> 2500 | G20: =G19 -> 105588 | H20: =H19 -> 12273.953 | I20: =I19 -> 354750 | J20: =J19 -> 41250 | ... AH20: =AH19 -> 292
A23: Prepared by: | F23: Checked by: | S23: Noted by: | Y23: Approved by:
A26: VENOS L. MANDABON | F26: NHOLL GREAL O. LOZADA | S26: ENGR. EDWIN B. BATAL | Y26: ENGR. EARL M. SON
A27: Mine Explosives Dept | F27: Mine Explosives Inventory Supervisor | S27: Mine Explosives Asst. Manager | Y27: Mines Manager

Sheet 12-22-28,2024
A1: PHILSAGA MINING CORPORATION
A2: Bayugan 3,Rosario Agusan del Sur
A4: EXPLOSIVE WEEKLY CONSUMPTION
A5: DECEMBER 22-28, 2024
A8: SUPPLIER | C8: MT. ROCK | G8: EXPEDITION | Q8: MT ROCK | R8: MT. ROCK | W8: EXPEDITION | Z8: MT ROCK | AB8: EXPEDITION | AC8: MT. ROCK | AF8: MT ROCK | AG8: MT ROCK | AH8: EXPEDITION
Q9: EXPEDITION | Z9: EXPEDITION | AF9: EXPEDITION
A10: DATE | B10: DESCRIPTION | C10: PACKAGE EMULSION | Q10: Anfo | R10: DETONATORS | AB10: DETONATING CORD
C11: 200 | E11: 208 | G11: 215 | I11: 135 | K11: 150 | M11: 150 | O11: 38 | R11: NONEL | T11: SUPREME | V11: Shockstar | W11: EXEL | Z11: OBC | AA11: EBC | AB11: Cordtex | AC11: Cordtex | AD11: DCORD | AE11: Cordtex | AF11: S/Fuse | AG11: Billwire | AH11: FUSE
C12: Super Power | E12: Super Power | G12: Senatel/Pulsar | I12: Senatel/Pulsar | K12: Super Power | M12: Magnum | O12: Senatel/Pulsar | R12: 2.4 | S12: 3.6 | T12: 2.4 | U12: 3.6 | V12: 2.4 | W12: 3.6 | X12: 2.4 | Y12: 4.9 | AB12: 5 | AC12: 10 | AD12: I5 | AE12: 40 | AH12: LIGHTER
C13: 31496 | E13: 17457 | G13: 11082 | I13: 21810 | K13: 17362 | M13: 18389 | O13: 21811 | Q13: 10128 | R13: 10962 | S13: 15427 | T13: 16623 | U13: 16967 | V13: 28230 | W13: 10966 | X13: 10965 | Y13: 21809 | Z13: 11966 | AA13: 11089 | AB13: 10960 | AC13: 10961 | AD13: 33442 | AE13: 10959 | AF13: 12487 | AG13: 16823 | AH13: 11342
C14: Pcs | D14: Kls | E14: Pcs | F14: Kls | G14: Pcs | H14: Kls | I14: Pcs | J14: Kls | K14: Pcs | L14: Kls | M14: Pcs | N14: Kls | O14: Pcs | P14: Kls | Q14: Kls | R14: Pcs | S14: Pcs | T14: Pcs | U14: Pcs | V14: Pcs | W14: Pcs | X14: Pcs | Y14: Pcs | Z14: Pcs | AA14: Pcs | AB14: Mtrs | AC14: Mtrs | AD14: Mtrs | AE14: Mtrs | AF14: Mtrs | AG14: Mtrs | AH14: Pcs
A15: 45648 | B15: Based on Annual Physical Count | C15: ='2-18-24,2024'!C20 -> 0 | D15: ='2-18-24,2024'!D20 -> 0 | E15: ='12-15-22, 2024'!E20 -> 20800 | F15: ='12-15-22, 2024'!F20 -> 2500 | G15: ='12-15-22, 2024'!G20 -> 105588 | H15: ='12-15-22, 2024'!H20 -> 12273.953 | I15: ='12-15-22, 2024'!I20 -> 354750 | J15: ='12-15-22, 2024'!J20 -> 41250 | K15: ='12-15-22, 2024'!K20 -> 0 | L15: ='12-15-22, 2024'!L20 -> 0 | ... AH15: ='12-15-22, 2024'!AH20 -> 292
B16: Withdrawal of Stock from Main Magazine Mill | F16: =E16/208*25 -> 0 | H16: =G16/215*25 -> 0 | I16: =50*215 -> 10750 | J16: =I16/215*25 -> 1250 | K16: 0 | L16: 0
