Workbook

Sheet 8-1-7,2023
A10: TIGERWAY DECLINE PROJECT - WEEKLY CONSUMPTION
A11: AUGUST 1-7,2023
A14: SUPPLIER | D14: MT. ROCK
A16: DATE | B16: DESCRIPTION | D16: EMULSION | F16: EMULSION | H16: Dyna | J16: EMULSION | L16: EMULSION | N16: Dyna | P16: EMULSION | R16: EMULSION | T16: Pentex | U16: Anfo | V16: S/Fuse | W16: S/Fuse | X16: OBC | Y16: SHOCKSTAR | Z16: SUPREME | AA16: NEOCORD | AB16: DETCORD | AC16: Billwire | AD16: EBC
D17: 62 | F17: 36 | H17: 200 | J17: 208 | L17: 150 | N17: 150 | P17: 91 | R17: 135 | T17: Spider | V17: (savings) | Y17: 4.8 | Z17: 4.9 | AA17: 10 | AB17: 40
D18: Neogel 901 | F18: Emulex | H18: Superdyne | J18: EMULEX | L18: Super Power | N18: Senatel/Pulsar | P18: Netro EM | R18: Senatel/Pulsar
D19: Pcs | E19: Kls | F19: Pcs | G19: Kls | H19: Pcs | I19: Kls | J19: Pcs | K19: Kls | L19: Pcs | M19: Kls | N19: Pcs | O19: Kls | P19: Pcs | Q19: Kls | R19: Pcs | S19: Kls | T19: Pcs | U19: Kls | V19: Mtrs | W19: Mtrs | X19: Pcs | Y19: Pcs | Z19: Pcs | AA19: Mtrs | AB19: Mtrs | AC19: Mtrs | AD19: Pcs
A20: 45139 | B20: Beginning Balance | D20: =57*62 -> 3534 | E20: =D20/62*25 -> 1425 | F20: =45*36 -> 1620 | G20: =F20/36*25 -> 1125 | H20: =#REF! -> #REF! | I20: =#REF! -> #REF! | J20: 0 | K20: =J20/208*25 -> 0 | L20: 0 | M20: =L20/150*25 -> 0 | N20: =#REF! -> #REF! | O20: =#REF! -> #REF! | P20: 0 | Q20: =P20/91*25 -> 0 | R20: 0 | S20: =R20/135*25 -> 0 | T20: =#REF! -> #REF! | U20: =39*25 -> 975 | V20: =#REF! -> #REF! | W20: 2040 | X20: 182 | Y20: 1818 | Z20: 1007 | AA20: 1970 | AB20: 1460 | AC20: 300 | AD20: 0
A21: Entry From Consignee Magazine | D21: =60*62 -> 3720 | E21: =D21/62*25 -> 1500 | F21: =160*36 -> 5760 | G21: =F21/36*25 -> 4000 | P21: =20*92 -> 1840 | Q21: =P21/91*25 -> 505.49451 | U21: 0 | W21: 1000 | X21: 100 | Y21: 2302 | Z21: 2200 | AA21: 2000 | AB21: 1500 | AC21: 0 | AD21: 0
A22: Total Stock On Hand | D22: =D20+D21 -> 7254 | E22: =E20+E21 -> 2925 | F22: =F20+F21 -> 7380 | G22: =G20+G21 -> 5125 | H22: =H20+H21 -> #REF! | I22: =I20+I21 -> #REF! | J22: =J20+J21 -> 0 | K22: =K20+K21 -> 0 | ... AD22: =AD20+AD21 -> 0
A23: Less: Total Weekly Consumption | D23: =7*62 -> 434 | E23: =D23/62*25 -> 175 | F23: =38*36 -> 1368 | G23: =F23/36*25 -> 950 | H23: =#REF! -> #REF! | I23: =#REF! -> #REF! | J23: 0 | K23: =J23/208*25 -> 0 | L23: 0 | M23: =L23/150*25 -> 0 | N23: 0 | O23: =N23/150*20 -> 0 | P23: =3*92 -> 276 | Q23: =P23/91*25 -> 75.824176 | R23: 0 | S23: =R23/135*25 -> 0 | T23: - | U23: 0 | W23: 100 | X23: 24 | Y23: 255 | Z23: 112 | AA23: 360 | AB23: 200 | AC23: 0 | AD23: 0
A24: 45145 | B24: Remaining Stock Balance | D24: =D22-D23 -> 6820 | E24: =E22-E23 -> 2750 | F24: =F22-F23 -> 6012 | G24: =G22-G23 -> 4175 | H24: =H22-H23 -> #REF! | I24: =I22-I23 -> #REF! | J24: =J22-J23 -> 0 | K24: =K22-K23 -> 0 | ... AD24: =AD22-AD23 -> 0
A27: Prepared by: | E27: Confirmed by: | R27: Certified correct by: | W27: Review and Noted by:
A30: MR. JUN RAY C. ENDICO | E30: MR. RAFFY D. TORRES | R30: ENGR. EDWIN B. BATAL | W30: ENGR. JOHN PAUHL T. NAVARRO
A31: Drill and Blast Engineer | E31: Mine Explosives Manager | R31: Mine Explosive Asst. Manager | W31: Tigerway Project Manager
A32: Mount Rock Powder Corp. | E32: PHILSAGA MINING CORPORATION | V32: Mine Explosives Manager | W32: PHILSAGA MINING CORPORATION
A33: Blaster License: FPDJ10-090819-04922 | E33: Blaster License: FKB15 - 080917- 04562

Sheet 8-8-14,2023
A10: TIGERWAY DECLINE PROJECT - WEEKLY CONSUMPTION
A11: AUGUST 8-14, 2023
A14: SUPPLIER | D14: MT. ROCK
A16: DATE | B16: DESCRIPTION | D16: EMULSION | F16: EMULSION | H16: Dyna | J16: EMULSION | L16: EMULSION | N16: Dyna | P16: EMULSION | R16: EMULSION | T16: Pentex | U16: Anfo | V16: S/Fuse | W16: S/Fuse | X16: OBC | Y16: SHOCKSTAR | Z16: SUPREME | AA16: NEOCORD | AB16: DETCORD | AC16: Billwire | AD16: EBC
D17: 62 | F17: 36 | H17: 200 | J17: 208 | L17: 150 | N17: 150 | P17: 91 | R17: 135 | T17: Spider | V17: (savings) | Y17: 4.8 | Z17: 4.9 | AA17: 10 | AB17: 40
D18: Neogel 901 | F18: Emulex | H18: Superdyne | J18: EMULEX | L18: Super Power | N18: Senatel/Pulsar | P18: Netro EM | R18: Senatel/Pulsar
D19: Pcs | E19: Kls | F19: Pcs | G19: Kls | H19: Pcs | I19: Kls | J19: Pcs | K19: Kls | L19: Pcs | M19: Kls | N19: Pcs | O19: Kls | P19: Pcs | Q19: Kls | R19: Pcs | S19: Kls | T19: Pcs | U19: Kls | V19: Mtrs | W19: Mtrs | X19: Pcs | Y19: Pcs | Z19: Pcs | AA19: Mtrs | AB19: Mtrs | AC19: Mtrs | AD19: Pcs
A20: 45146 | B20: Beginning Balance | D20: ='8-1-7,2023'!D24 -> 6820 | E20: ='8-1-7,2023'!E24 -> 2750 | F20: ='8-1-7,2023'!F24 -> 6012 | G20: ='8-1-7,2023'!G24 -> 4175 | H20: ='8-1-7,2023'!H24 -> #REF! | I20: ='8-1-7,2023'!I24 -> #REF! | J20: ='8-1-7,2023'!J24 -> 0 | K20: ='8-1-7,2023'!K24 -> 0 | ... AD20: ='8-1-7,2023'!AD24 -> 0
A21: Entry From Consignee Magazine
A22: Total Stock On Hand | D22: =D20+D21 -> 6820 | E22: =E20+E21 -> 2750 | F22: =F20+F21 -> 6012 | G22: =G20+G21 -> 4175 | H22: =H20+H21 -> #REF! | I22: =I20+I21 -> #REF! | J22: =J20+J21 -> 0 | K22: =K20+K21 -> 0 | ... AD22: =AD20+AD21 -> 0
A23: Less: Total Weekly Consumption | D23: =5*62 -> 310 | E23: =D23/92*25 -> 84.23913 | F23: 1800 | G23: =F23/36*25 -> 1250 | H23: =#REF! -> #REF! | I23: =#REF! -> #REF! | J23: 0 | K23: =J23/208*25 -> 0 | L23: 0 | M23: =L23/150*25 -> 0 | N23: 0 | O23: =N23/150*20 -> 0 | P23: =92*4 -> 368 | Q23: =P23/91*25 -> 101.0989 | R23: 0 | S23: =R23/135*25 -> 0 | T23: - | U23: 0 | W23: 175 | X23: 47 | Y23: 672 | Z23: 214 | AA23: 505 | AB23: 350 | AC23: 0 | AD23: 0
A24: 45152 | B24: Remaining Stock Balance | D24: =D22-D23 -> 6510 | E24: =E22-E23 -> 2665.7609 | F24: =F22-F23 -> 4212 | G24: =G22-G23 -> 2925 | H24: =H22-H23 -> #REF! | I24: =I22-I23 -> #REF! | J24: =J22-J23 -> 0 | K24: =K22-K23 -> 0 | ... AD24: =AD22-AD23 -> 0
A27: Prepared by: | E27: Confirmed by: | R27: Certified correct by: | W27: Review and Noted by:
A30: MR. JUN RAY C. ENDICO | E30: MR. RAFFY D. TORRES | R30: ENGR. EDWIN B. BATAL | W30: ENGR. JOHN PAUHL T. NAVARRO
A31: Drill and Blast Engineer | E31: Mine Explosives Manager | R31: Mine Explosive Asst. Manager | W31: Tigerway Project Manager
A32: Mount Rock Powder Corp. | E32: PHILSAGA MINING CORPORATION | V32: Mine Explosives Manager | W32: PHILSAGA MINING CORPORATION
A33: Blaster License: FPDJ10-090819-04922 | E33: Blaster License: FKB15 - 080917- 04562

Sheet 8-15-21,2023
A10: TIGERWAY DECLINE PROJECT - WEEKLY CONSUMPTION
A11: AUGUST 15-21, 2023
A14: SUPPLIER | D14: MT. ROCK
A16: DATE | B16: DESCRIPTION | D16: EMULSION | F16: EMULSION | H16: Dyna | J16: EMULSION | L16: EMULSION | N16: Dyna | P16: EMULSION | R16: EMULSION | T16: Pentex | U16: Anfo | V16: S/Fuse | W16: S/Fuse | X16: OBC | Y16: SHOCKSTAR | Z16: SUPREME | AA16: NEOCORD | AB16: DETCORD | AC16: Billwire | AD16: EBC
D17: 62 | F17: 36 | H17: 200 | J17: 208 | L17: 150 | N17: 150 | P17: 91 | R17: 135 | T17: Spider | V17: (savings) | Y17: 4.8 | Z17: 4.9 | AA17: 10 | AB17: 40
D18: Neogel 901 | F18: Emulex | H18: Superdyne | J18: EMULEX | L18: Super Power | N18: Senatel/Pulsar | P18: Netro EM | R18: Senatel/Pulsar
D19: Pcs | E19: Kls | F19: Pcs | G19: Kls | H19: Pcs | I19: Kls | J19: Pcs | K19: Kls | L19: Pcs | M19: Kls | N19: Pcs | O19: Kls | P19: Pcs | Q19: Kls | R19: Pcs | S19: Kls | T19: Pcs | U19: Kls | V19: Mtrs | W19: Mtrs | X19: Pcs | Y19: Pcs | Z19: Pcs | AA19: Mtrs | AB19: Mtrs | AC19: Mtrs | AD19: Pcs
A20: 45146 | B20: Beginning Balance | D20: ='8-8-14,2023'!D24 -> 6510 | E20: ='8-8-14,2023'!E24 -> 2665.7609 | F20: ='8-8-14,2023'!F24 -> 4212 | G20: ='8-8-14,2023'!G24 -> 2925 | H20: ='8-8-14,2023'!H24 -> #REF! | I20: ='8-8-14,2023'!I24 -> #REF! | J20: ='8-8-14,2023'!J24 -> 0 | K20: ='8-8-14,2023'!K24 -> 0 | ... AD20: ='8-8-14,2023'!AD24 -> 0
A21: Entry From Consignee Magazine | E21: =D21/92*25 -> 0 | F21: =605*36 -> 21780 | G21: =F21/36*25 -> 15125 | Q21: =P21/92*25 -> 0 | U21: 0 | W21: 1000 | X21: 200 | Y21: 2379 | Z21: 1980 | AA21: 2000 | AB21: 1500 | AC21: 0 | AD21: 0
A22: Total Stock On Hand | D22: =D20+D21 -> 6510 | E22: =E20+E21 -> 2665.7609 | F22: =F20+F21 -> 25992 | G22: =G20+G21 -> 18050 | H22: =H20+H21 -> #REF! | I22: =I20+I21 -> #REF! | J22: =J20+J21 -> 0 | K22: =K20+K21 -> 0 | ... AD22: =AD20+AD21 -> 0
A23: Less: Total Weekly Consumption | D23: 62 | E23: =D23/62*25 -> 25 | F23: =180+108+360+216 -> 864 | G23: =F23/36*25 -> 600 | H23: =#REF! -> #REF! | I23: =#REF! -> #REF! | J23: 0 | K23: =J23/208*25 -> 0 | L23: 0 | M23: =L23/150*25 -> 0 | N23: 0 | O23: =N23/150*20 -> 0 | P23: 91 | Q23: =P23/91*25 -> 25 | R23: 0 | S23: =R23/135*25 -> 0 | T23: - | U23: 0 | W23: =45+20 -> 65 | X23: 20 | Y23: =48+38+69+65 -> 220 | Z23: =17+15+20+20 -> 72 | AA23: =20+15+70+70 -> 175 | AB23: 100 | AC23: 0 | AD23: 0
A24: 45152 | B24: Remaining Stock Balance | D24: =D22-D23 -> 6448 | E24: =E22-E23 -> 2640.7609 | F24: =F22-F23 -> 25128 | G24: =G22-G23 -> 17450 | H24: =H22-H23 -> #REF! | I24: =I22-I23 -> #REF! | J24: =J22-J23 -> 0 | K24: =K22-K23 -> 0 | ... AD24: =AD22-AD23 -> 0
A27: Prepared by: | E27: Confirmed by: | R27: Certified correct by: | W27: Review and Noted by:
A30: MR. JUN RAY C. ENDICO | E30: MR. RAFFY D. TORRES | R30: ENGR. EDWIN B. BATAL | W30: ENGR. JOHN PAUHL T. NAVARRO
A31: Drill and Blast Engineer | E31: Mine Explosives Manager | R31: Mine Explosive Asst. Manager | W31: Tigerway Project Manager
A32: Mount Rock Powder Corp. | E32: PHILSAGA MINING CORPORATION | V32: Mine Explosives Manager | W32: PHILSAGA MINING CORPORATION
A33: Blaster License: FPDJ10-090819-04922 | E33: Blaster License: FKB15 - 080917- 04562

Sheet 8-22-30,2023
A10: TIGERWAY DECLINE PROJECT - WEEKLY CONSUMPTION
A11: AUGUST 22-31, 2023
A14: SUPPLIER | D14: MT. ROCK
A16: DATE | B16: DESCRIPTION | D16: EMULSION | F16: EMULSION | H16: Dyna | J16: EMULSION | L16: EMULSION | N16: Dyna | P16: EMULSION | R16: EMULSION | T16: Pentex | U16: Anfo | V16: S/Fuse | W16: S/Fuse | X16: OBC | Y16: SHOCKSTAR | Z16: SUPREME | AA16: NEOCORD | AB16: DETCORD | AC16: Billwire | AD16: EBC
D17: 62 | F17: 36 | H17: 200 | J17: 208 | L17: 150 | N17: 150 | P17: 91 | R17: 135 | T17: Spider | V17: (savings) | Y17: 4.8 | Z17: 4.9 | AA17: 10 | AB17: 40
D18: Neogel 901 | F18: Emulex | H18: Superdyne | J18: EMULEX | L18: Super Power | N18: Senatel/Pulsar | P18: Netro EM | R18: Senatel/Pulsar
D19: Pcs | E19: Kls | F19: Pcs | G19: Kls | H19: Pcs | I19: Kls | J19: Pcs | K19: Kls | L19: Pcs | M19: Kls | N19: Pcs | O19: Kls | P19: Pcs | Q19: Kls | R19: Pcs | S19: Kls | T19: Pcs | U19: Kls | V19: Mtrs | W19: Mtrs | X19: Pcs | Y19: Pcs | Z19: Pcs | AA19: Mtrs | AB19: Mtrs | AC19: Mtrs | AD19: Pcs
A20: 45160 | B20: Beginning Balance | D20: =6448+682 -> 7130 | E20: 2640.7609 | F20: =25128+543 -> 25671 | G20: 17450 | H20: #REF! | I20: #REF! | J20: 0 | K20: 0 | L20: 0 | M20: 0 | N20: #REF! | O20: #REF! | P20: =1105+639 -> 1744 | Q20: 300.27174 | R20: 0 | S20: 0 | T20: #REF! | U20: 975 | V20: #REF! | W20: =3700+275 -> 3975 | X20: =391+71 -> 462 | Y20: =5352+927 -> 6279 | Z20: =4789+326 -> 5115 | AA20: =4930+865 -> 5795 | AB20: =3810+550 -> 4360 | AC20: 300 | AD20: 0
A21: Entry From Consignee Magazine
A22: Total Stock On Hand | D22: =D20+D21 -> 7130 | E22: =E20+E21 -> 2640.7609 | F22: =F20+F21 -> 25671 | G22: =G20+G21 -> 17450 | H22: =H20+H21 -> #REF! | I22: =I20+I21 -> #REF! | J22: =J20+J21 -> 0 | K22: =K20+K21 -> 0 | ... AD22: =AD20+AD21 -> 0
A23: Less: Total Weekly Consumption | D23: 62 | E23: =D23/62*25 -> 25 | F23: =16+4+18+18+19 -> 75 | G23: =F23/36*25 -> 52.083333 | H23: =#REF! -> #REF! | I23: =#REF! -> #REF! | J23: 0 | K23: =J23/208*25 -> 0 | L23: 0 | M23: =L23/150*25 -> 0 | N23: 0 | O23: =N23/150*20 -> 0 | P23: =91+91+91+91 -> 364 | Q23: =P23/91*25 -> 100 | R23: 0 | S23: =R23/135*25 -> 0 | T23: - | U23: 0 | W23: =20+15+20+20+20 -> 95 | X23: 25 | Y23: =120+40+134+136+124 -> 554 | Z23: =41+17+44+44+42 -> 188 | AA23: =70+20+100+120+120 -> 430 | AB23: =50+50+100+50 -> 250 | AC23: 0 | AD23: 0
A24: 45169 | B24: Remaining Stock Balance | D24: =D22-D23 -> 7068 | E24: =E22-E23 -> 2615.7609 | F24: =F22-F23 -> 25596 | G24: =G22-G23 -> 17397.917 | H24: =H22-H23 -> #REF! | I24: =I22-I23 -> #REF! | J24: =J22-J23 -> 0 | K24: =K22-K23 -> 0 | ... AD24: =AD22-AD23 -> 0
A27: Prepared by: | E27: Confirmed by: | R27: Certified correct by: | W27: Review and Noted by:
A30: MR. JUN RAY C. ENDICO | E30: MR. RAFFY D. TORRES | R30: ENGR. EDWIN B. BATAL | W30: ENGR. JOHN PAUHL T. NAVARRO
A31: Drill and Blast Engineer | E31: Mine Explosives Manager | R31: Mine Explosive Asst. Manager | W31: Tigerway Project Manager
A32: Mount Rock Powder Corp. | E32: PHILSAGA MINING CORPORATION | V32: Mine Explosives Manager | W32: PHILSAGA MINING CORPORATION
A33: Blaster License: FPDJ10-090819-04922 | E33: Blaster License: FKB15 - 080917- 04562

Sheet 9-1-7,2023
A10: EXPLOSIVES WEEKLY CONSUMPTION - TIGERWAY DECLINE PROJECT
A11: SEPTEMBER 1-7,2023
A14: SUPPLIER | D14: MT. ROCK
A16: DATE | B16: DESCRIPTION | D16: EMULSION | F16: EMULSION | H16: Dyna | J16: EMULSION | L16: EMULSION | N16: Dyna | P16: EMULSION | R16: EMULSION | T16: Pentex | U16: Anfo | V16: S/Fuse | W16: S/Fuse | X16: OBC | Y16: SHOCKSTAR | Z16: SUPREME | AA16: NEOCORD | AB16: DETCORD | AC16: Billwire | AD16: EBC
D17: 62 | F17: 36 | H17: 200 | J17: 208 | L17: 150 | N17: 150 | P17: 91 | R17: 135 | T17: Spider | V17: (savings) | Y17: 4.8 | Z17: 4.9 | AA17: 10 | AB17: 40
D18: Neogel 901 | F18: Emulex | H18: Superdyne | J18: EMULEX | L18: Super Power | N18: Senatel/Pulsar | P18: Netro EM | R18: Senatel/Pulsar
D19: Pcs | E19: Kls | F19: Pcs | G19: Kls | H19: Pcs | I19: Kls | J19: Pcs | K19: Kls | L19: Pcs | M19: Kls | N19: Pcs | O19: Kls | P19: Pcs | Q19: Kls | R19: Pcs | S19: Kls | T19: Pcs | U19: Kls | V19: Mtrs | W19: Mtrs | X19: Pcs | Y19: Pcs | Z19: Pcs | AA19: Mtrs | AB19: Mtrs | AC19: Mtrs | AD19: Pcs
A20: 45170 | B20: Beginning Balance | D20: =95*62 -> 5890 | E20: 2640.7609 | F20: =603*36 -> 21708 | G20: 17450 | H20: #REF! | I20: #REF! | J20: 0 | K20: 0 | L20: 0 | M20: 0 | N20: #REF! | O20: #REF! | P20: =8*91 -> 728 | Q20: =P20/91*25 -> 200 | R20: 0 | S20: 0 | T20: #REF! | U20: =39*25 -> 975 | V20: #REF! | W20: 3605 | X20: 366 | Y20: 4798 | Z20: 4601 | AA20: 4500 | AB20: 3560 | AC20: 300 | AD20: 96
A21: Entry From Consignee Magazine
A22: Total Stock On Hand | D22: =D20+D21 -> 5890 | E22: =E20+E21 -> 2640.7609 | F22: =F20+F21 -> 21708 | G22: =G20+G21 -> 17450 | H22: =H20+H21 -> #REF! | I22: =I20+I21 -> #REF! | J22: =J20+J21 -> 0 | K22: =K20+K21 -> 0 | ... AD22: =AD20+AD21 -> 96
A23: Less: Total Weekly Consumption | D23: 0 | E23: =D23/62*25 -> 0 | F23: 3708 | G23: =F23/36*25 -> 2575 | H23: =#REF! -> #REF! | I23: =#REF! -> #REF! | J23: 0 | K23: =J23/208*25 -> 0 | L23: 0 | M23: =L23/150*25 -> 0 | N23: 0 | O23: =N23/150*20 -> 0 | P23: 728 | Q23: =P23/91*25 -> 200 | R23: 0 | S23: =R23/135*25 -> 0 | T23: - | U23: 0 | W23: 225 | X23: 58 | Y23: 691 | Z23: 252 | AA23: 775 | AB23: 500 | AC23: 0 | AD23: 0
A24: 45176 | B24: Remaining Stock Balance | D24: =D22-D23 -> 5890 | E24: =E22-E23 -> 2640.7609 | F24: =F22-F23 -> 18000 | G24: =G22-G23 -> 14875 | H24: =H22-H23 -> #REF! | I24: =I22-I23 -> #REF! | J24: =J22-J23 -> 0 | K24: =K22-K23 -> 0 | ... AD24: =AD22-AD23 -> 96
A27: Prepared by: | E27: Checked by: | R27: Certified correct by: | W27: Certified Correct by:
A30: MR. JUN RAY C. ENDICO | E30: MR. RAFFY D. TORRES | R30: ENGR. EDWIN B. BATAL | W30: ENGR. JOHN PAUHL T. NAVARRO
A31: Drill and Blast Engineer | E31: Mine Explosives Manager | R31: Mine Explosive Asst. Manager | W31: Tigerway Project Manager
A32: Mount Rock Powder Corp. | E32: PHILSAGA MINING CORPORATION | V32: Mine Explosives Manager | W32: PHILSAGA MINING CORPORATION
A33: Blaster License: FPDJ10-090819-04922 | E33: Blaster License: FKB15 - 080917- 04562

Sheet 9-8-14,2023
A10: EXPLOSIVES WEEKLY CONSUMPTION - TIGERWAY DECLINE PROJECT
A11: SEPTEMBER 8-14,2023
A14: SUPPLIER | D14: MT. ROCK
A16: DATE | B16: DESCRIPTION | D16: EMULSION | F16: EMULSION | H16: Dyna | J16: EMULSION | L16: EMULSION | N16: Dyna | P16: EMULSION | R16: EMULSION | T16: Pentex | U16: Anfo | V16: S/Fuse | W16: S/Fuse | X16: OBC | Y16: SHOCKSTAR | Z16: SUPREME | AA16: NEOCORD | AB16: DETCORD | AC16: Billwire | AD16: EBC
D17: 62 | F17: 36 | H17: 200 | J17: 208 | L17: 150 | N17: 150 | P17: 91 | R17: 135 | T17: Spider | V17: (savings) | Y17: 4.8 | Z17: 4.9 | AA17: 10 | AB17: 40
D18: Neogel 901 | F18: Emulex | H18: Superdyne | J18: EMULEX | L18: Super Power | N18: Senatel/Pulsar | P18: Netro EM | R18: Senatel/Pulsar
D19: Pcs | E19: Kls | F19: Pcs | G19: Kls | H19: Pcs | I19: Kls | J19: Pcs | K19: Kls | L19: Pcs | M19: Kls | N19: Pcs | O19: Kls | P19: Pcs | Q19: Kls | R19: Pcs | S19: Kls | T19: Pcs | U19: Kls | V19: Mtrs | W19: Mtrs | X19: Pcs | Y19: Pcs | Z19: Pcs | AA19: Mtrs | AB19: Mtrs | AC19: Mtrs | AD19: Pcs
A20: 45177 | B20: Beginning Balance | D20: ='9-1-7,2023'!D24 -> 5890 | E20: ='9-1-7,2023'!E24 -> 2640.7609 | F20: ='9-1-7,2023'!F24 -> 18000 | G20: ='9-1-7,2023'!G24 -> 14875 | H20: ='9-1-7,2023'!H24 -> #REF! | I20: ='9-1-7,2023'!I24 -> #REF! | J20: ='9-1-7,2023'!J24 -> 0 | K20: ='9-1-7,2023'!K24 -> 0 | ... AD20: ='9-1-7,2023'!AD24 -> 96
A21: Entry From Consignee Magazine
A22: Total Stock On Hand | D22: =D20+D21 -> 5890 | E22: =E20+E21 -> 2640.7609 | F22: =F20+F21 -> 18000 | G22: =G20+G21 -> 14875 | H22: =H20+H21 -> #REF! | I22: =I20+I21 -> #REF! | J22: =J20+J21 -> 0 | K22: =K20+K21 -> 0 | ... AD22: =AD20+AD21 -> 96
A23: Less: Total Weekly Consumption | D23: 0 | E23: =D23/62*25 -> 0 | F23: 3348 | G23: =F23/36*25 -> 2325 | H23: =#REF! -> #REF! | I23: =#REF! -> #REF! | J23: 0 | K23: =J23/208*25 -> 0 | L23: 0 | M23: =L23/150*25 -> 0 | N23: 0 | O23: =N23/150*20 -> 0 | P23: 0 | Q23: =P23/91*25 -> 0 | R23: 0 | S23: =R23/135*25 -> 0 | T23: - | U23: 0 | W23: 200 | X23: 50 | Y23: 614 | Z23: 200 | AA23: 675 | AB23: 500 | AC23: 0 | AD23: 0
A24: 45183 | B24: Remaining Stock Balance | D24: =D22-D23 -> 5890 | E24: =E22-E23 -> 2640.7609 | F24: =F22-F23 -> 14652 | G24: =G22-G23 -> 12550 | H24: =H22-H23 -> #REF! | I24: =I22-I23 -> #REF! | J24: =J22-J23 -> 0 | K24: =K22-K23 -> 0 | ... AD24: =AD22-AD23 -> 96
A27: Prepared by: | E27: Checked by: | R27: Certified correct by: | W27: Certified Correct by:
A30: MR. JUN RAY C. ENDICO | E30: MR. RAFFY D. TORRES | R30: ENGR. EDWIN B. BATAL | W30: ENGR. JOHN PAUHL T. NAVARRO
A31: Drill and Blast Engineer | E31: Mine Explosives Manager | R31: Mine Explosive Asst. Manager | W31: Tigerway Project Manager
A32: Mount Rock Powder Corp. | E32: PHILSAGA MINING CORPORATION | V32: Mine Explosives Manager | W32: PHILSAGA MINING CORPORATION
A33: Blaster License: FPDJ10-090819-04922 | E33: Blaster License: FKB15 - 080917- 04562

Sheet 9-15-21,2023
A10: EXPLOSIVES WEEKLY CONSUMPTION - TIGERWAY DECLINE PROJECT
A11: SEPTEMBER 15-21,2023
A14: SUPPLIER | D14: MT. ROCK
A16: DATE | B16: DESCRIPTION | D16: EMULSION | F16: EMULSION | H16: Dyna | J16: EMULSION | L16: EMULSION | N16: Dyna | P16: EMULSION | R16: EMULSION | T16: Pentex | U16: Anfo | V16: S/Fuse | W16: S/Fuse | X16: OBC | Y16: SHOCKSTAR | Z16: SUPREME | AA16: NEOCORD | AB16: DETCORD | AC16: Billwire | AD16: EBC
D17: 62 | F17: 36 | H17: 200 | J17: 208 | L17: 150 | N17: 150 | P17: 91 | R17: 135 | T17: Spider | V17: (savings) | Y17: 4.8 | Z17: 4.9 | AA17: 10 | AB17: 40
D18: Neogel 901 | F18: Emulex | H18: Superdyne | J18: EMULEX | L18: Super Power | N18: Senatel/Pulsar | P18: Netro EM | R18: Senatel/Pulsar
D19: Pcs | E19: Kls | F19: Pcs | G19: Kls | H19: Pcs | I19: Kls | J19: Pcs | K19: Kls | L19: Pcs | M19: Kls | N19: Pcs | O19: Kls | P19: Pcs | Q19: Kls | R19: Pcs | S19: Kls | T19: Pcs | U19: Kls | V19: Mtrs | W19: Mtrs | X19: Pcs | Y19: Pcs | Z19: Pcs | AA19: Mtrs | AB19: Mtrs | AC19: Mtrs | AD19: Pcs
A20: 45184 | B20: Beginning Balance | D20: ='9-8-14,2023'!D24 -> 5890 | E20: ='9-8-14,2023'!E24 -> 2640.7609 | F20: ='9-8-14,2023'!F24 -> 14652 | G20: ='9-8-14,2023'!G24 -> 12550 | H20: ='9-8-14,2023'!H24 -> #REF! | I20: ='9-8-14,2023'!I24 -> #REF! | J20: ='9-8-14,2023'!J24 -> 0 | K20: ='9-8-14,2023'!K24 -> 0 | ... AD20: ='9-8-14,2023'!AD24 -> 96
A21: Entry From Consignee Magazine
A22: Total Stock On Hand | D22: =D20+D21 -> 5890 | E22: =E20+E21 -> 2640.7609 | F22: =F20+F21 -> 14652 | G22: =G20+G21 -> 12550 | H22: =H20+H21 -> #REF! | I22: =I20+I21 -> #REF! | J22: =J20+J21 -> 0 | K22: =K20+K21 -> 0 | ... AD22: =AD20+AD21 -> 96
A23: Less: Total Weekly Consumption | D23: 0 | E23: =D23/62*25 -> 0 | F23: 2916 | G23: =F23/36*25 -> 2025 | H23: =#REF! -> #REF! | I23: =#REF! -> #REF! | J23: 0 | K23: =J23/208*25 -> 0 | L23: 0 | M23: =L23/150*25 -> 0 | N23: 0 | O23: =N23/150*20 -> 0 | P23: 0 | Q23: =P23/91*25 -> 0 | R23: 0 | S23: =R23/135*25 -> 0 | T23: - | U23: 0 | W23: 150 | X23: 39 | Y23: 522 | Z23: 190 | AA23: 560 | AB23: 400 | AC23: 0 | AD23: 0
A24: 45190 | B24: Remaining Stock Balance | D24: =D22-D23 -> 5890 | E24: =E22-E23 -> 2640.7609 | F24: =F22-F23 -> 11736 | G24: =G22-G23 -> 10525 | H24: =H22-H23 -> #REF! | I24: =I22-I23 -> #REF! | J24: =J22-J23 -> 0 | K24: =K22-K23 -> 0 | ... AD24: =AD22-AD23 -> 96
A27: Prepared by: | E27: Checked by: | R27: Certified correct by: | W27: Certified Correct by:
A30: MR. JUN RAY C. ENDICO | E30: MR. RAFFY D. TORRES | R30: ENGR. EDWIN B. BATAL | W30: ENGR. JOHN PAUHL T. NAVARRO
A31: Drill and Blast Engineer | E31: Mine Explosives Manager | R31: Mine Explosive Asst. Manager | W31: Tigerway Project Manager
A32: Mount Rock Powder Corp. | E32: PHILSAGA MINING CORPORATION | V32: Mine Explosives Manager | W32: PHILSAGA MINING CORPORATION
A33: Blaster License: FPDJ10-090819-04922 | E33: Blaster License: FKB15 - 080917- 04562

Sheet 9-22-31,2023
A10: EXPLOSIVES WEEKLY CONSUMPTION - TIGERWAY DECLINE PROJECT
A11: SEPTEMBER 22-30,2023
A14: SUPPLIER | D14: MT. ROCK
A16: DATE | B16: DESCRIPTION | D16: EMULSION | F16: EMULSION | H16: Dyna | J16: EMULSION | L16: EMULSION | N16: Dyna | P16: EMULSION | R16: EMULSION | T16: Pentex | U16: Anfo | V16: S/Fuse | W16: S/Fuse | X16: OBC | Y16: SHOCKSTAR | Z16: SUPREME | AA16: NEOCORD | AB16: DETCORD | AC16: Billwire | AD16: EBC
D17: 62 | F17: 36 | H17: 200 | J17: 208 | L17: 150 | N17: 150 | P17: 91 | R17: 135 | T17: Spider | V17: (savings) | Y17: 4.8 | Z17: 4.9 | AA17: 10 | AB17: 40
D18: Neogel 901 | F18: Emulex | H18: Superdyne | J18: EMULEX | L18: Super Power | N18: Senatel/Pulsar | P18: Netro EM | R18: Senatel/Pulsar
D19: Pcs | E19: Kls | F19: Pcs | G19: Kls | H19: Pcs | I19: Kls | J19: Pcs | K19: Kls | L19: Pcs | M19: Kls | N19: Pcs | O19: Kls | P19: Pcs | Q19: Kls | R19: Pcs | S19: Kls | T19: Pcs | U19: Kls | V19: Mtrs | W19: Mtrs | X19: Pcs | Y19: Pcs | Z19: Pcs | AA19: Mtrs | AB19: Mtrs | AC19: Mtrs | AD19: Pcs
A20: 45191 | B20: Beginning Balance | D20: ='9-15-21,2023'!D24 -> 5890 | E20: ='9-15-21,2023'!E24 -> 2640.7609 | F20: ='9-15-21,2023'!F24 -> 11736 | G20: ='9-15-21,2023'!G24 -> 10525 | H20: ='9-15-21,2023'!H24 -> #REF! | I20: ='9-15-21,2023'!I24 -> #REF! | J20: ='9-15-21,2023'!J24 -> 0 | K20: ='9-15-21,2023'!K24 -> 0 | ... AB20: ='9-15-21,2023'!AB24 -> 2160 | AC20: 300 | AD20: ='9-15-21,2023'!AD24 -> 96
A21: Entry From Consignee Magazine | E21: =D21/62*25 -> 0 | F21: =270*36 -> 9720 | G21: =F21/36*25 -> 6750 | P21: =30*91 -> 2730 | Q21: =P21/91*25 -> 750 | U21: 0 | W21: 1000 | X21: 200 | Y21: 2400 | Z21: 2420 | AA21: 3000 | AB21: 2100 | AC21: 0 | AD21: 0
A22: Total Stock On Hand | D22: =D20+D21 -> 5890 | E22: =E20+E21 -> 2640.7609 | F22: =F20+F21 -> 21456 | G22: =G20+G21 -> 17275 | H22: =H20+H21 -> #REF! | I22: =I20+I21 -> #REF! | J22: =J20+J21 -> 0 | K22: =K20+K21 -> 0 | ... AD22: =AD20+AD21 -> 96
A23: Less: Total Weekly Consumption | D23: 0 | E23: =D23/62*25 -> 0 | F23: 5508 | G23: =F23/36*25 -> 3825 | H23: =#REF! -> #REF! | I23: =#REF! -> #REF! | J23: 0 | K23: =J23/208*25 -> 0 | L23: 0 | M23: =L23/150*25 -> 0 | N23: 0 | O23: =N23/150*20 -> 0 | P23: 0 | Q23: =P23/91*25 -> 0 | R23: 0 | S23: =R23/135*25 -> 0 | T23: - | U23: 0 | W23: 250 | X23: 67 | Y23: 977 | Z23: 423 | AA23: 945 | AB23: 750 | AC23: 0 | AD23: 0
A24: 45199 | B24: Remaining Stock Balance | D24: =D22-D23 -> 5890 | E24: =E22-E23 -> 2640.7609 | F24: =F22-F23 -> 15948 | G24: =G22-G23 -> 13450 | H24: =H22-H23 -> #REF! | I24: =I22-I23 -> #REF! | J24: =J22-J23 -> 0 | K24: =K22-K23 -> 0 | ... AD24: =AD22-AD23 -> 96
A27: Prepared by: | E27: Checked by: | R27: Certified correct by: | W27: Certified Correct by:
A30: MR. JUN RAY C. ENDICO | E30: MR. RAFFY D. TORRES | R30: ENGR. EDWIN B. BATAL | W30: ENGR. JOHN PAUHL T. NAVARRO
A31: Drill and Blast Engineer | E31: Mine Explosives Manager | R31: Mine Explosive Asst. Manager | W31: Tigerway Project Manager
A32: Mount Rock Powder Corp. | E32: PHILSAGA MINING CORPORATION | V32: Mine Explosives Manager | W32: PHILSAGA MINING CORPORATION
A33: Blaster License: FPDJ10-090819-04922 | E33: Blaster License: FKB15 - 080917- 04562

Sheet 10-1-8,2023
A10: EXPLOSIVES WEEKLY CONSUMPTION - TIGERWAY DECLINE PROJECT
A11: OCTOBER 1-8,2023
A14: SUPPLIER | D14: MT. ROCK
A16: DATE | B16: DESCRIPTION | D16: EMULSION | F16: EMULSION | H16: Dyna | J16: EMULSION | L16: EMULSION | N16: Dyna | P16: EMULSION | R16: EMULSION | T16: Pentex | U16: Anfo | V16: S/Fuse | W16: S/Fuse | X16: OBC | Y16: SHOCKSTAR | Z16: SUPREME | AA16: NEOCORD | AB16: DETCORD | AC16: Billwire | AD16: EBC
D17: 62 | F17: 36 | H17: 200 | J17: 208 | L17: 150 | N17: 150 | P17: 91 | R17: 135 | T17: Spider | V17: (savings) | Y17: 4.8 | Z17: 4.9 | AA17: 10 | AB17: 40
D18: Neogel 901 | F18: Emulex | H18: Superdyne | J18: EMULEX | L18: Super Power | N18: Senatel/Pulsar | P18: Netro EM | R18: Senatel/Pulsar
D19: Pcs | E19: Kls | F19: Pcs | G19: Kls | H19: Pcs | I19: Kls | J19: Pcs | K19: Kls | L19: Pcs | M19: Kls | N19: Pcs | O19: Kls | P19: Pcs | Q19: Kls | R19: Pcs | S19: Kls | T19: Pcs | U19: Kls | V19: Mtrs | W19: Mtrs | X19: Pcs | Y19: Pcs | Z19: Pcs | AA19: Mtrs | AB19: Mtrs | AC19: Mtrs | AD19: Pcs
A20: 45200 | B20: Beginning Balance | D20: ='9-22-31,2023'!D24 -> 5890 | E20: ='9-22-31,2023'!E24 -> 2640.7609 | F20: ='9-22-31,2023'!F24 -> 15948 | G20: ='9-22-31,2023'!G24 -> 13450 | H20: ='9-22-31,2023'!H24 -> #REF! | I20: ='9-22-31,2023'!I24 -> #REF! | J20: ='9-22-31,2023'!J24 -> 0 | K20: ='9-22-31,2023'!K24 -> 0 | ... AD20: ='9-22-31,2023'!AD24 -> 96
A21: Entry From Consignee Magazine
A22: Total Stock On Hand | D22: =D20+D21 -> 5890 | E22: =E20+E21 -> 2640.7609 | F22: =F20+F21 -> 15948 | G22: =G20+G21 -> 13450 | H22: =H20+H21 -> #REF! | I22: =I20+I21 -> #REF! | J22: =J20+J21 -> 0 | K22: =K20+K21 -> 0 | ... AD22: =AD20+AD21 -> 96
A23: Less: Total Weekly Consumption | D23: 0 | E23: =D23/62*25 -> 0 | F23: =91*36 -> 3276 | G23: =F23/36*25 -> 2275 | H23: =#REF! -> #REF! | I23: =#REF! -> #REF! | J23: 0 | K23: =J23/208*25 -> 0 | L23: 0 | M23: =L23/150*25 -> 0 | N23: 0 | O23: =N23/150*20 -> 0 | P23: 819 | Q23: =P23/91*25 -> 225 | R23: 0 | S23: =R23/135*25 -> 0 | T23: - | U23: 0 | W23: 180 | X23: 45 | Y23: 567 | Z23: 269 | AA23: 600 | AB23: 450 | AC23: 0 | AD23: 0
A24: 45207 | B24: Remaining Stock Balance | D24: =D22-D23 -> 5890 | E24: =E22-E23 -> 2640.7609 | F24: =F22-F23 -> 12672 | G24: =G22-G23 -> 11175 | H24: =H22-H23 -> #REF! | I24: =I22-I23 -> #REF! | J24: =J22-J23 -> 0 | K24: =K22-K23 -> 0 | ... AD24: =AD22-AD23 -> 96
A27: Prepared by: | E27: Checked by: | R27: Certified correct by: | W27: Certified Correct by:
A30: MR. JUN RAY C. ENDICO | E30: MR. EDWIN B. BATAL | R30: ENGR. EDWIN B. BATAL | W30: ENGR. JOHN PAUHL T. NAVARRO
A31: Drill and Blast Engineer | E31: Mine Explosives Asst. Manager | R31: Mine Explosive Asst. Manager | W31: Tigerway Project Manager
A32: Mount Rock Powder Corp. | E32: PHILSAGA MINING CORPORATION | V32: Mine Explosives Manager | W32: PHILSAGA MINING CORPORATION
A33: Blaster License: FPDJ10-090819-04922 | E33: Blaster License: FKB15 - 080917- 04561

Sheet 10-9-15,2023
A10: EXPLOSIVES WEEKLY CONSUMPTION - TIGERWAY DECLINE PROJECT
A11: OCTOBER 9-15,2023
A14: SUPPLIER | D14: MT. ROCK
A16: DATE | B16: DESCRIPTION | D16: EMULSION | F16: EMULSION | H16: Dyna | J16: EMULSION | L16: EMULSION | N16: Dyna | P16: EMULSION | R16: EMULSION | T16: Pentex | U16: Anfo | V16: S/Fuse | W16: S/Fuse | X16: OBC | Y16: SHOCKSTAR | Z16: SUPREME | AA16: NEOCORD | AB16: DETCORD | AC16: Billwire | AD16: EBC
D17: 62 | F17: 36 | H17: 200 | J17: 208 | L17: 150 | N17: 150 | P17: 91 | R17: 135 | T17: Spider | V17: (savings) | Y17: 4.8 | Z17: 4.9 | AA17: 10 | AB17: 40
D18: Neogel 901 | F18: Emulex | H18: Superdyne | J18: EMULEX | L18: Super Power | N18: Senatel/Pulsar | P18: Netro EM | R18: Senatel/Pulsar
D19: Pcs | E19: Kls | F19: Pcs | G19: Kls | H19: Pcs | I19: Kls | J19: Pcs | K19: Kls | L19: Pcs | M19: Kls | N19: Pcs | O19: Kls | P19: Pcs | Q19: Kls | R19: Pcs | S19: Kls | T19: Pcs | U19: Kls | V19: Mtrs | W19: Mtrs | X19: Pcs | Y19: Pcs | Z19: Pcs | AA19: Mtrs | AB19: Mtrs | AC19: Mtrs | AD19: Pcs
A20: 45208 | B20: Beginning Balance | D20: ='10-1-8,2023'!D24 -> 5890 | E20: ='10-1-8,2023'!E24 -> 2640.7609 | F20: ='10-1-8,2023'!F24 -> 12672 | G20: ='10-1-8,2023'!G24 -> 11175 | H20: ='10-1-8,2023'!H24 -> #REF! | I20: ='10-1-8,2023'!I24 -> #REF! | J20: ='10-1-8,2023'!J24 -> 0 | K20: ='10-1-8,2023'!K24 -> 0 | ... AD20: ='10-1-8,2023'!AD24 -> 96
A21: Entry From Consignee Magazine
A22: Total Stock On Hand | D22: =D20+D21 -> 5890 | E22: =E20+E21 -> 2640.7609 | F22: =F20+F21 -> 12672 | G22: =G20+G21 -> 11175 | H22: =H20+H21 -> #REF! | I22: =I20+I21 -> #REF! | J22: =J20+J21 -> 0 | K22: =K20+K21 -> 0 | ... AD22: =AD20+AD21 -> 96
A23: Less: Total Weekly Consumption | D23: 558 | E23: =D23/62*25 -> 225 | F23: 3024 | G23: =F23/36*25 -> 2100 | H23: =#REF! -> #REF! | I23: =#REF! -> #REF! | J23: 0 | K23: =J23/208*25 -> 0 | L23: 0 | M23: =L23/150*25 -> 0 | N23: 0 | O23: =N23/150*20 -> 0 | P23: 910 | Q23: =P23/91*25 -> 250 | R23: 0 | S23: =R23/135*25 -> 0 | T23: - | U23: 0 | W23: 200 | X23: 50 | Y23: 560 | Z23: 326 | AA23: 660 | AB23: 500 | AC23: 0 | AD23: 0
A24: 45214 | B24: Remaining Stock Balance | D24: =D22-D23 -> 5332 | E24: =E22-E23 -> 2415.7609 | F24: =F22-F23 -> 9648 | G24: =G22-G23 -> 9075 | H24: =H22-H23 -> #REF! | I24: =I22-I23 -> #REF! | J24: =J22-J23 -> 0 | K24: =K22-K23 -> 0 | ... AD24: =AD22-AD23 -> 96
A27: Prepared by: | E27: Checked by: | R27: Certified correct by: | W27: Certified Correct by:
A30: MR. JUN RAY C. ENDICO | E30: MR. EDWIN B. BATAL | R30: ENGR. EDWIN B. BATAL | W30: ENGR. JOHN PAUHL T. NAVARRO
A31: Drill and Blast Engineer | E31: Mine Explosives Asst. Manager | R31: Mine Explosive Asst. Manager | W31: Tigerway Project Manager
A32: Mount Rock Powder Corp. | E32: PHILSAGA MINING CORPORATION | V32: Mine Explosives Manager | W32: PHILSAGA MINING CORPORATION
A33: Blaster License: FPDJ10-090819-04922 | E33: Blaster License: FKB15 - 080917- 04561

Sheet 10-16-22,2023
A10: EXPLOSIVES WEEKLY CONSUMPTION - TIGERWAY DECLINE PROJECT
A11: OCTOBER 16-22,2023
A14: SUPPLIER | D14: MT. ROCK
A16: DATE | B16: DESCRIPTION | D16: EMULSION | F16: EMULSION | H16: Dyna | J16: EMULSION | L16: EMULSION | N16: Dyna | P16: EMULSION | R16: EMULSION | T16: Pentex | U16: Anfo | V16: S/Fuse | W16: S/Fuse | X16: OBC | Y16: SHOCKSTAR | Z16: SUPREME | AA16: NEOCORD | AB16: DETCORD | AC16: Billwire | AD16: EBC
D17: 62 | F17: 36 | H17: 200 | J17: 208 | L17: 150 | N17: 150 | P17: 91 | R17: 135 | T17: Spider | V17: (savings) | Y17: 4.8 | Z17: 4.9 | AA17: 10 | AB17: 40
D18: Neogel 901 | F18: Emulex | H18: Superdyne | J18: EMULEX | L18: Super Power | N18: Senatel/Pulsar | P18: Netro EM | R18: Senatel/Pulsar
D19: Pcs | E19: Kls | F19: Pcs | G19: Kls | H19: Pcs | I19: Kls | J19: Pcs | K19: Kls | L19: Pcs | M19: Kls | N19: Pcs | O19: Kls | P19: Pcs | Q19: Kls | R19: Pcs | S19: Kls | T19: Pcs | U19: Kls | V19: Mtrs | W19: Mtrs | X19: Pcs | Y19: Pcs | Z19: Pcs | AA19: Mtrs | AB19: Mtrs | AC19: Mtrs | AD19: Pcs
A20: 45215 | B20: Beginning Balance | D20: ='10-9-15,2023'!D24 -> 5332 | E20: ='10-9-15,2023'!E24 -> 2415.7609 | F20: ='10-9-15,2023'!F24 -> 9648 | G20: ='10-9-15,2023'!G24 -> 9075 | H20: ='10-9-15,2023'!H24 -> #REF! | I20: ='10-9-15,2023'!I24 -> #REF! | J20: ='10-9-15,2023'!J24 -> 0 | K20: ='10-9-15,2023'!K24 -> 0 | ... AD20: ='10-9-15,2023'!AD24 -> 96
A21: Entry From Consignee Magazine
A22: Total Stock On Hand | D22: =D20+D21 -> 5332 | E22: =E20+E21 -> 2415.7609 | F22: =F20+F21 -> 9648 | G22: =G20+G21 -> 9075 | H22: =H20+H21 -> #REF! | I22: =I20+I21 -> #REF! | J22: =J20+J21 -> 0 | K22: =K20+K21 -> 0 | ... AD22: =AD20+AD21 -> 96
A23: Less: Total Weekly Consumption | D23: 2752 | E23: =D23/62*25 -> 1109.6774 | F23: 900 | G23: =F23/36*25 -> 625 | H23: =#REF! -> #REF! | I23: =#REF! -> #REF! | J23: 0 | K23: =J23/208*25 -> 0 | L23: 0 | M23: =L23/150*25 -> 0 | N23: 0 | O23: =N23/150*20 -> 0 | P23: 455 | Q23: =P23/91*25 -> 125 | R23: 0 | S23: =R23/135*25 -> 0 | T23: - | U23: 0 | W23: 210 | X23: 54 | Y23: 652 | Z23: 408 | AA23: 755 | AB23: 550 | AC23: 0 | AD23: 0
A24: 45221 | B24: Remaining Stock Balance | D24: =D22-D23 -> 2580 | E24: =E22-E23 -> 1306.0835 | F24: =F22-F23 -> 8748 | G24: =G22-G23 -> 8450 | H24: =H22-H23 -> #REF! | I24: =I22-I23 -> #REF! | J24: =J22-J23 -> 0 | K24: =K22-K23 -> 0 | ... AD24: =AD22-AD23 -> 96
A27: Prepared by: | E27: Checked by: | R27: Certified correct by: | W27: Certified Correct by:
A30: MR. JUN RAY C. ENDICO | E30: MR. RAFFY D. TORRES | R30: ENGR. EDWIN B. BATAL | W30: ENGR. JOHN PAUHL T. NAVARRO
A31: Drill and Blast Engineer | E31: Mine Explosives Manager | R31: Mine Explosive Asst. Manager | W31: Tigerway Project Manager
A32: Mount Rock Powder Corp. | E32: PHILSAGA MINING CORPORATION | V32: Mine Explosives Manager | W32: PHILSAGA MINING CORPORATION
A33: Blaster License: FPDJ10-090819-04922 | E33: Blaster License: FKB15 - 080917- 04561

Sheet 10-23-31,2023
A10: EXPLOSIVES WEEKLY CONSUMPTION - TIGERWAY DECLINE PROJECT
A11: OCTOBER 23-31,2023
A14: SUPPLIER | D14: MT. ROCK
A16: DATE | B16: DESCRIPTION | D16: EMULSION | F16: EMULSION | H16: Dyna | J16: EMULSION | L16: EMULSION | N16: Dyna | P16: EMULSION | R16: EMULSION | T16: Pentex | U16: Anfo | V16: S/Fuse | W16: S/Fuse | X16: OBC | Y16: SHOCKSTAR | Z16: SUPREME | AA16: NEOCORD | AB16: DETCORD | AC16: Billwire | AD16: EBC
D17: 62 | F17: 36 | H17: 200 | J17: 208 | L17: 150 | N17: 150 | P17: 91 | R17: 135 | T17: Spider | V17: (savings) | Y17: 4.8 | Z17: 4.9 | AA17: 10 | AB17: 40
D18: Neogel 901 | F18: Emulex | H18: Superdyne | J18: EMULEX | L18: Super Power | N18: Senatel/Pulsar | P18: Netro EM | R18: Senatel/Pulsar
D19: Pcs | E19: Kls | F19: Pcs | G19: Kls | H19: Pcs | I19: Kls | J19: Pcs | K19: Kls | L19: Pcs | M19: Kls | N19: Pcs | O19: Kls | P19: Pcs | Q19: Kls | R19: Pcs | S19: Kls | T19: Pcs | U19: Kls | V19: Mtrs | W19: Mtrs | X19: Pcs | Y19: Pcs | Z19: Pcs | AA19: Mtrs | AB19: Mtrs | AC19: Mtrs | AD19: Pcs
A20: 45222 | B20: Beginning Balance | D20: 0 | E20: =D20/62*25 -> 0 | F20: ='10-16-22,2023'!F24 -> 8748 | G20: =F20/36*25 -> 6075 | H20: ='10-16-22,2023'!H24 -> #REF! | I20: ='10-16-22,2023'!I24 -> #REF! | J20: ='10-16-22,2023'!J24 -> 0 | K20: ='10-16-22,2023'!K24 -> 0 | L20: ='10-16-22,2023'!L24 -> 0 | M20: ='10-16-22,2023'!M24 -> 0 | N20: ='10-16-22,2023'!N24 -> #REF! | O20: ='10-16-22,2023'!O24 -> #REF! | P20: 546 | Q20: =P20/91*25 -> 150 | R20: ='10-16-22,2023'!R24 -> 0 | S20: ='10-16-22,2023'!S24 -> 0 | T20: ='10-16-22,2023'!T24 -> #REF! | U20: ='10-16-22,2023'!U24 -> 975 | V20: ='10-16-22,2023'!V24 -> #REF! | W20: ='10-16-22,2023'!W24 -> 3190 | X20: ='10-16-22,2023'!X24 -> 203 | Y20: ='10-16-22,2023'!Y24 -> 2615 | Z20: =4953+220 -> 5173 | AA20: ='10-16-22,2023'!AA24 -> 2530 | AB20: ='10-16-22,2023'!AB24 -> 2010 | AC20: ='10-16-22,2023'!AC24 -> 300 | AD20: ='10-16-22,2023'!AD24 -> 96
A21: Entry From Consignee Magazine | F21: =270*36 -> 9720 | G21: =F21/36*25 -> 6750 | X21: 200 | Y21: 2480 | Z21: 2640 | AA21: 3000 | AB21: 3000
A22: Total Stock On Hand | D22: =D20+D21 -> 0 | E22: =E20+E21 -> 0 | F22: =F20+F21 -> 18468 | G22: =G20+G21 -> 12825 | H22: =H20+H21 -> #REF! | I22: =I20+I21 -> #REF! | J22: =J20+J21 -> 0 | K22: =K20+K21 -> 0 | ... AD22: =AD20+AD21 -> 96
A23: Less: Total Weekly Consumption | D23: 0 | E23: =D23/62*25 -> 0 | F23: =144*36 -> 5184 | G23: =F23/36*25 -> 3600 | H23: =#REF! -> #REF! | I23: =#REF! -> #REF! | J23: 0 | K23: =J23/208*25 -> 0 | L23: 0 | M23: =L23/150*25 -> 0 | N23: 0 | O23: =N23/150*20 -> 0 | P23: =6*91 -> 546 | Q23: =P23/91*25 -> 150 | R23: 0 | S23: =R23/135*25 -> 0 | T23: - | U23: 0 | W23: 200 | X23: 57 | Y23: 697 | Z23: 642 | AA23: 840 | AB23: 650 | AC23: 0 | AD23: 0
A24: 45230 | B24: Remaining Stock Balance | D24: =D22-D23 -> 0 | E24: =E22-E23 -> 0 | F24: =F22-F23 -> 13284 | G24: =G22-G23 -> 9225 | H24: =H22-H23 -> #REF! | I24: =I22-I23 -> #REF! | J24: =J22-J23 -> 0 | K24: =K22-K23 -> 0 | ... AD24: =AD22-AD23 -> 96
A27: Prepared by: | E27: Checked by: | R27: Certified correct by: | W27: Certified Correct by:
A30: MR. JUN RAY C. ENDICO | E30: MR. RAFFY D. TORRES | R30: ENGR. EDWIN B. BATAL | W30: ENGR. JOHN PAUHL T. NAVARRO
A31: Drill and Blast Engineer | E31: Mine Explosives Manager | R31: Mine Explosive Asst. Manager | W31: Tigerway Project Manager
A32: Mount Rock Powder Corp. | E32: PHILSAGA MINING CORPORATION | V32: Mine Explosives Manager | W32: PHILSAGA MINING CORPORATION
A33: Blaster License: FPDJ10-090819-04922 | E33: Blaster License: FKB15 - 080917- 04562

Sheet 11-1-5,2023
A10: EXPLOSIVES WEEKLY CONSUMPTION - TIGERWAY DECLINE PROJECT
A11: NOVEMBER 1-5,2023
A14: SUPPLIER | D14: MT. ROCK
A16: DATE | B16: DESCRIPTION | D16: EMULSION | F16: EMULSION | H16: Dyna | J16: EMULSION | L16: EMULSION | N16: Dyna | P16: EMULSION | R16: EMULSION | T16: Pentex | U16: Anfo | V16: S/Fuse | W16: S/Fuse | X16: OBC | Y16: SHOCKSTAR | Z16: SUPREME | AA16: NEOCORD | AB16: DETCORD | AC16: Billwire | AD16: EBC
D17: 62 | F17: 36 | H17: 200 | J17: 208 | L17: 150 | N17: 150 | P17: 91 | R17: 135 | T17: Spider | V17: (savings) | Y17: 4.8 | Z17: 4.9 | AA17: 10 | AB17: 40
D18: Neogel 901 | F18: Emulex | H18: Superdyne | J18: EMULEX | L18: Super Power | N18: Senatel/Pulsar | P18: Netro EM | R18: Senatel/Pulsar
D19: Pcs | E19: Kls | F19: Pcs | G19: Kls | H19: Pcs | I19: Kls | J19: Pcs | K19: Kls | L19: Pcs | M19: Kls | N19: Pcs | O19: Kls | P19: Pcs | Q19: Kls | R19: Pcs | S19: Kls | T19: Pcs | U19: Kls | V19: Mtrs | W19: Mtrs | X19: Pcs | Y19: Pcs | Z19: Pcs | AA19: Mtrs | AB19: Mtrs | AC19: Mtrs | AD19: Pcs
A20: 45231 | B20: Beginning Balance | D20: ='10-23-31,2023'!D24 -> 0 | E20: ='10-23-31,2023'!E24 -> 0 | F20: ='10-23-31,2023'!F24 -> 13284 | G20: ='10-23-31,2023'!G24 -> 9225 | H20: ='10-23-31,2023'!H24 -> #REF! | I20: ='10-23-31,2023'!I24 -> #REF! | J20: ='10-23-31,2023'!J24 -> 0 | K20: ='10-23-31,2023'!K24 -> 0 | ... Y20: ='10-23-31,2023'!Y24 -> 4398 | Z20: 6951 | AA20: ='10-23-31,2023'!AA24 -> 4690 | AB20: ='10-23-31,2023'!AB24 -> 4360 | AC20: ='10-23-31,2023'!AC24 -> 300 | AD20: ='10-23-31,2023'!AD24 -> 96
A21: Entry From Consignee Magazine
A22: Total Stock On Hand | D22: =D20+D21 -> 0 | E22: =E20+E21 -> 0 | F22: =F20+F21 -> 13284 | G22: =G20+G21 -> 9225 | H22: =H20+H21 -> #REF! | I22: =I20+I21 -> #REF! | J22: =J20+J21 -> 0 | K22: =K20+K21 -> 0 | ... AD22: =AD20+AD21 -> 96
A23: Less: Total Weekly Consumption | D23: 0 | E23: =D23/62*25 -> 0 | F23: 1548 | G23: =F23/36*25 -> 1075 | H23: =#REF! -> #REF! | I23: =#REF! -> #REF! | J23: 0 | K23: =J23/208*25 -> 0 | L23: 0 | M23: =L23/150*25 -> 0 | N23: 0 | O23: =N23/150*20 -> 0 | Q23: =P23/91*25 -> 0 | R23: 0 | S23: =R23/135*25 -> 0 | T23: - | U23: 0 | W23: 100 | X23: 28 | Y23: 276 | Z23: 202 | AA23: 330 | AB23: 200
A24: 45235 | B24: Remaining Stock Balance | D24: =D22-D23 -> 0 | E24: =E22-E23 -> 0 | F24: =F22-F23 -> 11736 | G24: =G22-G23 -> 8150 | H24: =H22-H23 -> #REF! | I24: =I22-I23 -> #REF! | J24: =J22-J23 -> 0 | K24: =K22-K23 -> 0 | ... AD24: =AD22-AD23 -> 96
A27: Prepared by: | E27: Checked by: | R27: Certified correct by: | W27: Certified Correct by:
A30: MR. JUN RAY C. ENDICO | E30: MR. RAFFY D. TORRES | R30: ENGR. EDWIN B. BATAL | W30: ENGR. JOHN PAUHL T. NAVARRO
A31: Drill and Blast Engineer | E31: Mine Explosives Manager | R31: Mine Explosive Asst. Manager | W31: Tigerway Project Manager
A32: Mount Rock Powder Corp. | E32: PHILSAGA MINING CORPORATION | V32: Mine Explosives Manager | W32: PHILSAGA MINING CORPORATION
A33: Blaster License: FPDJ10-090819-04922 | E33: Blaster License: FKB15 - 080917- 04562

Sheet 11-6-12,2023
A10: EXPLOSIVES WEEKLY CONSUMPTION - TIGERWAY DECLINE PROJECT
A11: NOVEMBER 6-12,2023
A14: SUPPLIER | D14: MT. ROCK
A16: DATE | B16: DESCRIPTION | D16: EMULSION | F16: EMULSION | H16: Dyna | J16: EMULSION | L16: EMULSION | N16: Dyna | P16: EMULSION | R16: EMULSION | T16: Pentex | U16: Anfo | V16: S/Fuse | W16: S/Fuse | X16: OBC | Y16: SHOCKSTAR | Z16: SUPREME | AA16: NEOCORD | AB16: DETCORD | AC16: Billwire | AD16: EBC
D17: 62 | F17: 36 | H17: 200 | J17: 208 | L17: 150 | N17: 150 | P17: 91 | R17: 135 | T17: Spider | V17: (savings) | Y17: 4.8 | Z17: 4.9 | AA17: 10 | AB17: 40
D18: Neogel 901 | F18: Emulex | H18: Superdyne | J18: EMULEX | L18: Super Power | N18: Senatel/Pulsar | P18: Netro EM | R18: Senatel/Pulsar
D19: Pcs | E19: Kls | F19: Pcs | G19: Kls | H19: Pcs | I19: Kls | J19: Pcs | K19: Kls | L19: Pcs | M19: Kls | N19: Pcs | O19: Kls | P19: Pcs | Q19: Kls | R19: Pcs | S19: Kls | T19: Pcs | U19: Kls | V19: Mtrs | W19: Mtrs | X19: Pcs | Y19: Pcs | Z19: Pcs | AA19: Mtrs | AB19: Mtrs | AC19: Mtrs | AD19: Pcs
A20: 45236 | B20: Beginning Balance | D20: ='11-1-5,2023'!D24 -> 0 | E20: ='11-1-5,2023'!E24 -> 0 | F20: ='11-1-5,2023'!F24 -> 11736 | G20: ='11-1-5,2023'!G24 -> 8150 | H20: ='11-1-5,2023'!H24 -> #REF! | I20: ='11-1-5,2023'!I24 -> #REF! | J20: ='11-1-5,2023'!J24 -> 0 | K20: ='11-1-5,2023'!K24 -> 0 | ... AD20: ='11-1-5,2023'!AD24 -> 96
A21: Entry From Consignee Magazine
A22: Total Stock On Hand | D22: =D20+D21 -> 0 | E22: =E20+E21 -> 0 | F22: =F20+F21 -> 11736 | G22: =G20+G21 -> 8150 | H22: =H20+H21 -> #REF! | I22: =I20+I21 -> #REF! | J22: =J20+J21 -> 0 | K22: =K20+K21 -> 0 | ... AD22: =AD20+AD21 -> 96
A23: Less: Total Weekly Consumption | D23: 0 | E23: =D23/62*25 -> 0 | F23: =121*36 -> 4356 | G23: =F23/36*25 -> 3025 | H23: =#REF! -> #REF! | I23: =#REF! -> #REF! | J23: 0 | K23: =J23/208*25 -> 0 | L23: 0 | M23: =L23/150*25 -> 0 | N23: 0 | O23: =N23/150*20 -> 0 | Q23: =P23/91*25 -> 0 | R23: 0 | S23: =R23/135*25 -> 0 | T23: - | U23: 0 | W23: 230 | X23: 62 | Y23: 606 | Z23: 534 | AA23: 750 | AB23: 750 | AC23: 0
A24: 45242 | B24: Remaining Stock Balance | D24: =D22-D23 -> 0 | E24: =E22-E23 -> 0 | F24: =F22-F23 -> 7380 | G24: =G22-G23 -> 5125 | H24: =H22-H23 -> #REF! | I24: =I22-I23 -> #REF! | J24: =J22-J23 -> 0 | K24: =K22-K23 -> 0 | ... AD24: =AD22-AD23 -> 96
A27: Prepared by: | E27: Checked by: | R27: Certified correct by: | W27: Certified Correct by:
A30: MR. JUN RAY C. ENDICO | E30: MR. RAFFY D. TORRES | R30: ENGR. EDWIN B. BATAL | W30: ENGR. JOHN PAUHL T. NAVARRO
A31: Drill and Blast Engineer | E31: Mine Explosives Manager | R31: Mine Explosive Asst. Manager | W31: Tigerway Project Manager
A32: Mount Rock Powder Corp. | E32: PHILSAGA MINING CORPORATION | V32: Mine Explosives Manager | W32: PHILSAGA MINING CORPORATION
A33: Blaster License: FPDJ10-090819-04922 | E33: Blaster License: FKB15 - 080917- 04562

Sheet 11-13-19,2023
A10: EXPLOSIVES WEEKLY CONSUMPTION - TIGERWAY DECLINE PROJECT
A11: NOVEMBER 13-19,2023
A14: SUPPLIER | D14: MT. ROCK
A16: DATE | B16: DESCRIPTION | D16: EMULSION | F16: EMULSION | H16: Dyna | J16: EMULSION | L16: EMULSION | N16: Dyna | P16: EMULSION | R16: EMULSION | T16: Pentex | U16: Anfo | V16: S/Fuse | W16: S/Fuse | X16: OBC | Y16: SHOCKSTAR | Z16: SUPREME | AA16: NEOCORD | AB16: DETCORD | AC16: Billwire | AD16: EBC
D17: 62 | F17: 36 | H17: 200 | J17: 208 | L17: 150 | N17: 150 | P17: 91 | R17: 135 | T17: Spider | V17: (savings) | Y17: 4.8 | Z17: 4.9 | AA17: 10 | AB17: 40
D18: Neogel 901 | F18: Emulex | H18: Superdyne | J18: EMULEX | L18: Super Power | N18: Senatel/Pulsar | P18: Netro EM | R18: Senatel/Pulsar
D19: Pcs | E19: Kls | F19: Pcs | G19: Kls | H19: Pcs | I19: Kls | J19: Pcs | K19: Kls | L19: Pcs | M19: Kls | N19: Pcs | O19: Kls | P19: Pcs | Q19: Kls | R19: Pcs | S19: Kls | T19: Pcs | U19: Kls | V19: Mtrs | W19: Mtrs | X19: Pcs | Y19: Pcs | Z19: Pcs | AA19: Mtrs | AB19: Mtrs | AC19: Mtrs | AD19: Pcs
A20: 45243 | B20: Beginning Balance | D20: ='11-6-12,2023'!D24 -> 0 | E20: ='11-6-12,2023'!E24 -> 0 | F20: ='11-6-12,2023'!F24 -> 7380 | G20: ='11-6-12,2023'!G24 -> 5125 | H20: ='11-6-12,2023'!H24 -> #REF! | I20: ='11-6-12,2023'!I24 -> #REF! | J20: ='11-6-12,2023'!J24 -> 0 | K20: ='11-6-12,2023'!K24 -> 0 | ... AD20: ='11-6-12,2023'!AD24 -> 96
A21: Entry From Consignee Magazine
A22: Total Stock On Hand | D22: =D20+D21 -> 0 | E22: =E20+E21 -> 0 | F22: =F20+F21 -> 7380 | G22: =G20+G21 -> 5125 | H22: =H20+H21 -> #REF! | I22: =I20+I21 -> #REF! | J22: =J20+J21 -> 0 | K22: =K20+K21 -> 0 | ... AD22: =AD20+AD21 -> 96
A23: Less: Total Weekly Consumption | D23: 0 | E23: =D23/62*25 -> 0 | F23: =118*36 -> 4248 | G23: =F23/36*25 -> 2950 | H23: =#REF! -> #REF! | I23: =#REF! -> #REF! | J23: 0 | K23: =J23/208*25 -> 0 | L23: 0 | M23: =L23/150*25 -> 0 | N23: 0 | O23: =N23/150*20 -> 0 | Q23: =P23/91*25 -> 0 | R23: 0 | S23: =R23/135*25 -> 0 | T23: - | U23: 0 | W23: 180 | X23: 51 | Y23: 580 | Z23: 516 | AA23: 680 | AB23: 400 | AC23: 0
A24: 45249 | B24: Remaining Stock Balance | D24: =D22-D23 -> 0 | E24: =E22-E23 -> 0 | F24: =F22-F23 -> 3132 | G24: =G22-G23 -> 2175 | H24: =H22-H23 -> #REF! | I24: =I22-I23 -> #REF! | J24: =J22-J23 -> 0 | K24: =K22-K23 -> 0 | ... AD24: =AD22-AD23 -> 96
A27: Prepared by: | E27: Checked by: | R27: Certified correct by: | W27: Certified Correct by:
A30: MR. JUN RAY C. ENDICO | E30: MR. RAFFY D. TORRES | R30: ENGR. EDWIN B. BATAL | W30: ENGR. JOHN PAUHL T. NAVARRO
A31: Drill and Blast Engineer | E31: Mine Explosives Manager | R31: Mine Explosive Asst. Manager | W31: Tigerway Project Manager
A32: Mount Rock Powder Corp. | E32: PHILSAGA MINING CORPORATION | V32: Mine Explosives Manager | W32: PHILSAGA MINING CORPORATION
A33: Blaster License: FPDJ10-090819-04922 | E33: Blaster License: FKB15 - 080917- 04562

Sheet 11-20-26,2023
A10: EXPLOSIVES WEEKLY CONSUMPTION - TIGERWAY DECLINE PROJECT
A11: NOVEMBER 20-26,2023
A14: SUPPLIER | D14: MT. ROCK
A16: DATE | B16: DESCRIPTION | D16: EMULSION | F16: EMULSION | H16: Dyna | J16: EMULSION | L16: EMULSION | N16: Dyna | P16: EMULSION | R16: EMULSION | T16: Pentex | U16: Anfo | V16: S/Fuse | W16: S/Fuse | X16: OBC | Y16: SHOCKSTAR | Z16: SUPREME | AA16: NEOCORD | AB16: DETCORD | AC16: Billwire | AD16: EBC
D17: 62 | F17: 36 | H17: 200 | J17: 208 | L17: 150 | N17: 150 | P17: 91 | R17: 135 | T17: Spider | V17: (savings) | Y17: 4.8 | Z17: 4.9 | AA17: 10 | AB17: 40
D18: Neogel 901 | F18: Emulex | H18: Superdyne | J18: EMULEX | L18: Super Power | N18: Senatel/Pulsar | P18: Netro EM | R18: Senatel/Pulsar
D19: Pcs | E19: Kls | F19: Pcs | G19: Kls | H19: Pcs | I19: Kls | J19: Pcs | K19: Kls | L19: Pcs | M19: Kls | N19: Pcs | O19: Kls | P19: Pcs | Q19: Kls | R19: Pcs | S19: Kls | T19: Pcs | U19: Kls | V19: Mtrs | W19: Mtrs | X19: Pcs | Y19: Pcs | Z19: Pcs | AA19: Mtrs | AB19: Mtrs | AC19: Mtrs | AD19: Pcs
A20: 45250 | B20: Beginning Balance | D20: ='11-13-19,2023'!D24 -> 0 | E20: ='11-13-19,2023'!E24 -> 0 | F20: ='11-13-19,2023'!F24-288 -> 2844 | G20: ='11-13-19,2023'!G24-200 -> 1975 | H20: ='11-13-19,2023'!H24 -> #REF! | I20: ='11-13-19,2023'!I24 -> #REF! | J20: ='11-13-19,2023'!J24 -> 0 | K20: ='11-13-19,2023'!K24 -> 0 | L20: ='11-13-19,2023'!L24 -> 0 | M20: ='11-13-19,2023'!M24 -> 0 | N20: ='11-13-19,2023'!N24 -> #REF! | O20: ='11-13-19,2023'!O24 -> #REF! | ... V20: ='11-13-19,2023'!V24 -> #REF! | W20: ='11-13-19,2023'!W24-20 -> 2460 | X20: ='11-13-19,2023'!X24-5 -> 200 | Y20: ='11-13-19,2023'!Y24-36 -> 2900 | Z20: ='11-13-19,2023'!Z24-45 -> 5654 | AA20: ='11-13-19,2023'!AA24-70 -> 2860 | AB20: ='11-13-19,2023'!AB24-50 -> 2960 | AC20: ='11-13-19,2023'!AC24 -> 300 | AD20: ='11-13-19,2023'!AD24 -> 96
A21: Entry From Consignee Magazine | D21: =390*62 -> 24180 | E21: =D21/62*25 -> 9750 | F21: =10*36 -> 360 | G21: =F21/36*25 -> 250 | P21: 0 | Q21: =P21/91*25 -> 0 | U21: 0 | W21: 0 | X21: 200 | Y21: 1200 | Z21: 0 | AA21: 3000 | AB21: 1500 | AC21: 0 | AD21: 0
A22: Total Stock On Hand | D22: =D20+D21 -> 24180 | E22: =E20+E21 -> 9750 | F22: =F20+F21 -> 3204 | G22: =G20+G21 -> 2225 | H22: =H20+H21 -> #REF! | I22: =I20+I21 -> #REF! | J22: =J20+J21 -> 0 | K22: =K20+K21 -> 0 | ... AD22: =AD20+AD21 -> 96
A23: Less: Total Weekly Consumption | D23: =30*62 -> 1860 | E23: =D23/62*25 -> 750 | F23: =89*36 -> 3204 | G23: =F23/36*25 -> 2225 | H23: =#REF! -> #REF! | I23: =#REF! -> #REF! | J23: 0 | K23: =J23/208*25 -> 0 | L23: 0 | M23: =L23/150*25 -> 0 | N23: 0 | O23: =N23/150*20 -> 0 | Q23: =P23/91*25 -> 0 | R23: 0 | S23: =R23/135*25 -> 0 | T23: - | U23: 0 | W23: 180 | X23: 45 | Y23: 501 | Z23: 586 | AA23: 790 | AB23: 600 | AC23: 0
A24: 45256 | B24: Remaining Stock Balance | D24: =D22-D23 -> 22320 | E24: =E22-E23 -> 9000 | F24: =F22-F23 -> 0 | G24: =G22-G23 -> 0 | H24: =H22-H23 -> #REF! | I24: =I22-I23 -> #REF! | J24: =J22-J23 -> 0 | K24: =K22-K23 -> 0 | ... AD24: =AD22-AD23 -> 96
A27: Prepared by: | E27: Checked by: | R27: Certified correct by: | W27: Certified Correct by:
A30: MR. JUN RAY C. ENDICO | E30: MR. RAFFY D. TORRES | R30: ENGR. EDWIN B. BATAL | W30: ENGR. JOHN PAUHL T. NAVARRO
A31: Drill and Blast Engineer | E31: Mine Explosives Manager | R31: Mine Explosive Asst. Manager | W31: Tigerway Project Manager
A32: Mount Rock Powder Corp. | E32: PHILSAGA MINING CORPORATION | V32: Mine Explosives Manager | W32: PHILSAGA MINING CORPORATION
A33: Blaster License: FPDJ10-090819-04922 | E33: Blaster License: FKB15 - 080917- 04562

Sheet 11-26-12-3,2023
A10: EXPLOSIVES WEEKLY CONSUMPTION - TIGERWAY DECLINE PROJECT
A11: NOVEMBER 27-DECEMBER 3,2023
A14: SUPPLIER | D14: MT. ROCK
A16: DATE | B16: DESCRIPTION | D16: EMULSION | F16: EMULSION | H16: Dyna | J16: EMULSION | L16: EMULSION | N16: Dyna | P16: EMULSION | R16: EMULSION | T16: Pentex | U16: Anfo | V16: S/Fuse | W16: S/Fuse | X16: OBC | Y16: SHOCKSTAR | Z16: SUPREME | AA16: NEOCORD | AB16: DETCORD | AC16: Billwire | AD16: EBC
D17: 62 | F17: 36 | H17: 200 | J17: 208 | L17: 150 | N17: 150 | P17: 91 | R17: 135 | T17: Spider | V17: (savings) | Y17: 4.8 | Z17: 4.9 | AA17: 10 | AB17: 40
D18: Neogel 901 | F18: Emulex | H18: Superdyne | J18: EMULEX | L18: Super Power | N18: Senatel/Pulsar | P18: Netro EM | R18: Senatel/Pulsar
D19: Pcs | E19: Kls | F19: Pcs | G19: Kls | H19: Pcs | I19: Kls | J19: Pcs | K19: Kls | L19: Pcs | M19: Kls | N19: Pcs | O19: Kls | P19: Pcs | Q19: Kls | R19: Pcs | S19: Kls | T19: Pcs | U19: Kls | V19: Mtrs | W19: Mtrs | X19: Pcs | Y19: Pcs | Z19: Pcs | AA19: Mtrs | AB19: Mtrs | AC19: Mtrs | AD19: Pcs
A20: 45257 | B20: Beginning Balance | D20: =302*62 -> 18724 | E20: ='11-20-26,2023'!E24 -> 9000 | F20: ='11-20-26,2023'!F24 -> 0 | G20: ='11-20-26,2023'!G24 -> 0 | H20: ='11-20-26,2023'!H24 -> #REF! | I20: ='11-20-26,2023'!I24 -> #REF! | J20: ='11-20-26,2023'!J24 -> 0 | K20: ='11-20-26,2023'!K24 -> 0 | L20: ='11-20-26,2023'!L24 -> 0 | ... AD20: ='11-20-26,2023'!AD24 -> 96
A21: Entry From Consignee Magazine
A22: Total Stock On Hand | D22: =D20+D21 -> 18724 | E22: =E20+E21 -> 9000 | F22: =F20+F21 -> 0 | G22: =G20+G21 -> 0 | H22: =H20+H21 -> #REF! | I22: =I20+I21 -> #REF! | J22: =J20+J21 -> 0 | K22: =K20+K21 -> 0 | ... AD22: =AD20+AD21 -> 96
A23: Less: Total Weekly Consumption | D23: =87*62 -> 5394 | E23: =D23/62*25 -> 2175 | F23: 0 | G23: =F23/36*25 -> 0 | H23: =#REF! -> #REF! | I23: =#REF! -> #REF! | J23: 0 | K23: =J23/208*25 -> 0 | L23: 0 | M23: =L23/150*25 -> 0 | N23: 0 | O23: =N23/150*20 -> 0 | Q23: =P23/91*25 -> 0 | R23: 0 | S23: =R23/135*25 -> 0 | T23: - | U23: 0 | W23: 188 | X23: 49 | Y23: 324 | Z23: 150 | AA23: 640 | AB23: 450 | AC23: 0
A24: 45263 | B24: Remaining Stock Balance | D24: =D22-D23 -> 13330 | E24: =E22-E23 -> 6825 | F24: =F22-F23 -> 0 | G24: =G22-G23 -> 0 | H24: =H22-H23 -> #REF! | I24: =I22-I23 -> #REF! | J24: =J22-J23 -> 0 | K24: =K22-K23 -> 0 | ... AD24: =AD22-AD23 -> 96
A27: Prepared by: | E27: Checked by: | R27: Certified correct by: | W27: Certified Correct by:
A30: MR. JUN RAY C. ENDICO | E30: MR. RAFFY D. TORRES | R30: ENGR. EDWIN B. BATAL | W30: ENGR. JOHN PAUHL T. NAVARRO
A31: Drill and Blast Engineer | E31: Mine Explosives Manager | R31: Mine Explosive Asst. Manager | W31: Tigerway Project Manager
A32: Mount Rock Powder Corp. | E32: PHILSAGA MINING CORPORATION | V32: Mine Explosives Manager | W32: PHILSAGA MINING CORPORATION
A33: Blaster License: FPDJ10-090819-04922 | E33: Blaster License: FKB15 - 080917- 04562

Sheet 12-4-10,2023
A10: EXPLOSIVES WEEKLY CONSUMPTION - TIGERWAY DECLINE PROJECT
A11: DECEMBER 4-10,2023
A14: SUPPLIER | D14: MT. ROCK
A16: DATE | B16: DESCRIPTION | D16: EMULSION | F16: EMULSION | H16: Dyna | J16: EMULSION | L16: EMULSION | N16: Dyna | P16: EMULSION | R16: EMULSION | T16: Pentex | U16: Anfo | V16: S/Fuse | W16: S/Fuse | X16: OBC | Y16: SHOCKSTAR | Z16: SUPREME | AA16: NEOCORD | AB16: DETCORD | AC16: Billwire | AD16: EBC
D17: 62 | F17: 36 | H17: 200 | J17: 208 | L17: 150 | N17: 150 | P17: 91 | R17: 135 | T17: Spider | V17: (savings) | Y17: 4.8 | Z17: 4.9 | AA17: 10 | AB17: 40
D18: Neogel 901 | F18: Emulex | H18: Superdyne | J18: EMULEX | L18: Super Power | N18: Senatel/Pulsar | P18: Netro EM | R18: Senatel/Pulsar
D19: Pcs | E19: Kls | F19: Pcs | G19: Kls | H19: Pcs | I19: Kls | J19: Pcs | K19: Kls | L19: Pcs | M19: Kls | N19: Pcs | O19: Kls | P19: Pcs | Q19: Kls | R19: Pcs | S19: Kls | T19: Pcs | U19: Kls | V19: Mtrs | W19: Mtrs | X19: Pcs | Y19: Pcs | Z19: Pcs | AA19: Mtrs | AB19: Mtrs | AC19: Mtrs | AD19: Pcs
A20: 45264 | B20: Beginning Balance | D20: ='11-26-12-3,2023'!D24+3782 -> 17112 | E20: ='11-26-12-3,2023'!E24 -> 6825 | F20: ='11-26-12-3,2023'!F24 -> 0 | G20: ='11-26-12-3,2023'!G24 -> 0 | H20: ='11-26-12-3,2023'!H24 -> #REF! | I20: ='11-26-12-3,2023'!I24 -> #REF! | J20: ='11-26-12-3,2023'!J24 -> 0 | K20: ='11-26-12-3,2023'!K24 -> 0 | L20: ='11-26-12-3,2023'!L24 -> 0 | ... AD20: ='11-26-12-3,2023'!AD24 -> 96
A21: Entry From Consignee Magazine
A22: Total Stock On Hand | D22: =D20+D21 -> 17112 | E22: =E20+E21 -> 6825 | F22: =F20+F21 -> 0 | G22: =G20+G21 -> 0 | H22: =H20+H21 -> #REF! | I22: =I20+I21 -> #REF! | J22: =J20+J21 -> 0 | K22: =K20+K21 -> 0 | ... AD22: =AD20+AD21 -> 96
A23: Less: Total Weekly Consumption | D23: =87*62 -> 5394 | E23: =D23/62*25 -> 2175 | F23: 0 | G23: =F23/36*25 -> 0 | H23: =#REF! -> #REF! | I23: =#REF! -> #REF! | J23: 0 | K23: =J23/208*25 -> 0 | L23: 0 | M23: =L23/150*25 -> 0 | N23: 0 | O23: =N23/150*20 -> 0 | Q23: =P23/91*25 -> 0 | R23: 0 | S23: =R23/135*25 -> 0 | T23: - | U23: 0 | W23: 160 | X23: 40 | Y23: 332 | Z23: 395 | AA23: 600 | AB23: 400 | AC23: 0
A24: 45270 | B24: Remaining Stock Balance | D24: =D22-D23 -> 11718 | E24: =E22-E23 -> 4650 | F24: =F22-F23 -> 0 | G24: =G22-G23 -> 0 | H24: =H22-H23 -> #REF! | I24: =I22-I23 -> #REF! | J24: =J22-J23 -> 0 | K24: =K22-K23 -> 0 | ... AD24: =AD22-AD23 -> 96
A27: Prepared by: | E27: Checked by: | R27: Certified correct by: | W27: Certified Correct by:
A30: MR. JUN RAY C. ENDICO | E30: MR. RAFFY D. TORRES | R30: ENGR. EDWIN B. BATAL | W30: ENGR. JOHN PAUHL T. NAVARRO
A31: Drill and Blast Engineer | E31: Mine Explosives Manager | R31: Mine Explosive Asst. Manager | W31: Tigerway Project Manager
A32: Mount Rock Powder Corp. | E32: PHILSAGA MINING CORPORATION | V32: Mine Explosives Manager | W32: PHILSAGA MINING CORPORATION
A33: Blaster License: FPDJ10-090819-04922 | E33: Blaster License: FKB15 - 080917- 04562

Sheet 12-11-17,2023
A10: EXPLOSIVES WEEKLY CONSUMPTION - TIGERWAY DECLINE PROJECT
A11: DECEMBER 11-17,2023
A14: SUPPLIER | D14: MT. ROCK
A16: DATE | B16: DESCRIPTION | D16: EMULSION | F16: EMULSION | H16: Dyna | J16: EMULSION | L16: EMULSION | N16: Dyna | P16: EMULSION | R16: EMULSION | T16: Pentex | U16: Anfo | V16: S/Fuse | W16: S/Fuse | X16: OBC | Y16: SHOCKSTAR | Z16: SUPREME | AA16: NEOCORD | AB16: DETCORD | AC16: Billwire | AD16: EBC
D17: 62 | F17: 36 | H17: 200 | J17: 208 | L17: 150 | N17: 150 | P17: 91 | R17: 135 | T17: Spider | V17: (savings) | Y17: 4.8 | Z17: 4.9 | AA17: 10 | AB17: 40
D18: Neogel 901 | F18: Emulex | H18: Superdyne | J18: EMULEX | L18: Super Power | N18: Senatel/Pulsar | P18: Netro EM | R18: Senatel/Pulsar
D19: Pcs | E19: Kls | F19: Pcs | G19: Kls | H19: Pcs | I19: Kls | J19: Pcs | K19: Kls | L19: Pcs | M19: Kls | N19: Pcs | O19: Kls | P19: Pcs | Q19: Kls | R19: Pcs | S19: Kls | T19: Pcs | U19: Kls | V19: Mtrs | W19: Mtrs | X19: Pcs | Y19: Pcs | Z19: Pcs | AA19: Mtrs | AB19: Mtrs | AC19: Mtrs | AD19: Pcs
A20: 45271 | B20: Beginning Balance | D20: ='12-4-10,2023'!D24 -> 11718 | E20: ='12-4-10,2023'!E24 -> 4650 | F20: ='12-4-10,2023'!F24 -> 0 | G20: ='12-4-10,2023'!G24 -> 0 | H20: ='12-4-10,2023'!H24 -> #REF! | I20: ='12-4-10,2023'!I24 -> #REF! | J20: ='12-4-10,2023'!J24 -> 0 | K20: ='12-4-10,2023'!K24 -> 0 | ... AD20: ='12-4-10,2023'!AD24 -> 96
A21: Entry From Consignee Magazine | D21: =350*62 -> 21700 | E21: =D21/62*25 -> 8750 | F21: 0 | G21: 0 | P21: 0 | Q21: =P21/91*25 -> 0 | U21: 0 | W21: 1000 | X21: 200 | Y21: 2480 | Z21: 3300 | AA21: 3000 | AB21: 0 | AC21: 0 | AD21: 0
A22: Total Stock On Hand | D22: =D20+D21 -> 33418 | E22: =E20+E21 -> 13400 | F22: =F20+F21 -> 0 | G22: =G20+G21 -> 0 | H22: =H20+H21 -> #REF! | I22: =I20+I21 -> #REF! | J22: =J20+J21 -> 0 | K22: =K20+K21 -> 0 | ... AD22: =AD20+AD21 -> 96
A23: Less: Total Weekly Consumption | D23: =104*62 -> 6448 | E23: =D23/62*25 -> 2600 | F23: 0 | G23: =F23/36*25 -> 0 | H23: =#REF! -> #REF! | I23: =#REF! -> #REF! | J23: 0 | K23: =J23/208*25 -> 0 | L23: 0 | M23: =L23/150*25 -> 0 | N23: 0 | O23: =N23/150*20 -> 0 | P23: 0 | Q23: =P23/91*25 -> 0 | R23: 0 | S23: =R23/135*25 -> 0 | T23: - | U23: 0 | W23: 151 | X23: 47 | Y23: 342 | Z23: 472 | AA23: 580 | AB23: 400 | AC23: 0 | AD23: 0
A24: 45277 | B24: Remaining Stock Balance | D24: =D22-D23 -> 26970 | E24: =E22-E23 -> 10800 | F24: =F22-F23 -> 0 | G24: =G22-G23 -> 0 | H24: =H22-H23 -> #REF! | I24: =I22-I23 -> #REF! | J24: =J22-J23 -> 0 | K24: =K22-K23 -> 0 | ... AD24: =AD22-AD23 -> 96
A27: Prepared by: | E27: Checked by: | R27: Certified correct by: | W27: Certified Correct by:
A30: MR. JUN RAY C. ENDICO | E30: MR. RAFFY D. TORRES | R30: ENGR. EDWIN B. BATAL | W30: ENGR. JOHN PAUHL T. NAVARRO
A31: Drill and Blast Engineer | E31: Mine Explosives Manager | R31: Mine Explosive Asst. Manager | W31: Tigerway Project Manager
A32: Mount Rock Powder Corp. | E32: PHILSAGA MINING CORPORATION | V32: Mine Explosives Manager | W32: PHILSAGA MINING CORPORATION
A33: Blaster License: FPDJ10-090819-04922 | E33: Blaster License: FKB15 - 080917- 04562

Sheet 12-18-24,2023
A10: EXPLOSIVES WEEKLY CONSUMPTION - TIGERWAY DECLINE PROJECT
A11: DECEMBER 18-24,2023
A14: SUPPLIER | D14: MT. ROCK
A16: DATE | B16: DESCRIPTION | D16: EMULSION | F16: EMULSION | H16: Dyna | J16: EMULSION | L16: EMULSION | N16: Dyna | P16: EMULSION | R16: EMULSION | T16: Pentex | U16: Anfo | V16: S/Fuse | W16: S/Fuse | X16: OBC | Y16: SHOCKSTAR | Z16: SUPREME | AA16: NEOCORD | AB16: DETCORD | AC16: Billwire | AD16: EBC
D17: 62 | F17: 36 | H17: 200 | J17: 208 | L17: 150 | N17: 150 | P17: 91 | R17: 135 | T17: Spider | V17: (savings) | Y17: 4.8 | Z17: 4.9 | AA17: 10 | AB17: 40
D18: Neogel 901 | F18: Emulex | H18: Superdyne | J18: EMULEX | L18: Super Power | N18: Senatel/Pulsar | P18: Netro EM | R18: Senatel/Pulsar
D19: Pcs | E19: Kls | F19: Pcs | G19: Kls | H19: Pcs | I19: Kls | J19: Pcs | K19: Kls | L19: Pcs | M19: Kls | N19: Pcs | O19: Kls | P19: Pcs | Q19: Kls | R19: Pcs | S19: Kls | T19: Pcs | U19: Kls | V19: Mtrs | W19: Mtrs | X19: Pcs | Y19: Pcs | Z19: Pcs | AA19: Mtrs | AB19: Mtrs | AC19: Mtrs | AD19: Pcs
A20: 45278 | B20: Beginning Balance | D20: ='12-11-17,2023'!D24 -> 26970 | E20: ='12-11-17,2023'!E24 -> 10800 | F20: ='12-11-17,2023'!F24 -> 0 | G20: ='12-11-17,2023'!G24 -> 0 | H20: ='12-11-17,2023'!H24 -> #REF! | I20: ='12-11-17,2023'!I24 -> #REF! | J20: ='12-11-17,2023'!J24 -> 0 | K20: ='12-11-17,2023'!K24 -> 0 | ... AD20: ='12-11-17,2023'!AD24 -> 96
A21: Entry From Consignee Magazine
A22: Total Stock On Hand | D22: =D20+D21 -> 26970 | E22: =E20+E21 -> 10800 | F22: =F20+F21 -> 0 | G22: =G20+G21 -> 0 | H22: =H20+H21 -> #REF! | I22: =I20+I21 -> #REF! | J22: =J20+J21 -> 0 | K22: =K20+K21 -> 0 | ... AD22: =AD20+AD21 -> 96
A23: Less: Total Weekly Consumption | D23: =91*62 -> 5642 | E23: =D23/62*25 -> 2275 | F23: 0 | G23: =F23/36*25 -> 0 | H23: =#REF! -> #REF! | I23: =#REF! -> #REF! | J23: 0 | K23: =J23/208*25 -> 0 | L23: 0 | M23: =L23/150*25 -> 0 | N23: 0 | O23: =N23/150*20 -> 0 | P23: 0 | Q23: =P23/91*25 -> 0 | R23: 0 | S23: =R23/135*25 -> 0 | T23: - | U23: 0 | W23: 132 | X23: 45 | Y23: 327 | Z23: 413 | AA23: 520 | AB23: 150 | AC23: 0 | AD23: 0
A24: 45284 | B24: Remaining Stock Balance | D24: =D22-D23 -> 21328 | E24: =E22-E23 -> 8525 | F24: =F22-F23 -> 0 | G24: =G22-G23 -> 0 | H24: =H22-H23 -> #REF! | I24: =I22-I23 -> #REF! | J24: =J22-J23 -> 0 | K24: =K22-K23 -> 0 | ... AD24: =AD22-AD23 -> 96
A27: Prepared by: | E27: Checked by: | R27: Certified correct by: | W27: Certified Correct by:
A30: MR. JUN RAY C. ENDICO | E30: MR. RAFFY D. TORRES | R30: ENGR. EDWIN B. BATAL | W30: ENGR. JOHN PAUHL T. NAVARRO
A31: Drill and Blast Engineer | E31: Mine Explosives Manager | R31: Mine Explosive Asst. Manager | W31: Tigerway Project Manager
A32: Mount Rock Powder Corp. | E32: PHILSAGA MINING CORPORATION | V32: Mine Explosives Manager | W32: PHILSAGA MINING CORPORATION
A33: Blaster License: FPDJ10-090819-04922 | E33: Blaster License: FKB15 - 080917- 04562

Sheet 12-25-31,2023
A10: EXPLOSIVES WEEKLY CONSUMPTION - TIGERWAY DECLINE PROJECT
A11: DECEMBER 25-31,2023
A14: SUPPLIER | D14: MT. ROCK
A16: DATE | B16: DESCRIPTION | D16: EMULSION | F16: EMULSION | H16: Dyna | J16: EMULSION | L16: EMULSION | N16: Dyna | P16: EMULSION | R16: EMULSION | T16: Pentex | U16: Anfo | V16: S/Fuse | W16: S/Fuse | X16: OBC | Y16: SHOCKSTAR | Z16: SUPREME | AA16: NEOCORD | AB16: DETCORD | AC16: Billwire | AD16: EBC
D17: 62 | F17: 36 | H17: 200 | J17: 208 | L17: 150 | N17: 150 | P17: 91 | R17: 135 | T17: Spider | V17: (savings) | Y17: 4.8 | Z17: 4.9 | AA17: 10 | AB17: 40
D18: Neogel 901 | F18: Emulex | H18: Superdyne | J18: EMULEX | L18: Super Power | N18: Senatel/Pulsar | P18: Netro EM | R18: Senatel/Pulsar
D19: Pcs | E19: Kls | F19: Pcs | G19: Kls | H19: Pcs | I19: Kls | J19: Pcs | K19: Kls | L19: Pcs | M19: Kls | N19: Pcs | O19: Kls | P19: Pcs | Q19: Kls | R19: Pcs | S19: Kls | T19: Pcs | U19: Kls | V19: Mtrs | W19: Mtrs | X19: Pcs | Y19: Pcs | Z19: Pcs | AA19: Mtrs | AB19: Mtrs | AC19: Mtrs | AD19: Pcs
A20: 45285 | B20: Beginning Balance | D20: ='12-18-24,2023'!D24 -> 21328 | E20: ='12-18-24,2023'!E24 -> 8525 | F20: ='12-18-24,2023'!F24 -> 0 | G20: ='12-18-24,2023'!G24 -> 0 | H20: ='12-18-24,2023'!H24 -> #REF! | I20: ='12-18-24,2023'!I24 -> #REF! | J20: ='12-18-24,2023'!J24 -> 0 | K20: ='12-18-24,2023'!K24 -> 0 | ... Y20: ='12-18-24,2023'!Y24 -> 4754 | Z20: =6938-270 -> 6668 | AA20: ='12-18-24,2023'!AA24 -> 5730 | AB20: ='12-18-24,2023'!AB24 -> 2460 | AC20: ='12-18-24,2023'!AC24 -> 300 | AD20: ='12-18-24,2023'!AD24 -> 96
A21: Entry From Consignee Magazine
A22: Total Stock On Hand | D22: =D20+D21 -> 21328 | E22: =E20+E21 -> 8525 | F22: =F20+F21 -> 0 | G22: =G20+G21 -> 0 | H22: =H20+H21 -> #REF! | I22: =I20+I21 -> #REF! | J22: =J20+J21 -> 0 | K22: =K20+K21 -> 0 | ... AD22: =AD20+AD21 -> 96
A23: Less: Total Weekly Consumption | D23: =120*62 -> 7440 | E23: =D23/62*25 -> 3000 | F23: 0 | G23: =F23/36*25 -> 0 | H23: =#REF! -> #REF! | I23: =#REF! -> #REF! | J23: 0 | K23: =J23/208*25 -> 0 | L23: 0 | M23: =L23/150*25 -> 0 | N23: 0 | O23: =N23/150*20 -> 0 | P23: 0 | Q23: =P23/91*25 -> 0 | R23: 0 | S23: =R23/135*25 -> 0 | T23: - | U23: 0 | W23: 196 | X23: 53 | Y23: 450 | Z23: 579 | AA23: 805 | AB23: 600 | AC23: 0 | AD23: 0
A24: 45291 | B24: Remaining Stock Balance | D24: =D22-D23 -> 13888 | E24: =E22-E23 -> 5525 | F24: =F22-F23 -> 0 | G24: =G22-G23 -> 0 | H24: =H22-H23 -> #REF! | I24: =I22-I23 -> #REF! | J24: =J22-J23 -> 0 | K24: =K22-K23 -> 0 | ... AD24: =AD22-AD23 -> 96
D25: =D24/62 -> 224
A27: Prepared by: | E27: Checked by: | R27: Certified correct by: | W27: Certified Correct by:
A30: MR. JUN RAY C. ENDICO | E30: MR. RAFFY D. TORRES | R30: ENGR. EDWIN B. BATAL | W30: ENGR. JOHN PAUHL T. NAVARRO
A31: Drill and Blast Engineer | E31: Mine Explosives Manager | R31: Mine Explosive Asst. Manager | W31: Tigerway Project Manager
A32: Mount Rock Powder Corp. | E32: PHILSAGA MINING CORPORATION | V32: Mine Explosives Manager | W32: PHILSAGA MINING CORPORATION
A33: Blaster License: FPDJ10-090819-04922 | E33: Blaster License: FKB15 - 080917- 04562

Sheet 01-1-7,2024
A10: EXPLOSIVES WEEKLY CONSUMPTION - TIGERWAY DECLINE PROJECT
A11: JANUARY 1-7,2024
A14: SUPPLIER | D14: MT. ROCK
A16: DATE | B16: DESCRIPTION | D16: EMULSION | F16: EMULSION | H16: Dyna | J16: EMULSION | L16: EMULSION | N16: Dyna | P16: EMULSION | R16: EMULSION | T16: Pentex | U16: Anfo | V16: S/Fuse | W16: S/Fuse | X16: OBC | Y16: SHOCKSTAR | Z16: SUPREME | AA16: NEOCORD | AB16: DETCORD | AC16: Billwire | AD16: EBC
D17: 62 | F17: 36 | H17: 200 | J17: 208 | L17: 150 | N17: 150 | P17: 91 | R17: 135 | T17: Spider | V17: (savings) | Y17: 4.8 | Z17: 4.9 | AA17: 10 | AB17: 40
D18: Neogel 901 | F18: Emulex | H18: Superdyne | J18: EMULEX | L18: Super Power | N18: Senatel/Pulsar | P18: Netro EM | R18: Senatel/Pulsar
D19: Pcs | E19: Kls | F19: Pcs | G19: Kls | H19: Pcs | I19: Kls | J19: Pcs | K19: Kls | L19: Pcs | M19: Kls | N19: Pcs | O19: Kls | P19: Pcs | Q19: Kls | R19: Pcs | S19: Kls | T19: Pcs | U19: Kls | V19: Mtrs | W19: Mtrs | X19: Pcs | Y19: Pcs | Z19: Pcs | AA19: Mtrs | AB19: Mtrs | AC19: Mtrs | AD19: Pcs
A20: 44927 | B20: Beginning Balance | D20: ='12-25-31,2023'!D24 -> 13888 | E20: ='12-25-31,2023'!E24 -> 5525 | F20: ='12-25-31,2023'!F24 -> 0 | G20: ='12-25-31,2023'!G24 -> 0 | H20: ='12-25-31,2023'!H24 -> #REF! | I20: ='12-25-31,2023'!I24 -> #REF! | J20: ='12-25-31,2023'!J24 -> 0 | K20: ='12-25-31,2023'!K24 -> 0 | ... Z20: ='12-25-31,2023'!Z24 -> 6089 | AA20: 4935 | AB20: ='12-25-31,2023'!AB24 -> 1860 | AC20: ='12-25-31,2023'!AC24 -> 300 | AD20: ='12-25-31,2023'!AD24 -> 96
A21: Entry From Consignee Magazine
A22: Total Stock On Hand | D22: =D20+D21 -> 13888 | E22: =E20+E21 -> 5525 | F22: =F20+F21 -> 0 | G22: =G20+G21 -> 0 | H22: =H20+H21 -> #REF! | I22: =I20+I21 -> #REF! | J22: =J20+J21 -> 0 | K22: =K20+K21 -> 0 | ... AD22: =AD20+AD21 -> 96
A23: Less: Total Weekly Consumption | D23: =63*62 -> 3906 | E23: =D23/62*25 -> 1575 | F23: 0 | G23: =F23/36*25 -> 0 | H23: =#REF! -> #REF! | I23: =#REF! -> #REF! | J23: 0 | K23: =J23/208*25 -> 0 | L23: 0 | M23: =L23/150*25 -> 0 | N23: 0 | O23: =N23/150*20 -> 0 | P23: 0 | Q23: =P23/91*25 -> 0 | R23: 0 | S23: =R23/135*25 -> 0 | T23: - | U23: 0 | W23: 110 | X23: 29 | Y23: 216 | Z23: 270 | AA23: 400 | AB23: 0 | AC23: 0 | AD23: 0
A24: 44933 | B24: Remaining Stock Balance | D24: =D22-D23 -> 9982 | E24: =E22-E23 -> 3950 | F24: =F22-F23 -> 0 | G24: =G22-G23 -> 0 | H24: =H22-H23 -> #REF! | I24: =I22-I23 -> #REF! | J24: =J22-J23 -> 0 | K24: =K22-K23 -> 0 | ... AD24: =AD22-AD23 -> 96
D25: =D24/62 -> 161
A27: Prepared by: | E27: Checked by: | R27: Certified correct by: | W27: Certified Correct by:
A30: MR. JUN RAY C. ENDICO | E30: MR. RAFFY D. TORRES | R30: ENGR. EDWIN B. BATAL | W30: ENGR. JOHN PAUHL T. NAVARRO
A31: Drill and Blast Engineer | E31: Mine Explosives Manager | R31: Mine Explosive Asst. Manager | W31: Tigerway Project Manager
A32: Mount Rock Powder Corp. | E32: PHILSAGA MINING CORPORATION | V32: Mine Explosives Manager | W32: PHILSAGA MINING CORPORATION
A33: Blaster License: FPDJ10-090819-04922 | E33: Blaster License: FKB15 - 080917- 04562

Sheet 1-8-14,2024
A10: EXPLOSIVES WEEKLY CONSUMPTION - TIGERWAY DECLINE PROJECT
A11: JANUARY 8-14,2024
A14: SUPPLIER | D14: MT. ROCK
A16: DATE | B16: DESCRIPTION | D16: EMULSION | F16: EMULSION | H16: Dyna | J16: EMULSION | L16: EMULSION | N16: Dyna | P16: EMULSION | R16: EMULSION | T16: Pentex | U16: Anfo | V16: S/Fuse | W16: S/Fuse | X16: OBC | Y16: SHOCKSTAR | Z16: SUPREME | AA16: NEOCORD | AB16: DETCORD | AC16: Billwire | AD16: EBC
D17: 62 | F17: 36 | H17: 200 | J17: 208 | L17: 150 | N17: 150 | P17: 91 | R17: 135 | T17: Spider | V17: (savings) | Y17: 4.8 | Z17: 4.9 | AA17: 10 | AB17: 40
D18: Neogel 901 | F18: Emulex | H18: Superdyne | J18: EMULEX | L18: Super Power | N18: Senatel/Pulsar | P18: Netro EM | R18: Senatel/Pulsar
D19: Pcs | E19: Kls | F19: Pcs | G19: Kls | H19: Pcs | I19: Kls | J19: Pcs | K19: Kls | L19: Pcs | M19: Kls | N19: Pcs | O19: Kls | P19: Pcs | Q19: Kls | R19: Pcs | S19: Kls | T19: Pcs | U19: Kls | V19: Mtrs | W19: Mtrs | X19: Pcs | Y19: Pcs | Z19: Pcs | AA19: Mtrs | AB19: Mtrs | AC19: Mtrs | AD19: Pcs
A20: 45299 | B20: Beginning Balance | D20: ='01-1-7,2024'!D24 -> 9982 | E20: ='01-1-7,2024'!E24 -> 3950 | F20: ='01-1-7,2024'!F24 -> 0 | G20: ='01-1-7,2024'!G24 -> 0 | H20: ='01-1-7,2024'!H24 -> #REF! | I20: ='01-1-7,2024'!I24 -> #REF! | J20: ='01-1-7,2024'!J24 -> 0 | K20: ='01-1-7,2024'!K24 -> 0 | ... AD20: ='01-1-7,2024'!AD24 -> 96
A21: Entry From Consignee Magazine
A22: Total Stock On Hand | D22: =D20+D21 -> 9982 | E22: =E20+E21 -> 3950 | F22: =F20+F21 -> 0 | G22: =G20+G21 -> 0 | H22: =H20+H21 -> #REF! | I22: =I20+I21 -> #REF! | J22: =J20+J21 -> 0 | K22: =K20+K21 -> 0 | ... AD22: =AD20+AD21 -> 96
A23: Less: Total Weekly Consumption | D23: =96*62 -> 5952 | E23: =D23/62*25 -> 2400 | F23: 0 | G23: =F23/36*25 -> 0 | H23: =#REF! -> #REF! | I23: =#REF! -> #REF! | J23: 0 | K23: =J23/208*25 -> 0 | L23: 0 | M23: =L23/150*25 -> 0 | N23: 0 | O23: =N23/150*20 -> 0 | P23: 0 | Q23: =P23/91*25 -> 0 | R23: 0 | S23: =R23/135*25 -> 0 | T23: - | U23: 0 | W23: 170 | X23: 47 | Y23: 381 | Z23: 467 | AA23: 625 | AB23: 0 | AC23: 0 | AD23: 0
A24: 45305 | B24: Remaining Stock Balance | D24: =D22-D23 -> 4030 | E24: =E22-E23 -> 1550 | F24: =F22-F23 -> 0 | G24: =G22-G23 -> 0 | H24: =H22-H23 -> #REF! | I24: =I22-I23 -> #REF! | J24: =J22-J23 -> 0 | K24: =K22-K23 -> 0 | ... AD24: =AD22-AD23 -> 96
A27: Prepared by: | E27: Checked by: | R27: Certified correct by: | W27: Certified Correct by:
A30: MR. JUN RAY C. ENDICO | E30: MR. RAFFY D. TORRES | R30: ENGR. EDWIN B. BATAL | W30: ENGR. JOHN PAUHL T. NAVARRO
A31: Drill and Blast Engineer | E31: Mine Explosives Manager | R31: Mine Explosive Asst. Manager | W31: Tigerway Project Manager
A32: Mount Rock Powder Corp. | E32: PHILSAGA MINING CORPORATION | V32: Mine Explosives Manager | W32: PHILSAGA MINING CORPORATION
A33: Blaster License: FPDJ10-090819-04922 | E33: Blaster License: FKB15 - 080917- 04562

Sheet 1-15-21,2024
A10: EXPLOSIVES WEEKLY CONSUMPTION - TIGERWAY DECLINE PROJECT
A11: JANUARY 15-21,2024
A14: SUPPLIER | D14: MT. ROCK
A16: DATE | B16: DESCRIPTION | D16: EMULSION | F16: EMULSION | H16: Dyna | J16: EMULSION | L16: EMULSION | N16: Dyna | P16: EMULSION | R16: EMULSION | T16: Pentex | U16: Anfo | V16: S/Fuse | W16: S/Fuse | X16: OBC | Y16: SHOCKSTAR | Z16: SUPREME | AA16: NEOCORD | AB16: DETCORD | AC16: Billwire | AD16: EBC
D17: 62 | F17: 36 | H17: 200 | J17: 208 | L17: 150 | N17: 150 | P17: 91 | R17: 135 | T17: Spider | V17: (savings) | Y17: 4.8 | Z17: 4.9 | AA17: 10 | AB17: 40
D18: Neogel 901 | F18: Emulex | H18: Superdyne | J18: EMULEX | L18: Super Power | N18: Senatel/Pulsar | P18: Netro EM | R18: Senatel/Pulsar
D19: Pcs | E19: Kls | F19: Pcs | G19: Kls | H19: Pcs | I19: Kls | J19: Pcs | K19: Kls | L19: Pcs | M19: Kls | N19: Pcs | O19: Kls | P19: Pcs | Q19: Kls | R19: Pcs | S19: Kls | T19: Pcs | U19: Kls | V19: Mtrs | W19: Mtrs | X19: Pcs | Y19: Pcs | Z19: Pcs | AA19: Mtrs | AB19: Mtrs | AC19: Mtrs | AD19: Pcs
A20: 45306 | B20: Beginning Balance | D20: ='1-8-14,2024'!D24 -> 4030 | E20: ='1-8-14,2024'!E24 -> 1550 | F20: ='1-8-14,2024'!F24 -> 0 | G20: ='1-8-14,2024'!G24 -> 0 | H20: ='1-8-14,2024'!H24 -> #REF! | I20: ='1-8-14,2024'!I24 -> #REF! | J20: ='1-8-14,2024'!J24 -> 0 | K20: ='1-8-14,2024'!K24 -> 0 | ... AD20: ='1-8-14,2024'!AD24 -> 96
A21: Entry From Consignee Magazine | D21: =390*62 -> 24180 | E21: =D21/62*25 -> 9750 | F21: 0 | G21: 0 | P21: 0 | Q21: =P21/91*25 -> 0 | U21: 0 | W21: 1000 | X21: 200 | Y21: 1680 | Z21: 3520 | AA21: 0 | AB21: 900 | AC21: 0 | AD21: 0
A22: Total Stock On Hand | D22: =D20+D21 -> 28210 | E22: =E20+E21 -> 11300 | F22: =F20+F21 -> 0 | G22: =G20+G21 -> 0 | H22: =H20+H21 -> #REF! | I22: =I20+I21 -> #REF! | J22: =J20+J21 -> 0 | K22: =K20+K21 -> 0 | ... AD22: =AD20+AD21 -> 96
A23: Less: Total Weekly Consumption | D23: =68*62 -> 4216 | E23: =D23/62*25 -> 1700 | F23: 0 | G23: =F23/36*25 -> 0 | H23: =#REF! -> #REF! | I23: =#REF! -> #REF! | J23: 0 | K23: =J23/208*25 -> 0 | L23: 0 | M23: =L23/150*25 -> 0 | N23: 0 | O23: =N23/150*20 -> 0 | P23: 0 | Q23: =P23/91*25 -> 0 | R23: 0 | S23: =R23/135*25 -> 0 | T23: - | U23: 0 | W23: 136 | X23: 40 | Y23: 346 | Z23: 304 | AA23: 500 | AB23: 200 | AC23: 0 | AD23: 0
A24: 45312 | B24: Remaining Stock Balance | D24: =D22-D23 -> 23994 | E24: =E22-E23 -> 9600 | F24: =F22-F23 -> 0 | G24: =G22-G23 -> 0 | H24: =H22-H23 -> #REF! | I24: =I22-I23 -> #REF! | J24: =J22-J23 -> 0 | K24: =K22-K23 -> 0 | ... AD24: =AD22-AD23 -> 96
A27: Prepared by: | E27: Checked by: | R27: Certified correct by: | W27: Certified Correct by:
A30: MR. VINREY C. VERCIDE | E30: MR. EDWIN B. BATAL | R30: ENGR. EDWIN B. BATAL | W30: ENGR. JOHN PAUHL T. NAVARRO
A31: Drill and Blast Engineer | E31: Mine Explosives Asst. Manager | R31: Mine Explosive Asst. Manager | W31: Tigerway Project Manager
A32: Mount Rock Powder Corp. | E32: PHILSAGA MINING CORPORATION | V32: Mine Explosives Manager | W32: PHILSAGA MINING CORPORATION
A33: Blaster License: FDJ10-081821-0637 | E33: Blaster License: FKB15 - 080917- 04561

Sheet 1-22-28,2024
A10: EXPLOSIVES WEEKLY CONSUMPTION - TIGERWAY DECLINE PROJECT
A11: JANUARY 22-28,2024
A14: SUPPLIER | D14: MT. ROCK
A16: DATE | B16: DESCRIPTION | D16: EMULSION | F16: EMULSION | H16: Dyna | J16: EMULSION | L16: EMULSION | N16: Dyna | P16: EMULSION | R16: EMULSION | T16: Pentex | U16: Anfo | V16: S/Fuse | W16: S/Fuse | X16: OBC | Y16: SHOCKSTAR | Z16: SUPREME | AA16: NEOCORD | AB16: DETCORD | AC16: Billwire | AD16: EBC
D17: 62 | F17: 62 | H17: 200 | J17: 208 | L17: 150 | N17: 150 | P17: 91 | R17: 135 | T17: Spider | V17: (savings) | Y17: 4.8 | Z17: 4.9 | AA17: 10 | AB17: 40
D18: Neogel 901 | F18: Emulex | H18: Superdyne | J18: EMULEX | L18: Super Power | N18: Senatel/Pulsar | P18: Netro EM | R18: Senatel/Pulsar
D19: Pcs | E19: Kls | F19: Pcs | G19: Kls | H19: Pcs | I19: Kls | J19: Pcs | K19: Kls | L19: Pcs | M19: Kls | N19: Pcs | O19: Kls | P19: Pcs | Q19: Kls | R19: Pcs | S19: Kls | T19: Pcs | U19: Kls | V19: Mtrs | W19: Mtrs | X19: Pcs | Y19: Pcs | Z19: Pcs | AA19: Mtrs | AB19: Mtrs | AC19: Mtrs | AD19: Pcs
A20: 45313 | B20: Beginning Balance | D20: ='1-15-21,2024'!D24 -> 23994 | E20: ='1-15-21,2024'!E24 -> 9600 | F20: ='1-15-21,2024'!F24 -> 0 | G20: ='1-15-21,2024'!G24 -> 0 | H20: ='1-15-21,2024'!H24 -> #REF! | I20: ='1-15-21,2024'!I24 -> #REF! | J20: ='1-15-21,2024'!J24 -> 0 | K20: ='1-15-21,2024'!K24 -> 0 | ... AD20: ='1-15-21,2024'!AD24 -> 96
A21: Entry From Consignee Magazine | D21: =100*62 -> 6200 | E21: =D21/62*25 -> 2500 | F21: =150*62 -> 9300 | G21: =F21/62*25 -> 3750 | P21: 0 | Q21: =P21/91*25 -> 0 | U21: 0
A22: Total Stock On Hand | D22: =D20+D21 -> 30194 | E22: =E20+E21 -> 12100 | F22: =F20+F21 -> 9300 | G22: =G20+G21 -> 3750 | H22: =H20+H21 -> #REF! | I22: =I20+I21 -> #REF! | J22: =J20+J21 -> 0 | K22: =K20+K21 -> 0 | ... AD22: =AD20+AD21 -> 96
A23: Less: Total Weekly Consumption | D23: =81*62 -> 5022 | E23: =D23/62*25 -> 2025 | F23: 0 | G23: =F23/36*25 -> 0 | H23: =#REF! -> #REF! | I23: =#REF! -> #REF! | J23: 0 | K23: =J23/208*25 -> 0 | L23: 0 | M23: =L23/150*25 -> 0 | N23: 0 | O23: =N23/150*20 -> 0 | P23: 0 | Q23: =P23/91*25 -> 0 | R23: 0 | S23: =R23/135*25 -> 0 | T23: - | U23: 0 | W23: 188 | X23: 51 | Y23: 568 | Z23: 399 | AA23: 295 | AB23: 400 | AC23: 0 | AD23: 0
A24: 45319 | B24: Remaining Stock Balance | D24: =D22-D23 -> 25172 | E24: =E22-E23 -> 10075 | F24: =F22-F23 -> 9300 | G24: =G22-G23 -> 3750 | H24: =H22-H23 -> #REF! | I24: =I22-I23 -> #REF! | J24: =J22-J23 -> 0 | K24: =K22-K23 -> 0 | ... AD24: =AD22-AD23 -> 96
A27: Prepared by: | E27: Checked by: | R27: Certified correct by: | W27: Certified Correct by:
A30: MR. VINREY C. VERCIDE | E30: MR. EDWIN B. BATAL | R30: ENGR. EDWIN B. BATAL | W30: ENGR. JOHN PAUHL T. NAVARRO
A31: Drill and Blast Engineer | E31: Mine Explosives Asst. Manager | R31: Mine Explosive Asst. Manager | W31: Tigerway Project Manager
A32: Mount Rock Powder Corp. | E32: PHILSAGA MINING CORPORATION | V32: Mine Explosives Manager | W32: PHILSAGA MINING CORPORATION
A33: Blaster License: FDJ10-081821-0637 | E33: Blaster License: FKB15 - 080917- 04561

Sheet 1-29-2-4,2024
A10: EXPLOSIVES WEEKLY CONSUMPTION - TIGERWAY DECLINE PROJECT
A11: JANUARY 29 - FEBRUARY 4,2024
A14: SUPPLIER | D14: MT. ROCK
A16: DATE | B16: DESCRIPTION | D16: EMULSION | F16: EMULSION | H16: Dyna | J16: EMULSION | L16: EMULSION | N16: Dyna | P16: EMULSION | R16: EMULSION | T16: Pentex | U16: Anfo | V16: S/Fuse | W16: S/Fuse | X16: OBC | Y16: SHOCKSTAR | Z16: SUPREME | AA16: NEOCORD | AB16: DETCORD | AC16: Billwire | AD16: EBC
D17: 62 | F17: 36 | H17: 200 | J17: 208 | L17: 150 | N17: 150 | P17: 91 | R17: 135 | T17: Spider | V17: (savings) | Y17: 4.8 | Z17: 4.9 | AA17: 10 | AB17: 40
D18: Neogel 901 | F18: Emulex | H18: Superdyne | J18: EMULEX | L18: Super Power | N18: Senatel/Pulsar | P18: Netro EM | R18: Senatel/Pulsar
D19: Pcs | E19: Kls | F19: Pcs | G19: Kls | H19: Pcs | I19: Kls | J19: Pcs | K19: Kls | L19: Pcs | M19: Kls | N19: Pcs | O19: Kls | P19: Pcs | Q19: Kls | R19: Pcs | S19: Kls | T19: Pcs | U19: Kls | V19: Mtrs | W19: Mtrs | X19: Pcs | Y19: Pcs | Z19: Pcs | AA19: Mtrs | AB19: Mtrs | AC19: Mtrs | AD19: Pcs
A20: 45320 | B20: Beginning Balance | D20: ='1-22-28,2024'!D24 -> 25172 | E20: ='1-22-28,2024'!E24 -> 10075 | F20: =150*36 -> 5400 | G20: =F20/36*25 -> 3750 | H20: ='1-22-28,2024'!H24 -> #REF! | I20: ='1-22-28,2024'!I24 -> #REF! | J20: ='1-22-28,2024'!J24 -> 0 | K20: ='1-22-28,2024'!K24 -> 0 | L20: ='1-22-28,2024'!L24 -> 0 | M20: ='1-22-28,2024'!M24 -> 0 | N20: ='1-22-28,2024'!N24 -> #REF! | O20: ='1-22-28,2024'!O24 -> #REF! | ... AD20: ='1-22-28,2024'!AD24 -> 96
A21: Entry From Consignee Magazine
A22: Total Stock On Hand | D22: =D20+D21 -> 25172 | E22: =E20+E21 -> 10075 | F22: =F20+F21 -> 5400 | G22: =G20+G21 -> 3750 | H22: =H20+H21 -> #REF! | I22: =I20+I21 -> #REF! | J22: =J20+J21 -> 0 | K22: =K20+K21 -> 0 | ... AD22: =AD20+AD21 -> 96
A23: Less: Total Weekly Consumption | D23: =25*62 -> 1550 | E23: =D23/62*25 -> 625 | F23: 0 | G23: =F23/36*25 -> 0 | H23: =#REF! -> #REF! | I23: =#REF! -> #REF! | J23: 0 | K23: =J23/208*25 -> 0 | L23: 0 | M23: =L23/150*25 -> 0 | N23: 0 | O23: =N23/150*20 -> 0 | P23: 0 | Q23: =P23/91*25 -> 0 | R23: 0 | S23: =R23/135*25 -> 0 | T23: - | U23: =39*25 -> 975 | W23: 68 | X23: 25 | Y23: 224 | Z23: 114 | AA23: 135 | AB23: 0 | AC23: 0 | AD23: 0
A24: 45326 | B24: Remaining Stock Balance | D24: =D22-D23 -> 23622 | E24: =E22-E23 -> 9450 | F24: =F22-F23 -> 5400 | G24: =G22-G23 -> 3750 | H24: =H22-H23 -> #REF! | I24: =I22-I23 -> #REF! | J24: =J22-J23 -> 0 | K24: =K22-K23 -> 0 | ... AD24: =AD22-AD23 -> 96
A27: Prepared by: | E27: Checked by: | R27: Certified correct by: | W27: Certified Correct by:
A30: MR. JUN RAY C. ENDICO | E30: MR. EDWIN B. BATAL | R30: ENGR. EDWIN B. BATAL | W30: ENGR. JOHN PAUHL T. NAVARRO
A31: Drill and Blast Engineer | E31: Mine Explosives Asst. Manager | R31: Mine Explosive Asst. Manager | W31: Tigerway Project Manager
A32: Mount Rock Powder Corp. | E32: PHILSAGA MINING CORPORATION | V32: Mine Explosives Manager | W32: PHILSAGA MINING CORPORATION
A33: Blaster License: FPDJ10-090819-04922 | E33: Blaster License: FKB15 - 080917- 04561

Sheet 2-5-11,2024
A10: EXPLOSIVES WEEKLY CONSUMPTION - TIGERWAY DECLINE PROJECT
A11: FEBRUARY 5-11,2024
A14: SUPPLIER | D14: MT. ROCK
A16: DATE | B16: DESCRIPTION | D16: EMULSION | F16: EMULSION | H16: Dyna | J16: EMULSION | L16: EMULSION | N16: Dyna | P16: EMULSION | R16: EMULSION | T16: Pentex | U16: Anfo | V16: S/Fuse | W16: S/Fuse | X16: OBC | Y16: SHOCKSTAR | Z16: SUPREME | AA16: NEOCORD | AB16: DETCORD | AC16: Billwire | AD16: EBC
D17: 62 | F17: 36 | H17: 200 | J17: 208 | L17: 150 | N17: 150 | P17: 91 | R17: 135 | T17: Spider | V17: (savings) | Y17: 4.8 | Z17: 4.9 | AA17: 10 | AB17: 40
D18: Neogel 901 | F18: Emulex | H18: Superdyne | J18: EMULEX | L18: Super Power | N18: Senatel/Pulsar | P18: Netro EM | R18: Senatel/Pulsar
D19: Pcs | E19: Kls | F19: Pcs | G19: Kls | H19: Pcs | I19: Kls | J19: Pcs | K19: Kls | L19: Pcs | M19: Kls | N19: Pcs | O19: Kls | P19: Pcs | Q19: Kls | R19: Pcs | S19: Kls | T19: Pcs | U19: Kls | V19: Mtrs | W19: Mtrs | X19: Pcs | Y19: Pcs | Z19: Pcs | AA19: Mtrs | AB19: Mtrs | AC19: Mtrs | AD19: Pcs
A20: 45327 | B20: Beginning Balance | D20: ='1-29-2-4,2024'!D24 -> 23622 | E20: ='1-29-2-4,2024'!E24 -> 9450 | F20: ='1-29-2-4,2024'!F24 -> 5400 | G20: ='1-29-2-4,2024'!G24 -> 3750 | H20: ='1-29-2-4,2024'!H24 -> #REF! | I20: ='1-29-2-4,2024'!I24 -> #REF! | J20: ='1-29-2-4,2024'!J24 -> 0 | K20: ='1-29-2-4,2024'!K24 -> 0 | ... T20: ='1-29-2-4,2024'!T24 -> #REF! | U20: =39*25 -> 975 | V20: ='1-29-2-4,2024'!V24 -> #REF! | W20: ='1-29-2-4,2024'!W24 -> 2781 | X20: ='1-29-2-4,2024'!X24 -> 329 | Y20: ='1-29-2-4,2024'!Y24 -> 4249 | Z20: ='1-29-2-4,2024'!Z24 -> 8055 | AA20: ='1-29-2-4,2024'!AA24 -> 2980 | AB20: ='1-29-2-4,2024'!AB24 -> 2160 | AC20: ='1-29-2-4,2024'!AC24 -> 300 | AD20: ='1-29-2-4,2024'!AD24 -> 96
A21: Entry From Consignee Magazine
A22: Total Stock On Hand | D22: =D20+D21 -> 23622 | E22: =E20+E21 -> 9450 | F22: =F20+F21 -> 5400 | G22: =G20+G21 -> 3750 | H22: =H20+H21 -> #REF! | I22: =I20+I21 -> #REF! | J22: =J20+J21 -> 0 | K22: =K20+K21 -> 0 | ... AD22: =AD20+AD21 -> 96
A23: Less: Total Weekly Consumption | D23: =62*41 -> 2542 | E23: =D23/62*25 -> 1025 | F23: 0 | G23: =F23/36*25 -> 0 | H23: =#REF! -> #REF! | I23: =#REF! -> #REF! | J23: 0 | K23: =J23/208*25 -> 0 | L23: 0 | M23: =L23/150*25 -> 0 | N23: 0 | O23: =N23/150*20 -> 0 | P23: 0 | Q23: =P23/91*25 -> 0 | R23: 0 | S23: =R23/135*25 -> 0 | T23: - | U23: 0 | W23: 96 | X23: 40 | Y23: 472 | Z23: 181 | AA23: 240 | AB23: 0 | AC23: 0 | AD23: 0
A24: 45333 | B24: Remaining Stock Balance | D24: =D22-D23 -> 21080 | E24: =E22-E23 -> 8425 | F24: =F22-F23 -> 5400 | G24: =G22-G23 -> 3750 | H24: =H22-H23 -> #REF! | I24: =I22-I23 -> #REF! | J24: =J22-J23 -> 0 | K24: =K22-K23 -> 0 | ... AD24: =AD22-AD23 -> 96
A27: Prepared by: | E27: Checked by: | R27: Certified correct by: | W27: Certified Correct by:
A30: MR. JUN RAY C. ENDICO | E30: MR. RAFFY D. TORRES | R30: ENGR. EDWIN B. BATAL | W30: ENGR. JOHN PAUHL T. NAVARRO
A31: Drill and Blast Engineer | E31: Mine Explosives Manager | R31: Mine Explosive Asst. Manager | W31: Tigerway Project Manager
A32: Mount Rock Powder Corp. | E32: PHILSAGA MINING CORPORATION | V32: Mine Explosives Manager | W32: PHILSAGA MINING CORPORATION
A33: Blaster License: FPDJ10-090819-04922 | E33: Blaster License: FKB15 - 080917- 04562

Sheet 2-12-18,2024
A10: EXPLOSIVES WEEKLY CONSUMPTION - TIGERWAY DECLINE PROJECT
A11: FEBRUARY 12-18,2024
A14: SUPPLIER | D14: MT. ROCK
A16: DATE | B16: DESCRIPTION | D16: EMULSION | F16: EMULSION | H16: Dyna | J16: EMULSION | L16: EMULSION | N16: Dyna | P16: EMULSION | R16: EMULSION | T16: Pentex | U16: Anfo | V16: S/Fuse | W16: S/Fuse | X16: OBC | Y16: SHOCKSTAR | Z16: SUPREME | AA16: NEOCORD | AB16: DETCORD | AC16: Billwire | AD16: EBC
D17: 62 | F17: 36 | H17: 200 | J17: 208 | L17: 150 | N17: 150 | P17: 91 | R17: 135 | T17: Spider | V17: (savings) | Y17: 4.8 | Z17: 4.9 | AA17: 10 | AB17: 40
D18: Neogel 901 | F18: Emulex | H18: Superdyne | J18: EMULEX | L18: Super Power | N18: Senatel/Pulsar | P18: Netro EM | R18: Senatel/Pulsar
D19: Pcs | E19: Kls | F19: Pcs | G19: Kls | H19: Pcs | I19: Kls | J19: Pcs | K19: Kls | L19: Pcs | M19: Kls | N19: Pcs | O19: Kls | P19: Pcs | Q19: Kls | R19: Pcs | S19: Kls | T19: Pcs | U19: Kls | V19: Mtrs | W19: Mtrs | X19: Pcs | Y19: Pcs | Z19: Pcs | AA19: Mtrs | AB19: Mtrs | AC19: Mtrs | AD19: Pcs
A20: 45334 | B20: Beginning Balance | D20: ='2-5-11,2024'!D24 -> 21080 | E20: ='2-5-11,2024'!E24 -> 8425 | F20: ='2-5-11,2024'!F24 -> 5400 | G20: ='2-5-11,2024'!G24 -> 3750 | H20: ='2-5-11,2024'!H24 -> #REF! | I20: ='2-5-11,2024'!I24 -> #REF! | J20: ='2-5-11,2024'!J24 -> 0 | K20: ='2-5-11,2024'!K24 -> 0 | ... Y20: ='2-5-11,2024'!Y24 -> 3777 | Z20: 7878 | AA20: ='2-5-11,2024'!AA24 -> 2740 | AB20: ='2-5-11,2024'!AB24 -> 2160 | AC20: ='2-5-11,2024'!AC24 -> 300 | AD20: ='2-5-11,2024'!AD24 -> 96
A21: Entry From Consignee Magazine
A22: Total Stock On Hand | D22: =D20+D21 -> 21080 | E22: =E20+E21 -> 8425 | F22: =F20+F21 -> 5400 | G22: =G20+G21 -> 3750 | H22: =H20+H21 -> #REF! | I22: =I20+I21 -> #REF! | J22: =J20+J21 -> 0 | K22: =K20+K21 -> 0 | ... AD22: =AD20+AD21 -> 96
A23: Less: Total Weekly Consumption | D23: =59*62 -> 3658 | E23: =D23/62*25 -> 1475 | F23: 0 | G23: =F23/36*25 -> 0 | H23: =#REF! -> #REF! | I23: =#REF! -> #REF! | J23: 0 | K23: =J23/208*25 -> 0 | L23: 0 | M23: =L23/150*25 -> 0 | N23: 0 | O23: =N23/150*20 -> 0 | P23: 0 | Q23: =P23/91*25 -> 0 | R23: 0 | S23: =R23/135*25 -> 0 | T23: - | U23: 0 | W23: 120 | X23: 40 | Y23: 458 | Z23: 253 | AA23: 400 | AB23: 375 | AC23: 0 | AD23: 0
A24: 45340 | B24: Remaining Stock Balance | D24: =D22-D23 -> 17422 | E24: =E22-E23 -> 6950 | F24: =F22-F23 -> 5400 | G24: =G22-G23 -> 3750 | H24: =H22-H23 -> #REF! | I24: =I22-I23 -> #REF! | J24: =J22-J23 -> 0 | K24: =K22-K23 -> 0 | ... AD24: =AD22-AD23 -> 96
A27: Prepared by: | E27: Checked by: | R27: Certified correct by: | W27: Certified Correct by:
A30: MR. VINREY C. VERCIDE | E30: MR. RAFFY D. TORRES | R30: ENGR. EDWIN B. BATAL | W30: ENGR. JOHN PAUHL T. NAVARRO
A31: Drill and Blast Engineer | E31: Mine Explosives Manager | R31: Mine Explosive Asst. Manager | W31: Tigerway Project Manager
A32: Mount Rock Powder Corp. | E32: PHILSAGA MINING CORPORATION | V32: Mine Explosives Manager | W32: PHILSAGA MINING CORPORATION
A33: Blaster License: FDJ10-081821-0637 | E33: Blaster License: FKB15 - 080917- 04562

Sheet 2-19-25,2024
A10: EXPLOSIVES WEEKLY CONSUMPTION - TIGERWAY DECLINE PROJECT
A11: FEBRUARY 19-25,2024
A14: SUPPLIER | D14: MT. ROCK
A16: DATE | B16: DESCRIPTION | D16: EMULSION | F16: EMULSION | H16: Dyna | J16: EMULSION | L16: EMULSION | N16: Dyna | P16: EMULSION | R16: EMULSION | T16: Pentex | U16: Anfo | V16: S/Fuse | W16: S/Fuse | X16: OBC | Y16: SHOCKSTAR | Z16: SUPREME | AA16: NEOCORD | AB16: DETCORD | AC16: Billwire | AD16: EBC
D17: 62 | F17: 36 | H17: 200 | J17: 208 | L17: 150 | N17: 150 | P17: 91 | R17: 135 | T17: Spider | V17: (savings) | Y17: 4.8 | Z17: 4.9 | AA17: 10 | AB17: 40
D18: Neogel 901 | F18: Emulex | H18: Superdyne | J18: EMULEX | L18: Super Power | N18: Senatel/Pulsar | P18: Netro EM | R18: Senatel/Pulsar
D19: Pcs | E19: Kls | F19: Pcs | G19: Kls | H19: Pcs | I19: Kls | J19: Pcs | K19: Kls | L19: Pcs | M19: Kls | N19: Pcs | O19: Kls | P19: Pcs | Q19: Kls | R19: Pcs | S19: Kls | T19: Pcs | U19: Kls | V19: Mtrs | W19: Mtrs | X19: Pcs | Y19: Pcs | Z19: Pcs | AA19: Mtrs | AB19: Mtrs | AC19: Mtrs | AD19: Pcs
A20: 45341 | B20: Beginning Balance | D20: ='2-12-18,2024'!D24 -> 17422 | E20: ='2-12-18,2024'!E24 -> 6950 | F20: ='2-12-18,2024'!F24 -> 5400 | G20: ='2-12-18,2024'!G24 -> 3750 | H20: ='2-12-18,2024'!H24 -> #REF! | I20: ='2-12-18,2024'!I24 -> #REF! | J20: ='2-12-18,2024'!J24 -> 0 | K20: ='2-12-18,2024'!K24 -> 0 | ... AD20: ='2-12-18,2024'!AD24 -> 96
A21: Entry From Consignee Magazine
A22: Total Stock On Hand | D22: =D20+D21 -> 17422 | E22: =E20+E21 -> 6950 | F22: =F20+F21 -> 5400 | G22: =G20+G21 -> 3750 | H22: =H20+H21 -> #REF! | I22: =I20+I21 -> #REF! | J22: =J20+J21 -> 0 | K22: =K20+K21 -> 0 | ... AD22: =AD20+AD21 -> 96
A23: Less: Total Weekly Consumption | D23: =41*62 -> 2542 | E23: =D23/62*25 -> 1025 | F23: =28*36 -> 1008 | G23: =F23/36*25 -> 700 | H23: =#REF! -> #REF! | I23: =#REF! -> #REF! | J23: 0 | K23: =J23/208*25 -> 0 | L23: 0 | M23: =L23/150*25 -> 0 | N23: 0 | O23: =N23/150*20 -> 0 | P23: 0 | Q23: =P23/91*25 -> 0 | R23: 0 | S23: =R23/135*25 -> 0 | T23: - | U23: 0 | W23: 130 | X23: 30 | Y23: 396 | Z23: 307 | AA23: 525 | AB23: 550 | AC23: 0 | AD23: 0
A24: 45347 | B24: Remaining Stock Balance | D24: =D22-D23 -> 14880 | E24: =E22-E23 -> 5925 | F24: =F22-F23 -> 4392 | G24: =G22-G23 -> 3050 | H24: =H22-H23 -> #REF! | I24: =I22-I23 -> #REF! | J24: =J22-J23 -> 0 | K24: =K22-K23 -> 0 | ... AD24: =AD22-AD23 -> 96
A27: Prepared by: | E27: Checked by: | R27: Certified correct by: | W27: Certified Correct by:
A30: MR. VINREY C. VERCIDE | E30: MR. RAFFY D. TORRES | R30: ENGR. EDWIN B. BATAL | W30: ENGR. JOHN PAUHL T. NAVARRO
A31: Drill and Blast Engineer | E31: Mine Explosives Manager | R31: Mine Explosive Asst. Manager | W31: Tigerway Project Manager
A32: Mount Rock Powder Corp. | E32: PHILSAGA MINING CORPORATION | V32: Mine Explosives Manager | W32: PHILSAGA MINING CORPORATION
A33: Blaster License: FDJ10-081821-0637 | E33: Blaster License: FKB15 - 080917- 04562

Sheet 2-26-3-3,2024
A10: EXPLOSIVES WEEKLY CONSUMPTION - TIGERWAY DECLINE PROJECT
A11: FEBRUARY 26 - MARCH 3,2024
A14: SUPPLIER | D14: MT. ROCK
A16: DATE | B16: DESCRIPTION | D16: EMULSION | F16: EMULSION | H16: Dyna | J16: EMULSION | L16: EMULSION | N16: Dyna | P16: EMULSION | R16: EMULSION | T16: Pentex | U16: Anfo | V16: S/Fuse | W16: S/Fuse | X16: OBC | Y16: SHOCKSTAR | Z16: SUPREME | AA16: NEOCORD | AB16: DETCORD | AC16: Billwire | AD16: EBC
D17: 62 | F17: 36 | H17: 200 | J17: 208 | L17: 150 | N17: 150 | P17: 91 | R17: 135 | T17: Spider | V17: (savings) | Y17: 4.8 | Z17: 4.9 | AA17: 10 | AB17: 40
D18: Neogel 901 | F18: Emulex | H18: Superdyne | J18: EMULEX | L18: Super Power | N18: Senatel/Pulsar | P18: Netro EM | R18: Senatel/Pulsar
D19: Pcs | E19: Kls | F19: Pcs | G19: Kls | H19: Pcs | I19: Kls | J19: Pcs | K19: Kls | L19: Pcs | M19: Kls | N19: Pcs | O19: Kls | P19: Pcs | Q19: Kls | R19: Pcs | S19: Kls | T19: Pcs | U19: Kls | V19: Mtrs | W19: Mtrs | X19: Pcs | Y19: Pcs | Z19: Pcs | AA19: Mtrs | AB19: Mtrs | AC19: Mtrs | AD19: Pcs
A20: 45348 | B20: Beginning Balance | D20: ='2-19-25,2024'!D24 -> 14880 | E20: ='2-19-25,2024'!E24 -> 5925 | F20: ='2-19-25,2024'!F24 -> 4392 | G20: ='2-19-25,2024'!G24 -> 3050 | H20: ='2-19-25,2024'!H24 -> #REF! | I20: ='2-19-25,2024'!I24 -> #REF! | J20: ='2-19-25,2024'!J24 -> 0 | K20: ='2-19-25,2024'!K24 -> 0 | ... AD20: ='2-19-25,2024'!AD24 -> 96
A21: Entry From Consignee Magazine
A22: Total Stock On Hand | D22: =D20+D21 -> 14880 | E22: =E20+E21 -> 5925 | F22: =F20+F21 -> 4392 | G22: =G20+G21 -> 3050 | H22: =H20+H21 -> #REF! | I22: =I20+I21 -> #REF! | J22: =J20+J21 -> 0 | K22: =K20+K21 -> 0 | ... AD22: =AD20+AD21 -> 96
A23: Less: Total Weekly Consumption | D23: =24*62 -> 1488 | E23: =D23/62*25 -> 600 | F23: =62*36 -> 2232 | G23: =F23/36*25 -> 1550 | H23: =#REF! -> #REF! | I23: =#REF! -> #REF! | J23: 0 | K23: =J23/208*25 -> 0 | L23: 0 | M23: =L23/150*25 -> 0 | N23: 0 | O23: =N23/150*20 -> 0 | P23: 0 | Q23: =P23/91*25 -> 0 | R23: 0 | S23: =R23/135*25 -> 0 | T23: - | U23: 0 | W23: 170 | X23: 40 | Y23: 448 | Z23: 493 | AA23: 625 | AB23: 600 | AC23: 0 | AD23: 0
A24: 45354 | B24: Remaining Stock Balance | D24: =D22-D23 -> 13392 | E24: =E22-E23 -> 5325 | F24: =F22-F23 -> 2160 | G24: =G22-G23 -> 1500 | H24: =H22-H23 -> #REF! | I24: =I22-I23 -> #REF! | J24: =J22-J23 -> 0 | K24: =K22-K23 -> 0 | ... AD24: =AD22-AD23 -> 96
A27: Prepared by: | E27: Checked by: | R27: Certified correct by: | W27: Certified Correct by:
A30: MR. VINREY C. VERCIDE | E30: MR. EDWIN B. BATAL | R30: ENGR. EDWIN B. BATAL | W30: ENGR. JOHN PAUHL T. NAVARRO
A31: Drill and Blast Engineer | E31: Mine Explosives Asst. Manager | R31: Mine Explosive Asst. Manager | W31: Tigerway Project Manager
A32: Mount Rock Powder Corp. | E32: PHILSAGA MINING CORPORATION | V32: Mine Explosives Manager | W32: PHILSAGA MINING CORPORATION
A33: Blaster License: FDJ10-081821-0637 | E33: Blaster License: FKB15 - 080917- 04562

Sheet 3-4-10,2024
A10: EXPLOSIVES WEEKLY CONSUMPTION - TIGERWAY DECLINE PROJECT
A11: MARCH 4-10,2024
A14: SUPPLIER | D14: MT. ROCK
A16: DATE | B16: DESCRIPTION | D16: EMULSION | F16: EMULSION | H16: Dyna | J16: EMULSION | L16: EMULSION | N16: Dyna | P16: EMULSION | R16: EMULSION | T16: Pentex | U16: Anfo | V16: S/Fuse | W16: S/Fuse | X16: OBC | Y16: SHOCKSTAR | Z16: SUPREME | AA16: NEOCORD | AB16: DETCORD | AC16: Billwire | AD16: EBC
D17: 62 | F17: 36 | H17: 200 | J17: 208 | L17: 150 | N17: 150 | P17: 91 | R17: 135 | T17: Spider | V17: (savings) | Y17: 4.8 | Z17: 4.9 | AA17: 10 | AB17: 40
D18: Neogel 901 | F18: Emulex | H18: Superdyne | J18: EMULEX | L18: Super Power | N18: Senatel/Pulsar | P18: Netro EM | R18: Senatel/Pulsar
D19: Pcs | E19: Kls | F19: Pcs | G19: Kls | H19: Pcs | I19: Kls | J19: Pcs | K19: Kls | L19: Pcs | M19: Kls | N19: Pcs | O19: Kls | P19: Pcs | Q19: Kls | R19: Pcs | S19: Kls | T19: Pcs | U19: Kls | V19: Mtrs | W19: Mtrs | X19: Pcs | Y19: Pcs | Z19: Pcs | AA19: Mtrs | AB19: Mtrs | AC19: Mtrs | AD19: Pcs
A20: 45355 | B20: Beginning Balance | D20: =231*62 -> 14322 | E20: ='2-26-3-3,2024'!E24 -> 5325 | F20: =100*36 -> 3600 | G20: ='2-26-3-3,2024'!G24 -> 1500 | H20: ='2-26-3-3,2024'!H24 -> #REF! | I20: ='2-26-3-3,2024'!I24 -> #REF! | J20: ='2-26-3-3,2024'!J24 -> 0 | K20: ='2-26-3-3,2024'!K24 -> 0 | L20: ='2-26-3-3,2024'!L24 -> 0 | M20: ='2-26-3-3,2024'!M24 -> 0 | N20: ='2-26-3-3,2024'!N24 -> #REF! | ... V20: ='2-26-3-3,2024'!V24 -> #REF! | W20: 2365 | X20: 204 | Y20: 2765 | Z20: 7168 | AA20: 1575 | AB20: 1010 | AC20: ='2-26-3-3,2024'!AC24 -> 300 | AD20: ='2-26-3-3,2024'!AD24 -> 96
A21: Entry From Consignee Magazine | F21: =250*36 -> 9000 | G21: =F21/62*25 -> 3629.0323 | P21: 0 | Q21: =P21/91*25 -> 0 | U21: 0 | X21: 200 | Y21: 1200 | AA21: 4000 | AB21: 1200
A22: Total Stock On Hand | D22: =D20+D21 -> 14322 | E22: =E20+E21 -> 5325 | F22: =F20+F21 -> 12600 | G22: =G20+G21 -> 5129.0323 | H22: =H20+H21 -> #REF! | I22: =I20+I21 -> #REF! | J22: =J20+J21 -> 0 | K22: =K20+K21 -> 0 | ... AD22: =AD20+AD21 -> 96
A23: Less: Total Weekly Consumption | D23: =39*62 -> 2418 | E23: =D23/62*25 -> 975 | F23: =52*36 -> 1872 | G23: =F23/36*25 -> 1300 | H23: =#REF! -> #REF! | I23: =#REF! -> #REF! | J23: 0 | K23: =J23/208*25 -> 0 | L23: 0 | M23: =L23/150*25 -> 0 | N23: 0 | O23: =N23/150*20 -> 0 | P23: 0 | Q23: =P23/91*25 -> 0 | R23: 0 | S23: =R23/135*25 -> 0 | T23: - | U23: 0 | W23: 160 | X23: 35 | Y23: 416 | Z23: 506 | AA23: 690 | AB23: 560 | AC23: 0 | AD23: 0
A24: 45361 | B24: Remaining Stock Balance | D24: =D22-D23 -> 11904 | E24: =E22-E23 -> 4350 | F24: =F22-F23 -> 10728 | G24: =G22-G23 -> 3829.0323 | H24: =H22-H23 -> #REF! | I24: =I22-I23 -> #REF! | J24: =J22-J23 -> 0 | K24: =K22-K23 -> 0 | ... AD24: =AD22-AD23 -> 96
A27: Prepared by: | E27: Checked by: | R27: Certified correct by: | W27: Certified Correct by:
A30: MR. VINREY C. VERCIDE | E30: MR. EDWIN B. BATAL | R30: ENGR. EDWIN B. BATAL | W30: ENGR. JOHN PAUHL T. NAVARRO
A31: Drill and Blast Engineer | E31: Mine Explosives Asst. Manager | R31: Mine Explosive Asst. Manager | W31: Tigerway Project Manager
A32: Mount Rock Powder Corp. | E32: PHILSAGA MINING CORPORATION | V32: Mine Explosives Manager | W32: PHILSAGA MINING CORPORATION
A33: Blaster License: FDJ10-081821-0637 | E33: Blaster License: FKB15 - 080917- 04562

Sheet 3-11-17,2024
A10: EXPLOSIVES WEEKLY CONSUMPTION - TIGERWAY DECLINE PROJECT
A11: MARCH 11-17,2024
A14: SUPPLIER | D14: MT. ROCK
A16: DATE | B16: DESCRIPTION | D16: EMULSION | F16: EMULSION | H16: Dyna | J16: EMULSION | L16: EMULSION | N16: Dyna | P16: EMULSION | R16: EMULSION | T16: Pentex | U16: Anfo | V16: S/Fuse | W16: S/Fuse | X16: OBC | Y16: SHOCKSTAR | Z16: SUPREME | AA16: NEOCORD | AB16: DETCORD | AC16: Billwire | AD16: EBC
D17: 62 | F17: 36 | H17: 200 | J17: 208 | L17: 150 | N17: 150 | P17: 91 | R17: 135 | T17: Spider | V17: (savings) | Y17: 4.8 | Z17: 4.9 | AA17: 10 | AB17: 40
D18: Neogel 901 | F18: Emulex | H18: Superdyne | J18: EMULEX | L18: Super Power | N18: Senatel/Pulsar | P18: Netro EM | R18: Senatel/Pulsar
D19: Pcs | E19: Kls | F19: Pcs | G19: Kls | H19: Pcs | I19: Kls | J19: Pcs | K19: Kls | L19: Pcs | M19: Kls | N19: Pcs | O19: Kls | P19: Pcs | Q19: Kls | R19: Pcs | S19: Kls | T19: Pcs | U19: Kls | V19: Mtrs | W19: Mtrs | X19: Pcs | Y19: Pcs | Z19: Pcs | AA19: Mtrs | AB19: Mtrs | AC19: Mtrs | AD19: Pcs
A20: 45362 | B20: Beginning Balance | D20: =11904+434 -> 12338 | E20: =D20/62*25 -> 4975 | F20: =10728-1728 -> 9000 | G20: =F20/36*25 -> 6250 | H20: ='3-4-10,2024'!H24 -> #REF! | I20: ='3-4-10,2024'!I24 -> #REF! | J20: ='3-4-10,2024'!J24 -> 0 | K20: ='3-4-10,2024'!K24 -> 0 | L20: ='3-4-10,2024'!L24 -> 0 | M20: ='3-4-10,2024'!M24 -> 0 | N20: ='3-4-10,2024'!N24 -> #REF! | O20: ='3-4-10,2024'!O24 -> #REF! | ... V20: ='3-4-10,2024'!V24 -> #REF! | W20: =2205-125 -> 2080 | X20: =369-30 -> 339 | Y20: =3549-348 -> 3201 | Z20: =6662-407 -> 6255 | AA20: =4885-475 -> 4410 | AB20: =1650-450 -> 1200 | AC20: 300 | AD20: 96
A21: Entry From Consignee Magazine
A22: Total Stock On Hand | D22: =D20+D21 -> 12338 | E22: =E20+E21 -> 4975 | F22: =F20+F21 -> 9000 | G22: =G20+G21 -> 6250 | H22: =H20+H21 -> #REF! | I22: =I20+I21 -> #REF! | J22: =J20+J21 -> 0 | K22: =K20+K21 -> 0 | ... AD22: =AD20+AD21 -> 96
A23: Less: Total Weekly Consumption | D23: =64*62 -> 3968 | E23: =D23/62*25 -> 1600 | F23: =49*36 -> 1764 | G23: =F23/36*25 -> 1225 | H23: =#REF! -> #REF! | I23: =#REF! -> #REF! | J23: 0 | K23: =J23/208*25 -> 0 | L23: 0 | M23: =L23/150*25 -> 0 | N23: 0 | O23: =N23/150*20 -> 0 | P23: 0 | Q23: =P23/91*25 -> 0 | R23: 0 | S23: =R23/135*25 -> 0 | T23: - | U23: 0 | W23: 170 | X23: 47 | Y23: 476 | Z23: 645 | AA23: 795 | AB23: 525 | AC23: 0 | AD23: 0
A24: 45368 | B24: Remaining Stock Balance | D24: =D22-D23 -> 8370 | E24: =E22-E23 -> 3375 | F24: =F22-F23 -> 7236 | G24: =G22-G23 -> 5025 | H24: =H22-H23 -> #REF! | I24: =I22-I23 -> #REF! | J24: =J22-J23 -> 0 | K24: =K22-K23 -> 0 | ... AD24: =AD22-AD23 -> 96
A27: Prepared by: | E27: Checked by: | R27: Certified correct by: | W27: Certified Correct by:
A30: MR. VINREY C. VERCIDE | E30: MR. RAFFY D. TORRES | R30: ENGR. EDWIN B. BATAL | W30: ENGR. JOHN PAUHL T. NAVARRO
A31: Drill and Blast Engineer | E31: Mine Explosives Manager | R31: Mine Explosive Asst. Manager | W31: Tigerway Project Manager
A32: Mount Rock Powder Corp. | E32: PHILSAGA MINING CORPORATION | V32: Mine Explosives Manager | W32: PHILSAGA MINING CORPORATION
A33: Blaster License: FDJ10-081821-0637 | E33: Blaster License: FKB15 - 080917- 04562

Sheet 3-18-24,2024
A10: EXPLOSIVES WEEKLY CONSUMPTION - TIGERWAY DECLINE PROJECT
A11: MARCH 18-24,2024
A14: SUPPLIER | D14: MT. ROCK
A16: DATE | B16: DESCRIPTION | D16: EMULSION | F16: EMULSION | H16: Dyna | J16: EMULSION | L16: EMULSION | N16: Dyna | P16: EMULSION | R16: EMULSION | T16: Pentex | U16: Anfo | V16: S/Fuse | W16: S/Fuse | X16: OBC | Y16: SHOCKSTAR | Z16: SUPREME | AA16: NEOCORD | AB16: DETCORD | AC16: Billwire | AD16: EBC
D17: 62 | F17: 36 | H17: 200 | J17: 208 | L17: 150 | N17: 150 | P17: 91 | R17: 135 | T17: Spider | V17: (savings) | Y17: 4.8 | Z17: 4.9 | AA17: 10 | AB17: 40
D18: Neogel 901 | F18: Emulex | H18: Superdyne | J18: EMULEX | L18: Super Power | N18: Senatel/Pulsar | P18: Netro EM | R18: Senatel/Pulsar
D19: Pcs | E19: Kls | F19: Pcs | G19: Kls | H19: Pcs | I19: Kls | J19: Pcs | K19: Kls | L19: Pcs | M19: Kls | N19: Pcs | O19: Kls | P19: Pcs | Q19: Kls | R19: Pcs | S19: Kls | T19: Pcs | U19: Kls | V19: Mtrs | W19: Mtrs | X19: Pcs | Y19: Pcs | Z19: Pcs | AA19: Mtrs | AB19: Mtrs | AC19: Mtrs | AD19: Pcs
A20: 45369 | B20: Beginning Balance | D20: ='3-11-17,2024'!D24 -> 8370 | E20: ='3-11-17,2024'!E24 -> 3375 | F20: ='3-11-17,2024'!F24 -> 7236 | G20: ='3-11-17,2024'!G24 -> 5025 | H20: ='3-11-17,2024'!H24 -> #REF! | I20: ='3-11-17,2024'!I24 -> #REF! | J20: ='3-11-17,2024'!J24 -> 0 | K20: ='3-11-17,2024'!K24 -> 0 | ... AD20: ='3-11-17,2024'!AD24 -> 96
A21: Entry From Consignee Magazine
A22: Total Stock On Hand | D22: =D20+D21 -> 8370 | E22: =E20+E21 -> 3375 | F22: =F20+F21 -> 7236 | G22: =G20+G21 -> 5025 | H22: =H20+H21 -> #REF! | I22: =I20+I21 -> #REF! | J22: =J20+J21 -> 0 | K22: =K20+K21 -> 0 | ... AD22: =AD20+AD21 -> 96
A23: Less: Total Weekly Consumption | D23: =75*62 -> 4650 | E23: =D23/62*25 -> 1875 | F23: =40*36 -> 1440 | G23: =F23/36*25 -> 1000 | H23: =#REF! -> #REF! | I23: =#REF! -> #REF! | J23: 0 | K23: =J23/208*25 -> 0 | L23: 0 | M23: =L23/150*25 -> 0 | N23: 0 | O23: =N23/150*20 -> 0 | P23: 0 | Q23: =P23/91*25 -> 0 | R23: 0 | S23: =R23/135*25 -> 0 | T23: - | U23: 0 | W23: 170 | X23: 47 | Y23: 586 | Z23: 674 | AA23: 830 | AB23: 75 | AC23: 0 | AD23: 0
A24: 45375 | B24: Remaining Stock Balance | D24: =D22-D23 -> 3720 | E24: =E22-E23 -> 1500 | F24: =F22-F23 -> 5796 | G24: =G22-G23 -> 4025 | H24: =H22-H23 -> #REF! | I24: =I22-I23 -> #REF! | J24: =J22-J23 -> 0 | K24: =K22-K23 -> 0 | ... AD24: =AD22-AD23 -> 96
A27: Prepared by: | E27: Checked by: | R27: Certified correct by: | W27: Certified Correct by:
A30: MR. JUN RAY C. ENDICO | E30: MR. RAFFY D. TORRES | R30: ENGR. EDWIN B. BATAL | W30: ENGR. JOHN PAUHL T. NAVARRO
A31: Drill and Blast Engineer | E31: Mine Explosives Manager | R31: Mine Explosive Asst. Manager | W31: Tigerway Project Manager
A32: Mount Rock Powder Corp. | E32: PHILSAGA MINING CORPORATION | V32: Mine Explosives Manager | W32: PHILSAGA MINING CORPORATION
A33: Blaster License: FPDJ10-090819-04922 | E33: Blaster License: FKB15 - 080917- 04562

Sheet 3-25-31
A10: EXPLOSIVES WEEKLY CONSUMPTION - TIGERWAY DECLINE PROJECT
A11: MARCH 25-31,2024
A14: SUPPLIER | D14: MT. ROCK
A16: DATE | B16: DESCRIPTION | D16: EMULSION | F16: EMULSION | H16: Dyna | J16: EMULSION | L16: EMULSION | N16: Dyna | P16: EMULSION | R16: EMULSION | T16: Pentex | U16: Anfo | V16: S/Fuse | W16: S/Fuse | X16: OBC | Y16: SHOCKSTAR | Z16: SUPREME | AA16: NEOCORD | AB16: DETCORD | AC16: Billwire | AD16: EBC
D17: 62 | F17: 36 | H17: 200 | J17: 208 | L17: 150 | N17: 150 | P17: 91 | R17: 135 | T17: Spider | V17: (savings) | Y17: 4.8 | Z17: 4.9 | AA17: 10 | AB17: 40
D18: Neogel 901 | F18: Emulex | H18: Superdyne | J18: EMULEX | L18: Super Power | N18: Senatel/Pulsar | P18: Netro EM | R18: Senatel/Pulsar
D19: Pcs | E19: Kls | F19: Pcs | G19: Kls | H19: Pcs | I19: Kls | J19: Pcs | K19: Kls | L19: Pcs | M19: Kls | N19: Pcs | O19: Kls | P19: Pcs | Q19: Kls | R19: Pcs | S19: Kls | T19: Pcs | U19: Kls | V19: Mtrs | W19: Mtrs | X19: Pcs | Y19: Pcs | Z19: Pcs | AA19: Mtrs | AB19: Mtrs | AC19: Mtrs | AD19: Pcs
A20: 45376 | B20: Beginning Balance | D20: ='3-18-24,2024'!D24 -> 3720 | E20: ='3-18-24,2024'!E24 -> 1500 | F20: ='3-18-24,2024'!F24 -> 5796 | G20: ='3-18-24,2024'!G24 -> 4025 | H20: ='3-18-24,2024'!H24 -> #REF! | I20: ='3-18-24,2024'!I24 -> #REF! | J20: ='3-18-24,2024'!J24 -> 0 | K20: ='3-18-24,2024'!K24 -> 0 | ... AD20: ='3-18-24,2024'!AD24 -> 96
A21: Entry From Consignee Magazine
A22: Total Stock On Hand | D22: =D20+D21 -> 3720 | E22: =E20+E21 -> 1500 | F22: =F20+F21 -> 5796 | G22: =G20+G21 -> 4025 | H22: =H20+H21 -> #REF! | I22: =I20+I21 -> #REF! | J22: =J20+J21 -> 0 | K22: =K20+K21 -> 0 | ... AD22: =AD20+AD21 -> 96
A23: Less: Total Weekly Consumption | D23: =57*62 -> 3534 | E23: =D23/62*25 -> 1425 | F23: =46*36 -> 1656 | G23: =F23/36*25 -> 1150 | H23: =#REF! -> #REF! | I23: =#REF! -> #REF! | J23: 0 | K23: =J23/208*25 -> 0 | L23: 0 | M23: =L23/150*25 -> 0 | N23: 0 | O23: =N23/150*20 -> 0 | P23: 0 | Q23: =P23/91*25 -> 0 | R23: 0 | S23: =R23/135*25 -> 0 | T23: - | U23: 0 | W23: 165 | X23: 44 | Y23: 507 | Z23: 599 | AA23: 825 | AB23: 0 | AC23: 0 | AD23: 0
A24: 45382 | B24: Remaining Stock Balance | D24: =D22-D23 -> 186 | E24: =E22-E23 -> 75 | F24: =F22-F23 -> 4140 | G24: =G22-G23 -> 2875 | H24: =H22-H23 -> #REF! | I24: =I22-I23 -> #REF! | J24: =J22-J23 -> 0 | K24: =K22-K23 -> 0 | ... AD24: =AD22-AD23 -> 96
A27: Prepared by: | E27: Checked by: | R27: Certified correct by: | W27: Certified Correct by:
A30: MR. JUN RAY C. ENDICO | E30: MR. RAFFY D. TORRES | R30: ENGR. EDWIN B. BATAL | W30: ENGR. JOHN PAUHL T. NAVARRO
A31: Drill and Blast Engineer | E31: Mine Explosives Manager | R31: Mine Explosive Asst. Manager | W31: Tigerway Project Manager
A32: Mount Rock Powder Corp. | E32: PHILSAGA MINING CORPORATION | V32: Mine Explosives Manager | W32: PHILSAGA MINING CORPORATION
A33: Blaster License: FPDJ10-090819-04922 | E33: Blaster License: FKB15 - 080917- 04562

Sheet 4-1-7-2024
A10: EXPLOSIVES WEEKLY CONSUMPTION - TIGERWAY DECLINE PROJECT
A11: APRIL 1-7,2024
A14: SUPPLIER | D14: MT. ROCK
A16: DATE | B16: DESCRIPTION | D16: EMULSION | F16: EMULSION | H16: Dyna | J16: EMULSION | L16: EMULSION | N16: Dyna | P16: EMULSION | R16: EMULSION | T16: Pentex | U16: Anfo | V16: S/Fuse | W16: S/Fuse | X16: OBC | Y16: SHOCKSTAR | Z16: SUPREME | AA16: NEOCORD | AB16: DETCORD | AC16: Billwire | AD16: EBC
D17: 62 | F17: 36 | H17: 200 | J17: 208 | L17: 150 | N17: 150 | P17: 91 | R17: 135 | T17: Spider | V17: (savings) | Y17: 4.8 | Z17: 4.9 | AA17: 10 | AB17: 40
D18: Neogel 901 | F18: Emulex | H18: Superdyne | J18: EMULEX | L18: Super Power | N18: Senatel/Pulsar | P18: Netro EM | R18: Senatel/Pulsar
D19: Pcs | E19: Kls | F19: Pcs | G19: Kls | H19: Pcs | I19: Kls | J19: Pcs | K19: Kls | L19: Pcs | M19: Kls | N19: Pcs | O19: Kls | P19: Pcs | Q19: Kls | R19: Pcs | S19: Kls | T19: Pcs | U19: Kls | V19: Mtrs | W19: Mtrs | X19: Pcs | Y19: Pcs | Z19: Pcs | AA19: Mtrs | AB19: Mtrs | AC19: Mtrs | AD19: Pcs
A20: 45383 | B20: Beginning Balance | D20: ='3-25-31'!D24 -> 186 | E20: ='3-25-31'!E24 -> 75 | F20: ='3-25-31'!F24 -> 4140 | G20: ='3-25-31'!G24 -> 2875 | H20: ='3-25-31'!H24 -> #REF! | I20: ='3-25-31'!I24 -> #REF! | J20: ='3-25-31'!J24 -> 0 | K20: ='3-25-31'!K24 -> 0 | ... AD20: ='3-25-31'!AD24 -> 96
A21: Entry From Consignee Magazine | F21: =235*36 -> 8460 | G21: =F21/62*25 -> 3411.2903 | P21: 0 | Q21: =P21/91*25 -> 0 | U21: 0 | W21: 1000 | X21: 200 | Y21: 1760 | Z21: 5330 | AA21: 3000
A22: Total Stock On Hand | D22: =D20+D21 -> 186 | E22: =E20+E21 -> 75 | F22: =F20+F21 -> 12600 | G22: =G20+G21 -> 6286.2903 | H22: =H20+H21 -> #REF! | I22: =I20+I21 -> #REF! | J22: =J20+J21 -> 0 | K22: =K20+K21 -> 0 | ... AD22: =AD20+AD21 -> 96
A23: Less: Total Weekly Consumption | D23: 186 | E23: =D23/62*25 -> 75 | F23: 3600 | G23: =F23/36*25 -> 2500 | H23: =#REF! -> #REF! | I23: =#REF! -> #REF! | J23: 0 | K23: =J23/208*25 -> 0 | L23: 0 | M23: =L23/150*25 -> 0 | N23: 0 | O23: =N23/150*20 -> 0 | P23: 0 | Q23: =P23/91*25 -> 0 | R23: 0 | S23: =R23/135*25 -> 0 | T23: - | U23: 0 | W23: 160 | X23: 43 | Y23: 528 | Z23: 674 | AA23: 850 | AB23: 150 | AC23: 0 | AD23: 0
A24: 45389 | B24: Remaining Stock Balance | D24: =D22-D23 -> 0 | E24: =E22-E23 -> 0 | F24: =F22-F23 -> 9000 | G24: =G22-G23 -> 3786.2903 | H24: =H22-H23 -> #REF! | I24: =I22-I23 -> #REF! | J24: =J22-J23 -> 0 | K24: =K22-K23 -> 0 | ... AD24: =AD22-AD23 -> 96
A27: Prepared by: | E27: Checked by: | R27: Certified correct by: | W27: Certified Correct by:
A30: MR. JUN RAY C. ENDICO | E30: MR. EDWIN B. BATAL | R30: ENGR. EDWIN B. BATAL | W30: ENGR. JOHN PAUHL T. NAVARRO
A31: Drill and Blast Engineer | E31: Mine Asst. Explosives Manager | R31: Mine Explosive Asst. Manager | W31: Tigerway Project Manager
A32: Mount Rock Powder Corp. | E32: PHILSAGA MINING CORPORATION | V32: Mine Explosives Manager | W32: PHILSAGA MINING CORPORATION
A33: Blaster License: FPDJ10-090819-04922 | E33: Blaster License: FKB15 - 080917- 04561

Sheet 4-8-14,2024
A10: EXPLOSIVES WEEKLY CONSUMPTION - TIGERWAY DECLINE PROJECT
A11: APRIL 8-14,2024
A14: SUPPLIER | D14: MT. ROCK
A16: DATE | B16: DESCRIPTION | D16: EMULSION | F16: EMULSION | H16: Dyna | J16: EMULSION | L16: EMULSION | N16: Dyna | P16: EMULSION | R16: EMULSION | T16: Pentex | U16: Anfo | V16: S/Fuse | W16: S/Fuse | X16: OBC | Y16: SHOCKSTAR | Z16: SUPREME | AA16: NEOCORD | AB16: DETCORD | AC16: Billwire | AD16: EBC
D17: 62 | F17: 36 | H17: 200 | J17: 208 | L17: 150 | N17: 150 | P17: 91 | R17: 135 | T17: Spider | V17: (savings) | Y17: 4.8 | Z17: 4.9 | AA17: 10 | AB17: 40
D18: Neogel 901 | F18: Emulex | H18: Superdyne | J18: EMULEX | L18: Super Power | N18: Senatel/Pulsar | P18: Netro EM | R18: Senatel/Pulsar
D19: Pcs | E19: Kls | F19: Pcs | G19: Kls | H19: Pcs | I19: Kls | J19: Pcs | K19: Kls | L19: Pcs | M19: Kls | N19: Pcs | O19: Kls | P19: Pcs | Q19: Kls | R19: Pcs | S19: Kls | T19: Pcs | U19: Kls | V19: Mtrs | W19: Mtrs | X19: Pcs | Y19: Pcs | Z19: Pcs | AA19: Mtrs | AB19: Mtrs | AC19: Mtrs | AD19: Pcs
A20: 45390 | B20: Beginning Balance | D20: ='4-1-7-2024'!D24 -> 0 | E20: ='4-1-7-2024'!E24 -> 0 | F20: ='4-1-7-2024'!F24 -> 9000 | G20: ='4-1-7-2024'!G24 -> 3786.2903 | H20: ='4-1-7-2024'!H24 -> #REF! | I20: ='4-1-7-2024'!I24 -> #REF! | J20: ='4-1-7-2024'!J24 -> 0 | K20: ='4-1-7-2024'!K24 -> 0 | ... AD20: ='4-1-7-2024'!AD24 -> 96
A21: Entry From Consignee Magazine
A22: Total Stock On Hand | D22: =D20+D21 -> 0 | E22: =E20+E21 -> 0 | F22: =F20+F21 -> 9000 | G22: =G20+G21 -> 3786.2903 | H22: =H20+H21 -> #REF! | I22: =I20+I21 -> #REF! | J22: =J20+J21 -> 0 | K22: =K20+K21 -> 0 | ... AD22: =AD20+AD21 -> 96
A23: Less: Total Weekly Consumption | E23: =D23/62*25 -> 0 | F23: 3924 | G23: =F23/36*25 -> 2725 | H23: =#REF! -> #REF! | I23: =#REF! -> #REF! | J23: 0 | K23: =J23/208*25 -> 0 | L23: 0 | M23: =L23/150*25 -> 0 | N23: 0 | O23: =N23/150*20 -> 0 | P23: 0 | Q23: =P23/91*25 -> 0 | R23: 0 | S23: =R23/135*25 -> 0 | T23: - | U23: 0 | W23: 180 | X23: 48 | Y23: 771 | Z23: 629 | AA23: 870 | AB23: 0 | AC23: 0 | AD23: 0
A24: 45396 | B24: Remaining Stock Balance | D24: =D22-D23 -> 0 | E24: =E22-E23 -> 0 | F24: =F22-F23 -> 5076 | G24: =G22-G23 -> 1061.2903 | H24: =H22-H23 -> #REF! | I24: =I22-I23 -> #REF! | J24: =J22-J23 -> 0 | K24: =K22-K23 -> 0 | ... AD24: =AD22-AD23 -> 96
A27: Prepared by: | E27: Checked by: | R27: Certified correct by: | W27: Certified Correct by:
A30: MR. JUN RAY C. ENDICO | E30: MR. EDWIN B. BATAL | R30: ENGR. EDWIN B. BATAL | W30: ENGR. JOHN PAUHL T. NAVARRO
A31: Drill and Blast Engineer | E31: Mine Asst. Explosives Manager | R31: Mine Explosive Asst. Manager | W31: Tigerway Project Manager
A32: Mount Rock Powder Corp. | E32: PHILSAGA MINING CORPORATION | V32: Mine Explosives Manager | W32: PHILSAGA MINING CORPORATION
A33: Blaster License: FPDJ10-090819-04922 | E33: Blaster License: FKB15 - 080917- 04561

Sheet 4-15-21,2024
A10: EXPLOSIVES WEEKLY CONSUMPTION - TIGERWAY DECLINE PROJECT
A11: APRIL 15-21,2024
A14: SUPPLIER | D14: MT. ROCK
A16: DATE | B16: DESCRIPTION | D16: EMULSION | F16: EMULSION | H16: Dyna | J16: EMULSION | L16: EMULSION | N16: Dyna | P16: EMULSION | R16: EMULSION | T16: Pentex | U16: Anfo | V16: S/Fuse | W16: S/Fuse | X16: OBC | Y16: SHOCKSTAR | Z16: SUPREME | AA16: NEOCORD | AB16: DETCORD | AC16: Billwire | AD16: EBC
D17: 62 | F17: 36 | H17: 200 | J17: 208 | L17: 150 | N17: 150 | P17: 91 | R17: 135 | T17: Spider | V17: (savings) | Y17: 4.8 | Z17: 4.9 | AA17: 10 | AB17: 40
D18: Neogel 901 | F18: Emulex | H18: Superdyne | J18: EMULEX | L18: Super Power | N18: Senatel/Pulsar | P18: Superpower 90 | R18: Senatel/Pulsar
D19: Pcs | E19: Kls | F19: Pcs | G19: Kls | H19: Pcs | I19: Kls | J19: Pcs | K19: Kls | L19: Pcs | M19: Kls | N19: Pcs | O19: Kls | P19: Pcs | Q19: Kls | R19: Pcs | S19: Kls | T19: Pcs | U19: Kls | V19: Mtrs | W19: Mtrs | X19: Pcs | Y19: Pcs | Z19: Pcs | AA19: Mtrs | AB19: Mtrs | AC19: Mtrs | AD19: Pcs
A20: 45397 | B20: Beginning Balance | D20: ='4-8-14,2024'!D24 -> 0 | E20: ='4-8-14,2024'!E24 -> 0 | F20: ='4-8-14,2024'!F24 -> 5076 | G20: =F20/36*25 -> 3525 | H20: ='4-8-14,2024'!H24 -> #REF! | I20: ='4-8-14,2024'!I24 -> #REF! | J20: ='4-8-14,2024'!J24 -> 0 | K20: ='4-8-14,2024'!K24 -> 0 | L20: ='4-8-14,2024'!L24 -> 0 | M20: ='4-8-14,2024'!M24 -> 0 | N20: ='4-8-14,2024'!N24 -> #REF! | O20: ='4-8-14,2024'!O24 -> #REF! | ... AD20: ='4-8-14,2024'!AD24 -> 96
A21: Entry From Consignee Magazine | P21: =520*91 -> 47320 | Q21: =P21/91*25 -> 13000 | W21: 1000 | X21: 200 | AA21: 3000
A22: Total Stock On Hand | D22: =D20+D21 -> 0 | E22: =E20+E21 -> 0 | F22: =F20+F21 -> 5076 | G22: =G20+G21 -> 3525 | H22: =H20+H21 -> #REF! | I22: =I20+I21 -> #REF! | J22: =J20+J21 -> 0 | K22: =K20+K21 -> 0 | ... AD22: =AD20+AD21 -> 96
A23: Less: Total Weekly Consumption | E23: =D23/62*25 -> 0 | F23: =94*36 -> 3384 | G23: =F23/36*25 -> 2350 | H23: =#REF! -> #REF! | I23: =#REF! -> #REF! | J23: 0 | K23: =J23/208*25 -> 0 | L23: 0 | M23: =L23/150*25 -> 0 | N23: 0 | O23: =N23/150*20 -> 0 | P23: 0 | Q23: =P23/91*25 -> 0 | R23: 0 | S23: =R23/135*25 -> 0 | T23: - | U23: 0 | W23: 140 | X23: 38 | Y23: 493 | Z23: 571 | AA23: 700 | AB23: 0 | AC23: 0 | AD23: 0
A24: 45403 | B24: Remaining Stock Balance | D24: =D22-D23 -> 0 | E24: =E22-E23 -> 0 | F24: =F22-F23 -> 1692 | G24: =G22-G23 -> 1175 | H24: =H22-H23 -> #REF! | I24: =I22-I23 -> #REF! | J24: =J22-J23 -> 0 | K24: =K22-K23 -> 0 | ... AD24: =AD22-AD23 -> 96
A27: Prepared by: | G27: Checked by: | R27: Certified correct by: | X27: Certified Correct by:
A30: MR. JUN RAY C. ENDICO | G30: MR. EDWIN B. BATAL | R30: ENGR. EDWIN B. BATAL | X30: ENGR. JOHN PAUHL T. NAVARRO
A31: Drill and Blast Engineer | G31: Mine Asst. Explosives Manager | R31: Mine Explosive Asst. Manager | X31: Tigerway Project Manager
A32: Mount Rock Powder Corp. | G32: PHILSAGA MINING CORPORATION | V32: Mine Explosives Manager | X32: PHILSAGA MINING CORPORATION
A33: Blaster License: FPDJ10-090819-04922 | G33: Blaster License: FKB15 - 080917- 04561

Sheet 4-22-28,2024 
A10: EXPLOSIVES WEEKLY CONSUMPTION - TIGERWAY DECLINE PROJECT
A11: APRIL 22-28,2024
A14: SUPPLIER | D14: MT. ROCK
A16: DATE | B16: DESCRIPTION | D16: EMULSION | F16: EMULSION | H16: Dyna | J16: EMULSION | L16: EMULSION | N16: Dyna | P16: EMULSION | R16: EMULSION | T16: Pentex | U16: Anfo | V16: S/Fuse | W16: S/Fuse | X16: OBC | Y16: SHOCKSTAR | Z16: SUPREME | AA16: NEOCORD | AB16: DETCORD | AC16: DETCORD | AD16: Billwire | AE16: EBC
D17: 62 | F17: 36 | H17: 200 | J17: 208 | L17: 150 | N17: 150 | P17: 91 | R17: 135 | T17: Spider | V17: (savings) | Y17: 4.8 | Z17: 4.9 | AA17: 10 | AB17: 10 | AC17: 40
D18: Neogel 901 | F18: Emulex | H18: Superdyne | J18: EMULEX | L18: Super Power | N18: Senatel/Pulsar | P18: Superpower 90 | R18: Senatel/Pulsar
D19: Pcs | E19: Kls | F19: Pcs | G19: Kls | H19: Pcs | I19: Kls | J19: Pcs | K19: Kls | L19: Pcs | M19: Kls | N19: Pcs | O19: Kls | P19: Pcs | Q19: Kls | R19: Pcs | S19: Kls | T19: Pcs | U19: Kls | V19: Mtrs | W19: Mtrs | X19: Pcs | Y19: Pcs | Z19: Pcs | AA19: Mtrs | AB19: Mtrs | AC19: Mtrs | AD19: Mtrs | AE19: Pcs
A20: 45404 | B20: Beginning Balance | E20: ='4-8-14,2024'!E24 -> 0 | F20: ='4-15-21,2024'!F24 -> 1692 | G20: ='4-15-21,2024'!G24 -> 1175 | H20: ='4-15-21,2024'!H24 -> #REF! | I20: ='4-15-21,2024'!I24 -> #REF! | J20: ='4-15-21,2024'!J24 -> 0 | K20: ='4-15-21,2024'!K24 -> 0 | L20: ='4-15-21,2024'!L24 -> 0 | M20: ='4-15-21,2024'!M24 -> 0 | ... Z20: ='4-15-21,2024'!Z24 -> 7793 | AA20: =5540-3000 -> 2540 | AB20: 3000 | AC20: ='4-15-21,2024'!AB24 -> 450 | AD20: ='4-15-21,2024'!AC24 -> 300 | AE20: ='4-15-21,2024'!AD24 -> 96
A21: Entry From Consignee Magazine | G21: =F21/36*25 -> 0
A22: Total Stock On Hand | D22: =D20+D21 -> 0 | E22: =E20+E21 -> 0 | F22: =F20+F21 -> 1692 | G22: =G20+G21 -> 1175 | H22: =H20+H21 -> #REF! | I22: =I20+I21 -> #REF! | J22: =J20+J21 -> 0 | K22: =K20+K21 -> 0 | ... AE22: =AE20+AE21 -> 96
A23: Less: Total Weekly Consumption | E23: =D23/62*25 -> 0 | F23: =36*47 -> 1692 | G23: =F23/36*25 -> 1175 | H23: =#REF! -> #REF! | I23: =#REF! -> #REF! | J23: 0 | K23: =J23/208*25 -> 0 | L23: 0 | M23: =L23/150*25 -> 0 | N23: 0 | O23: =N23/150*20 -> 0 | P23: =42*91 -> 3822 | Q23: =P23/91*25 -> 1050 | R23: 0 | S23: =R23/135*25 -> 0 | T23: - | U23: 0 | W23: 160 | X23: 47 | Y23: 560 | Z23: 593 | AA23: 840 | AC23: 0 | AD23: 0 | AE23: 0
A24: 45410 | B24: Remaining Stock Balance | D24: =D22-D23 -> 0 | E24: =E22-E23 -> 0 | F24: =F22-F23 -> 0 | G24: =G22-G23 -> 0 | H24: =H22-H23 -> #REF! | I24: =I22-I23 -> #REF! | J24: =J22-J23 -> 0 | K24: =K22-K23 -> 0 | ... AE24: =AE22-AE23 -> 96
P25: =P24/91 -> 478
A27: Prepared by: | G27: Checked by: | R27: Certified correct by: | X27: Certified Correct by:
A30: MR. JUN RAY C. ENDICO | G30: MR. EDWIN B. BATAL | R30: ENGR. EDWIN B. BATAL | X30: ENGR. JOHN PAUHL T. NAVARRO
A31: Drill and Blast Engineer | G31: Mine Asst. Explosives Manager | R31: Mine Explosive Asst. Manager | X31: Tigerway Project Manager
A32: Mount Rock Powder Corp. | G32: PHILSAGA MINING CORPORATION | V32: Mine Explosives Manager | X32: PHILSAGA MINING CORPORATION
A33: Blaster License: FPDJ10-090819-04922 | G33: Blaster License: FKB15 - 080917- 04561

Sheet 4-29-5-5,2024
A10: EXPLOSIVES WEEKLY CONSUMPTION - TIGERWAY DECLINE PROJECT
A11: APRIL 29 - MAY 5,2024
A14: SUPPLIER | D14: MT. ROCK
A16: DATE | B16: DESCRIPTION | D16: EMULSION | F16: EMULSION | H16: Dyna | J16: EMULSION | L16: EMULSION | N16: Dyna | P16: EMULSION | R16: EMULSION | T16: Pentex | U16: Anfo | V16: S/Fuse | W16: S/Fuse | X16: OBC | Y16: SHOCKSTAR | Z16: SUPREME | AA16: NEOCORD | AB16: DETCORD | AC16: DETCORD | AD16: Billwire | AE16: EBC
D17: 62 | F17: 36 | H17: 200 | J17: 208 | L17: 150 | N17: 150 | P17: 91 | R17: 135 | T17: Spider | V17: (savings) | Y17: 4.8 | Z17: 4.9 | AA17: 10 | AB17: 10 | AC17: 40
D18: Neogel 901 | F18: Emulex | H18: Superdyne | J18: EMULEX | L18: Super Power | N18: Senatel/Pulsar | P18: Superpower 90 | R18: Senatel/Pulsar
D19: Pcs | E19: Kls | F19: Pcs | G19: Kls | H19: Pcs | I19: Kls | J19: Pcs | K19: Kls | L19: Pcs | M19: Kls | N19: Pcs | O19: Kls | P19: Pcs | Q19: Kls | R19: Pcs | S19: Kls | T19: Pcs | U19: Kls | V19: Mtrs | W19: Mtrs | X19: Pcs | Y19: Pcs | Z19: Pcs | AA19: Mtrs | AB19: Mtrs | AC19: Mtrs | AD19: Mtrs | AE19: Pcs
A20: 45411 | B20: Beginning Balance | E20: ='4-8-14,2024'!E24 -> 0 | F20: ='4-22-28,2024 '!F24 -> 0 | G20: ='4-22-28,2024 '!G24 -> 0 | H20: ='4-22-28,2024 '!H24 -> #REF! | I20: ='4-22-28,2024 '!I24 -> #REF! | J20: ='4-22-28,2024 '!J24 -> 0 | K20: ='4-22-28,2024 '!K24 -> 0 | L20: ='4-22-28,2024 '!L24 -> 0 | M20: ='4-22-28,2024 '!M24 -> 0 | ... AE20: ='4-22-28,2024 '!AE24 -> 96
A21: Entry From Consignee Magazine | G21: =F21/36*25 -> 0
A22: Total Stock On Hand | D22: =D20+D21 -> 0 | E22: =E20+E21 -> 0 | F22: =F20+F21 -> 0 | G22: =G20+G21 -> 0 | H22: =H20+H21 -> #REF! | I22: =I20+I21 -> #REF! | J22: =J20+J21 -> 0 | K22: =K20+K21 -> 0 | ... AE22: =AE20+AE21 -> 96
A23: Less: Total Weekly Consumption | E23: =D23/62*25 -> 0 | F23: 0 | G23: =F23/36*25 -> 0 | H23: =#REF! -> #REF! | I23: =#REF! -> #REF! | J23: 0 | K23: =J23/208*25 -> 0 | L23: 0 | M23: =L23/150*25 -> 0 | N23: 0 | O23: =N23/150*20 -> 0 | P23: =40*91 -> 3640 | Q23: =P23/91*25 -> 1000 | R23: 0 | S23: =R23/135*25 -> 0 | T23: - | U23: 0 | W23: 65 | X23: 64 | Y23: 240 | Z23: =10+10+92+153+71 -> 336 | AA23: 258 | AB23: 40 | AC23: 200 | AD23: 0 | AE23: 0
A24: 45417 | B24: Remaining Stock Balance | D24: =D22-D23 -> 0 | E24: =E22-E23 -> 0 | F24: =F22-F23 -> 0 | G24: =G22-G23 -> 0 | H24: =H22-H23 -> #REF! | I24: =I22-I23 -> #REF! | J24: =J22-J23 -> 0 | K24: =K22-K23 -> 0 | ... AE24: =AE22-AE23 -> 96
A27: Prepared by: | G27: Checked by: | R27: Certified correct by: | X27: Certified Correct by:
A30: MR. JUN RAY C. ENDICO | G30: MR. RAFFY D. TORRES | R30: ENGR. EDWIN B. BATAL | X30: ENGR. JOHN PAUHL T. NAVARRO
A31: Drill and Blast Engineer | G31: Mine Explosives Manager | R31: Mine Explosive Asst. Manager | X31: Tigerway Project Manager
A32: Mount Rock Powder Corp. | G32: PHILSAGA MINING CORPORATION | V32: Mine Explosives Manager | X32: PHILSAGA MINING CORPORATION
A33: Blaster License: FPDJ10-090819-04922 | G33: Blaster License: FKB15 - 080917- 04562

Sheet 5-6-12,2024
A10: EXPLOSIVES WEEKLY CONSUMPTION - TIGERWAY DECLINE PROJECT
A11: MAY 6-12,2024
A14: SUPPLIER | D14: MT. ROCK
A16: DATE | B16: DESCRIPTION | D16: EMULSION | F16: EMULSION | H16: Dyna | J16: EMULSION | L16: EMULSION | N16: Dyna | P16: EMULSION | R16: EMULSION | T16: Pentex | U16: Anfo | V16: S/Fuse | W16: S/Fuse | X16: OBC | Y16: SHOCKSTAR | Z16: SUPREME | AA16: NEOCORD | AB16: DETCORD | AC16: DETCORD | AD16: Billwire | AE16: EBC
D17: 62 | F17: 36 | H17: 200 | J17: 208 | L17: 150 | N17: 150 | P17: 91 | R17: 135 | T17: Spider | V17: (savings) | Y17: 4.8 | Z17: 4.9 | AA17: 10 | AB17: 10 | AC17: 40
D18: Neogel 901 | F18: Emulex | H18: Superdyne | J18: EMULEX | L18: Super Power | N18: Senatel/Pulsar | P18: Superpower 90 | R18: Senatel/Pulsar
D19: Pcs | E19: Kls | F19: Pcs | G19: Kls | H19: Pcs | I19: Kls | J19: Pcs | K19: Kls | L19: Pcs | M19: Kls | N19: Pcs | O19: Kls | P19: Pcs | Q19: Kls | R19: Pcs | S19: Kls | T19: Pcs | U19: Kls | V19: Mtrs | W19: Mtrs | X19: Pcs | Y19: Pcs | Z19: Pcs | AA19: Mtrs | AB19: Mtrs | AC19: Mtrs | AD19: Mtrs | AE19: Pcs
A20: 45418 | B20: Beginning Balance | E20: ='4-8-14,2024'!E24 -> 0 | F20: ='4-29-5-5,2024'!F24 -> 0 | G20: ='4-29-5-5,2024'!G24 -> 0 | H20: ='4-29-5-5,2024'!H24 -> #REF! | I20: ='4-29-5-5,2024'!I24 -> #REF! | J20: ='4-29-5-5,2024'!J24 -> 0 | K20: ='4-29-5-5,2024'!K24 -> 0 | L20: ='4-29-5-5,2024'!L24 -> 0 | M20: ='4-29-5-5,2024'!M24 -> 0 | ... AE20: ='4-29-5-5,2024'!AE24 -> 96
A21: Entry From Consignee Magazine | G21: =F21/36*25 -> 0
A22: Total Stock On Hand | D22: =D20+D21 -> 0 | E22: =E20+E21 -> 0 | F22: =F20+F21 -> 0 | G22: =G20+G21 -> 0 | H22: =H20+H21 -> #REF! | I22: =I20+I21 -> #REF! | J22: =J20+J21 -> 0 | K22: =K20+K21 -> 0 | ... AE22: =AE20+AE21 -> 96
A23: Less: Total Weekly Consumption | E23: =D23/62*25 -> 0 | F23: 0 | G23: =F23/36*25 -> 0 | H23: =#REF! -> #REF! | I23: =#REF! -> #REF! | J23: 0 | K23: =J23/208*25 -> 0 | L23: 0 | M23: =L23/150*25 -> 0 | N23: 0 | O23: =N23/150*20 -> 0 | P23: 9737 | Q23: =P23/91*25 -> 2675 | R23: 0 | S23: =R23/135*25 -> 0 | T23: - | U23: 0 | W23: 125 | X23: 60 | Y23: 640 | Z23: 764 | AA23: 530 | AB23: 0 | AC23: 0 | AD23: 0 | AE23: 0
A24: 45424 | B24: Remaining Stock Balance | D24: =D22-D23 -> 0 | E24: =E22-E23 -> 0 | F24: =F22-F23 -> 0 | G24: =G22-G23 -> 0 | H24: =H22-H23 -> #REF! | I24: =I22-I23 -> #REF! | J24: =J22-J23 -> 0 | K24: =K22-K23 -> 0 | ... AE24: =AE22-AE23 -> 96
A27: Prepared by: | G27: Checked by: | R27: Certified correct by: | X27: Certified Correct by:
A30: MR. JUN RAY C. ENDICO | G30: MR. EDWIN B. BATAL | R30: ENGR. EDWIN B. BATAL | X30: ENGR. JOHN PAUHL T. NAVARRO
A31: Drill and Blast Engineer | G31: Mine Explosives Manager | R31: Mine Explosive Asst. Manager | X31: Tigerway Project Manager
A32: Mount Rock Powder Corp. | G32: PHILSAGA MINING CORPORATION | V32: Mine Explosives Manager | X32: PHILSAGA MINING CORPORATION
A33: Blaster License: FPDJ10-090819-04922 | G33: Blaster License: FKB15 - 080917- 04561

Sheet 5-13-19,2024
A10: EXPLOSIVES WEEKLY CONSUMPTION - TIGERWAY DECLINE PROJECT
A11: MAY 13-19,2024
A14: SUPPLIER | D14: MT. ROCK
A16: DATE | B16: DESCRIPTION | D16: EMULSION | F16: EMULSION | H16: Dyna | J16: EMULSION | L16: EMULSION | N16: Dyna | P16: EMULSION | R16: EMULSION | T16: Pentex | U16: Anfo | V16: S/Fuse | W16: S/Fuse | X16: OBC | Y16: SHOCKSTAR | Z16: SUPREME | AA16: NEOCORD | AB16: DETCORD | AC16: DETCORD | AD16: Billwire | AE16: EBC
D17: 62 | F17: 36 | H17: 200 | J17: 208 | L17: 150 | N17: 150 | P17: 91 | R17: 135 | T17: Spider | V17: (savings) | Y17: 4.8 | Z17: 4.9 | AA17: 10 | AB17: 10 | AC17: 40
D18: Neogel 901 | F18: Emulex | H18: Superdyne | J18: EMULEX | L18: Super Power | N18: Senatel/Pulsar | P18: Superpower 90 | R18: Senatel/Pulsar
D19: Pcs | E19: Kls | F19: Pcs | G19: Kls | H19: Pcs | I19: Kls | J19: Pcs | K19: Kls | L19: Pcs | M19: Kls | N19: Pcs | O19: Kls | P19: Pcs | Q19: Kls | R19: Pcs | S19: Kls | T19: Pcs | U19: Kls | V19: Mtrs | W19: Mtrs | X19: Pcs | Y19: Pcs | Z19: Pcs | AA19: Mtrs | AB19: Mtrs | AC19: Mtrs | AD19: Mtrs | AE19: Pcs
A20: 45425 | B20: Beginning Balance | E20: ='4-8-14,2024'!E24 -> 0 | F20: ='5-6-12,2024'!F24 -> 0 | G20: ='5-6-12,2024'!G24 -> 0 | H20: ='5-6-12,2024'!H24 -> #REF! | I20: ='5-6-12,2024'!I24 -> #REF! | J20: ='5-6-12,2024'!J24 -> 0 | K20: ='5-6-12,2024'!K24 -> 0 | L20: ='5-6-12,2024'!L24 -> 0 | M20: ='5-6-12,2024'!M24 -> 0 | ... AE20: ='5-6-12,2024'!AE24 -> 96
A21: Entry From Consignee Magazine | G21: =F21/36*25 -> 0
A22: Total Stock On Hand | D22: =D20+D21 -> 0 | E22: =E20+E21 -> 0 | F22: =F20+F21 -> 0 | G22: =G20+G21 -> 0 | H22: =H20+H21 -> #REF! | I22: =I20+I21 -> #REF! | J22: =J20+J21 -> 0 | K22: =K20+K21 -> 0 | ... AE22: =AE20+AE21 -> 96
A23: Less: Total Weekly Consumption | E23: =D23/62*25 -> 0 | F23: 0 | G23: =F23/36*25 -> 0 | H23: =#REF! -> #REF! | I23: =#REF! -> #REF! | J23: 0 | K23: =J23/208*25 -> 0 | L23: 0 | M23: =L23/150*25 -> 0 | N23: 0 | O23: =N23/150*20 -> 0 | P23: 8099 | Q23: =P23/91*25 -> 2225 | R23: 0 | S23: =R23/135*25 -> 0 | T23: - | U23: 0 | W23: 105 | X23: 55 | Y23: 0 | Z23: 612 | AA23: 400 | AB23: 0 | AC23: 0 | AD23: 0 | AE23: 0
A24: 45431 | B24: Remaining Stock Balance | D24: =D22-D23 -> 0 | E24: =E22-E23 -> 0 | F24: =F22-F23 -> 0 | G24: =G22-G23 -> 0 | H24: =H22-H23 -> #REF! | I24: =I22-I23 -> #REF! | J24: =J22-J23 -> 0 | K24: =K22-K23 -> 0 | ... AE24: =AE22-AE23 -> 96
A27: Prepared by: | G27: Checked by: | R27: Certified correct by: | X27: Certified Correct by:
A30: MR. JUN RAY C. ENDICO | G30: MR. EDWIN B. BATAL | R30: ENGR. EDWIN B. BATAL | X30: ENGR. JOHN PAUHL T. NAVARRO
A31: Drill and Blast Engineer | G31: Mine Explosives Manager | R31: Mine Explosive Asst. Manager | X31: Tigerway Project Manager
A32: Mount Rock Powder Corp. | G32: PHILSAGA MINING CORPORATION | V32: Mine Explosives Manager | X32: PHILSAGA MINING CORPORATION
A33: Blaster License: FPDJ10-090819-04922 | G33: Blaster License: FKB15 - 080917- 04561

Sheet 5-20-26,2024
A10: EXPLOSIVES WEEKLY CONSUMPTION - TIGERWAY DECLINE PROJECT
A11: MAY 20-26,2024
A14: SUPPLIER | D14: MT. ROCK
A16: DATE | B16: DESCRIPTION | D16: EMULSION | F16: EMULSION | H16: Dyna | J16: EMULSION | L16: EMULSION | N16: Dyna | P16: EMULSION | R16: EMULSION | T16: Pentex | U16: Anfo | V16: S/Fuse | W16: S/Fuse | X16: OBC | Y16: SHOCKSTAR | Z16: SUPREME | AA16: NEOCORD | AB16: DETCORD | AC16: DETCORD | AD16: Billwire | AE16: EBC
D17: 62 | F17: 36 | H17: 200 | J17: 208 | L17: 150 | N17: 150 | P17: 91 | R17: 135 | T17: Spider | V17: (savings) | Y17: 4.8 | Z17: 4.9 | AA17: 10 | AB17: 10 | AC17: 40
D18: Neogel 901 | F18: Emulex | H18: Superdyne | J18: EMULEX | L18: Super Power | N18: Senatel/Pulsar | P18: Superpower 90 | R18: Senatel/Pulsar
D19: Pcs | E19: Kls | F19: Pcs | G19: Kls | H19: Pcs | I19: Kls | J19: Pcs | K19: Kls | L19: Pcs | M19: Kls | N19: Pcs | O19: Kls | P19: Pcs | Q19: Kls | R19: Pcs | S19: Kls | T19: Pcs | U19: Kls | V19: Mtrs | W19: Mtrs | X19: Pcs | Y19: Pcs | Z19: Pcs | AA19: Mtrs | AB19: Mtrs | AC19: Mtrs | AD19: Mtrs | AE19: Pcs
A20: 45432 | B20: Beginning Balance | E20: ='4-8-14,2024'!E24 -> 0 | F20: ='5-13-19,2024'!F24 -> 0 | G20: ='5-13-19,2024'!G24 -> 0 | H20: ='5-13-19,2024'!H24 -> #REF! | I20: ='5-13-19,2024'!I24 -> #REF! | J20: ='5-13-19,2024'!J24 -> 0 | K20: ='5-13-19,2024'!K24 -> 0 | L20: ='5-13-19,2024'!L24 -> 0 | M20: ='5-13-19,2024'!M24 -> 0 | ... AE20: ='5-13-19,2024'!AE24 -> 96
A21: Entry From Consignee Magazine | G21: =F21/36*25 -> 0
A22: Total Stock On Hand | D22: =D20+D21 -> 0 | E22: =E20+E21 -> 0 | F22: =F20+F21 -> 0 | G22: =G20+G21 -> 0 | H22: =H20+H21 -> #REF! | I22: =I20+I21 -> #REF! | J22: =J20+J21 -> 0 | K22: =K20+K21 -> 0 | ... AE22: =AE20+AE21 -> 96
A23: Less: Total Weekly Consumption | E23: =D23/62*25 -> 0 | F23: 0 | G23: =F23/36*25 -> 0 | H23: =#REF! -> #REF! | I23: =#REF! -> #REF! | J23: 0 | K23: =J23/208*25 -> 0 | L23: 0 | M23: =L23/150*25 -> 0 | N23: 0 | O23: =N23/150*20 -> 0 | P23: =67*91 -> 6097 | Q23: =P23/91*25 -> 1675 | R23: 0 | S23: =R23/135*25 -> 0 | T23: - | U23: 0 | W23: 100 | X23: 55 | Y23: 0 | Z23: 477 | AA23: 330 | AB23: 60 | AC23: 0 | AD23: 0 | AE23: 0
A24: 45438 | B24: Remaining Stock Balance | D24: =D22-D23 -> 0 | E24: =E22-E23 -> 0 | F24: =F22-F23 -> 0 | G24: =G22-G23 -> 0 | H24: =H22-H23 -> #REF! | I24: =I22-I23 -> #REF! | J24: =J22-J23 -> 0 | K24: =K22-K23 -> 0 | ... AE24: =AE22-AE23 -> 96
A27: Prepared by: | G27: Checked by: | R27: Certified correct by: | X27: Certified Correct by:
A30: MR. JUN RAY C. ENDICO | G30: MR. RAFFY D. TORRES | R30: ENGR. EDWIN B. BATAL | X30: ENGR. JOHN PAUHL T. NAVARRO
A31: Drill and Blast Engineer | G31: Mine Explosives Manager | R31: Mine Explosive Asst. Manager | X31: Tigerway Project Manager
A32: Mount Rock Powder Corp. | G32: PHILSAGA MINING CORPORATION | V32: Mine Explosives Manager | X32: PHILSAGA MINING CORPORATION
A33: Blaster License: FPDJ10-090819-04922 | G33: Blaster License: FKB15 - 080917- 04561

Sheet 5-27-JUNE 2, 2024
A10: EXPLOSIVES WEEKLY CONSUMPTION - TIGERWAY DECLINE PROJECT
A11: MAY 27-JUNE 2,2024
A14: SUPPLIER | D14: MT. ROCK
A16: DATE | B16: DESCRIPTION | D16: EMULSION | F16: EMULSION | H16: Dyna | J16: EMULSION | L16: EMULSION | N16: Dyna | P16: EMULSION | R16: EMULSION | T16: Pentex | U16: Anfo | V16: S/Fuse | W16: S/Fuse | X16: OBC | Y16: SHOCKSTAR | Z16: SUPREME | AA16: NEOCORD | AB16: DETCORD | AC16: DETCORD | AD16: Billwire | AE16: EBC
D17: 62 | F17: 36 | H17: 200 | J17: 208 | L17: 150 | N17: 150 | P17: 91 | R17: 135 | T17: Spider | V17: (savings) | Y17: 4.8 | Z17: 4.9 | AA17: 10 | AB17: 10 | AC17: 40
D18: Neogel 901 | F18: Emulex | H18: Superdyne | J18: EMULEX | L18: Super Power | N18: Senatel/Pulsar | P18: Superpower 90 | R18: Senatel/Pulsar
D19: Pcs | E19: Kls | F19: Pcs | G19: Kls | H19: Pcs | I19: Kls | J19: Pcs | K19: Kls | L19: Pcs | M19: Kls | N19: Pcs | O19: Kls | P19: Pcs | Q19: Kls | R19: Pcs | S19: Kls | T19: Pcs | U19: Kls | V19: Mtrs | W19: Mtrs | X19: Pcs | Y19: Pcs | Z19: Pcs | AA19: Mtrs | AB19: Mtrs | AC19: Mtrs | AD19: Mtrs | AE19: Pcs
A20: 45439 | B20: Beginning Balance | E20: ='4-8-14,2024'!E24 -> 0 | F20: ='5-20-26,2024'!F24 -> 0 | G20: ='5-20-26,2024'!G24 -> 0 | H20: ='5-20-26,2024'!H24 -> #REF! | I20: ='5-20-26,2024'!I24 -> #REF! | J20: ='5-20-26,2024'!J24 -> 0 | K20: ='5-20-26,2024'!K24 -> 0 | L20: ='5-20-26,2024'!L24 -> 0 | M20: ='5-20-26,2024'!M24 -> 0 | ... Z20: ='5-20-26,2024'!Z24 -> 5011 | AA20: 0 | AB20: ='5-20-26,2024'!AB24 -> 2900 | AC20: ='5-20-26,2024'!AC24 -> 250 | AD20: ='5-20-26,2024'!AD24 -> 300 | AE20: ='5-20-26,2024'!AE24 -> 96
A21: Entry From Consignee Magazine | G21: =F21/36*25 -> 0 | P21: =200*91 -> 18200 | Q21: =P21/91*25 -> 5000 | X21: 200 | Z21: 5940
A22: Total Stock On Hand | D22: =D20+D21 -> 0 | E22: =E20+E21 -> 0 | F22: =F20+F21 -> 0 | G22: =G20+G21 -> 0 | H22: =H20+H21 -> #REF! | I22: =I20+I21 -> #REF! | J22: =J20+J21 -> 0 | K22: =K20+K21 -> 0 | ... AE22: =AE20+AE21 -> 96
A23: Less: Total Weekly Consumption | E23: =D23/62*25 -> 0 | F23: 0 | G23: =F23/36*25 -> 0 | H23: =#REF! -> #REF! | I23: =#REF! -> #REF! | J23: 0 | K23: =J23/208*25 -> 0 | L23: 0 | M23: =L23/150*25 -> 0 | N23: 0 | O23: =N23/150*20 -> 0 | P23: =65*91 -> 5915 | Q23: =P23/91*25 -> 1625 | R23: 0 | S23: =R23/135*25 -> 0 | T23: - | U23: 0 | W23: 90 | X23: 30 | Y23: 0 | Z23: 410 | AA23: 0 | AB23: 360 | AC23: 225 | AD23: 0 | AE23: 0
A24: 45445 | B24: Remaining Stock Balance | D24: =D22-D23 -> 0 | E24: =E22-E23 -> 0 | F24: =F22-F23 -> 0 | G24: =G22-G23 -> 0 | H24: =H22-H23 -> #REF! | I24: =I22-I23 -> #REF! | J24: =J22-J23 -> 0 | K24: =K22-K23 -> 0 | ... AE24: =AE22-AE23 -> 96
A27: Prepared by: | Q27: Checked by: | R27: Certified correct by: | Z27: Certified Correct by:
A30: MR. JUN RAY C. ENDICO | Q30: MR. RAFFY D. TORRES | R30: ENGR. EDWIN B. BATAL | Z30: ENGR. JOHN PAUHL T. NAVARRO
A31: Drill and Blast Engineer | Q31: Mine Explosives Manager | R31: Mine Explosive Asst. Manager | Z31: Tigerway Project Manager
A32: Mount Rock Powder Corp. | Q32: PHILSAGA MINING CORPORATION | V32: Mine Explosives Manager | Z32: PHILSAGA MINING CORPORATION
A33: Blaster License: FPDJ10-090819-04922 | Q33: Blaster License: FKB15 - 080917- 04561

Sheet 6-3-9, 2024
A10: EXPLOSIVES WEEKLY CONSUMPTION - TIGERWAY DECLINE PROJECT
A11: JUNE 3-9, 2024
A14: SUPPLIER | D14: MT. ROCK
A16: DATE | B16: DESCRIPTION | D16: EMULSION | F16: EMULSION | H16: Dyna | J16: EMULSION | L16: EMULSION | N16: Dyna | P16: EMULSION | R16: EMULSION | T16: Pentex | U16: Anfo | V16: S/Fuse | W16: S/Fuse | X16: OBC | Y16: SHOCKSTAR | Z16: SUPREME | AA16: NEOCORD | AB16: DETCORD | AC16: DETCORD | AD16: Billwire | AE16: EBC
D17: 62 | F17: 36 | H17: 200 | J17: 208 | L17: 150 | N17: 150 | P17: 91 | R17: 135 | T17: Spider | V17: (savings) | Y17: 4.8 | Z17: 4.9 | AA17: 10 | AB17: 10 | AC17: 40
D18: Neogel 901 | F18: Emulex | H18: Superdyne | J18: EMULEX | L18: Super Power | N18: Senatel/Pulsar | P18: Superpower 90 | R18: Senatel/Pulsar
D19: Pcs | E19: Kls | F19: Pcs | G19: Kls | H19: Pcs | I19: Kls | J19: Pcs | K19: Kls | L19: Pcs | M19: Kls | N19: Pcs | O19: Kls | P19: Pcs | Q19: Kls | R19: Pcs | S19: Kls | T19: Pcs | U19: Kls | V19: Mtrs | W19: Mtrs | X19: Pcs | Y19: Pcs | Z19: Pcs | AA19: Mtrs | AB19: Mtrs | AC19: Mtrs | AD19: Mtrs | AE19: Pcs
A20: 45446 | B20: Beginning Balance | E20: ='4-8-14,2024'!E24 -> 0 | F20: ='5-20-26,2024'!F24 -> 0 | G20: ='5-20-26,2024'!G24 -> 0 | H20: ='5-20-26,2024'!H24 -> #REF! | I20: ='5-20-26,2024'!I24 -> #REF! | J20: ='5-20-26,2024'!J24 -> 0 | K20: ='5-20-26,2024'!K24 -> 0 | L20: ='5-20-26,2024'!L24 -> 0 | M20: ='5-20-26,2024'!M24 -> 0 | ... O20: ='5-20-26,2024'!O24 -> #REF! | P20: ='5-27-JUNE 2, 2024'!P24 -> 28210 | Q20: ='5-27-JUNE 2, 2024'!Q24 -> 7750 | R20: ='5-27-JUNE 2, 2024'!R24 -> 0 | S20: ='5-27-JUNE 2, 2024'!S24 -> 0 | T20: ='5-27-JUNE 2, 2024'!T24 -> #REF! | U20: ='5-27-JUNE 2, 2024'!U24 -> 975 | V20: ='5-27-JUNE 2, 2024'!V24 -> #REF! | W20: ='5-27-JUNE 2, 2024'!W24 -> 2450 | ... AB20: ='5-27-JUNE 2, 2024'!AB24 -> 2540 | AC20: 225 | AD20: 0 | AE20: ='5-27-JUNE 2, 2024'!AE24 -> 96
A21: Entry From Consignee Magazine | G21: =F21/36*25 -> 0
A22: Total Stock On Hand | D22: =D20+D21 -> 0 | E22: =E20+E21 -> 0 | F22: =F20+F21 -> 0 | G22: =G20+G21 -> 0 | H22: =H20+H21 -> #REF! | I22: =I20+I21 -> #REF! | J22: =J20+J21 -> 0 | K22: =K20+K21 -> 0 | ... AE22: =AE20+AE21 -> 96
A23: Less: Total Weekly Consumption | E23: =D23/62*25 -> 0 | F23: 0 | G23: =F23/36*25 -> 0 | H23: =#REF! -> #REF! | I23: =#REF! -> #REF! | J23: 0 | K23: =J23/208*25 -> 0 | L23: 0 | M23: =L23/150*25 -> 0 | N23: 0 | O23: =N23/150*20 -> 0 | P23: =61*91 -> 5551 | Q23: =P23/91*25 -> 1525 | R23: 0 | S23: =R23/135*25 -> 0 | T23: - | U23: 0 | W23: 75 | X23: 33 | Y23: 0 | Z23: 381 | AA23: 0 | AB23: 300 | AC23: 225 | AD23: 0 | AE23: 0
A24: 45452 | B24: Remaining Stock Balance | D24: =D22-D23 -> 0 | E24: =E22-E23 -> 0 | F24: =F22-F23 -> 0 | G24: =G22-G23 -> 0 | H24: =H22-H23 -> #REF! | I24: =I22-I23 -> #REF! | J24: =J22-J23 -> 0 | K24: =K22-K23 -> 0 | ... AE24: =AE22-AE23 -> 96
A27: Prepared by: | Q27: Checked by: | R27: Certified correct by: | Z27: Certified Correct by:
A30: MR. JUN RAY C. ENDICO | Q30: ENGR. EDWIN B. BATAL | R30: ENGR. EDWIN B. BATAL | Z30: ENGR. JOHN PAUHL T. NAVARRO
A31: Drill and Blast Engineer | Q31: Mine Explosives Asst. Manager | R31: Mine Explosive Asst. Manager | Z31: Tigerway Project Manager
A32: Mount Rock Powder Corp. | Q32: PHILSAGA MINING CORPORATION | V32: Mine Explosives Manager | Z32: PHILSAGA MINING CORPORATION
A33: Blaster License: FPDJ10-090819-04922 | Q33: Blaster License: FKB15 - 080917- 04561

Sheet 6-10-16,2024
A10: EXPLOSIVES WEEKLY CONSUMPTION - TIGERWAY DECLINE PROJECT
A11: JUNE 10-16, 2024
A14: SUPPLIER | D14: MT. ROCK
A16: DATE | B16: DESCRIPTION | D16: EMULSION | F16: EMULSION | H16: Dyna | J16: EMULSION | L16: EMULSION | N16: Dyna | P16: EMULSION | R16: EMULSION | T16: EMULSION | V16: Pentex | W16: Anfo | X16: S/Fuse | Y16: S/Fuse | Z16: OBC | AA16: SHOCKSTAR | AB16: SUPREME | AC16: NEOCORD | AD16: DETCORD | AE16: DETCORD | AF16: Billwire | AG16: EBC
D17: 62 | F17: 36 | H17: 200 | J17: 208 | L17: 150 | N17: 150 | P17: 208 | R17: 91 | T17: 135 | V17: Spider | X17: (savings) | AA17: 4.8 | AB17: 4.9 | AC17: 10 | AD17: 10 | AE17: 40
D18: Neogel 901 | F18: Emulex | H18: Superdyne | J18: EMULEX | L18: Super Power | N18: Senatel/Pulsar | P18: Superpower 90 | R18: Superpower 90 | T18: Senatel/Pulsar
D19: Pcs | E19: Kls | F19: Pcs | G19: Kls | H19: Pcs | I19: Kls | J19: Pcs | K19: Kls | L19: Pcs | M19: Kls | N19: Pcs | O19: Kls | P19: Pcs | Q19: Kls | R19: Pcs | S19: Kls | T19: Pcs | U19: Kls | V19: Pcs | W19: Kls | X19: Mtrs | Y19: Mtrs | Z19: Pcs | AA19: Pcs | AB19: Pcs | AC19: Mtrs | AD19: Mtrs | AE19: Mtrs | AF19: Mtrs | AG19: Pcs
A20: 45453 | B20: Beginning Balance | E20: ='4-8-14,2024'!E24 -> 0 | F20: ='5-20-26,2024'!F24 -> 0 | G20: ='5-20-26,2024'!G24 -> 0 | H20: ='5-20-26,2024'!H24 -> #REF! | I20: ='5-20-26,2024'!I24 -> #REF! | J20: ='5-20-26,2024'!J24 -> 0 | K20: ='5-20-26,2024'!K24 -> 0 | L20: ='5-20-26,2024'!L24 -> 0 | M20: ='5-20-26,2024'!M24 -> 0 | ... O20: ='5-20-26,2024'!O24 -> #REF! | P20: 3120 | Q20: =P20/208*25 -> 375 | R20: ='6-3-9, 2024'!P24 -> 22659 | S20: ='6-3-9, 2024'!Q24 -> 6225 | T20: ='6-3-9, 2024'!R24 -> 0 | U20: ='6-3-9, 2024'!S24 -> 0 | V20: ='6-3-9, 2024'!T24 -> #REF! | W20: ='6-3-9, 2024'!U24 -> 975 | X20: ='6-3-9, 2024'!V24 -> #REF! | Y20: ='6-3-9, 2024'!W24 -> 2375 | ... AG20: ='6-3-9, 2024'!AE24 -> 96
A21: Entry From Consignee Magazine | G21: =F21/36*25 -> 0 | P21: 0 | Q21: 0 | R21: 0 | S21: 0 | W21: 0 | Y21: 0 | Z21: 0 | AA21: 0 | AB21: 0 | AC21: 0 | AD21: 0 | AE21: 0 | AF21: 0 | AG21: 0
A22: Total Stock On Hand | D22: =D20+D21 -> 0 | E22: =E20+E21 -> 0 | F22: =F20+F21 -> 0 | G22: =G20+G21 -> 0 | H22: =H20+H21 -> #REF! | I22: =I20+I21 -> #REF! | J22: =J20+J21 -> 0 | K22: =K20+K21 -> 0 | ... AG22: =AG20+AG21 -> 96
A23: Less: Total Weekly Consumption | E23: =D23/62*25 -> 0 | F23: 0 | G23: =F23/36*25 -> 0 | H23: =#REF! -> #REF! | I23: =#REF! -> #REF! | J23: 0 | K23: =J23/208*25 -> 0 | L23: 0 | M23: =L23/150*25 -> 0 | N23: 0 | O23: =N23/150*20 -> 0 | P23: =4*208 -> 832 | Q23: =P23/208*25 -> 100 | R23: =23*91 -> 2093 | S23: =R23/91*25 -> 575 | W23: 0 | Y23: 99 | Z23: 35 | AA23: 0 | AB23: 246 | AC23: 0 | AD23: 235 | AE23: 0 | AF23: 0 | AG23: 0
A24: 45459 | B24: Remaining Stock Balance | D24: =D22-D23 -> 0 | E24: =E22-E23 -> 0 | F24: =F22-F23 -> 0 | G24: =G22-G23 -> 0 | H24: =H22-H23 -> #REF! | I24: =I22-I23 -> #REF! | J24: =J22-J23 -> 0 | K24: =K22-K23 -> 0 | ... AG24: =AG22-AG23 -> 96
A27: Prepared by: | S27: Checked by: | T27: Certified correct by: | AB27: Certified Correct by:
A30: MR. JUN RAY C. ENDICO | S30: ENGR. EDWIN B. BATAL | T30: ENGR. EDWIN B. BATAL | AB30: ENGR. JOHN PAUHL T. NAVARRO
A31: Drill and Blast Engineer | S31: Mine Explosives Asst. Manager | T31: Mine Explosive Asst. Manager | AB31: Tigerway Project Manager
A32: Mount Rock Powder Corp. | S32: PHILSAGA MINING CORPORATION | X32: Mine Explosives Manager | AB32: PHILSAGA MINING CORPORATION
A33: Blaster License: FPDJ10-090819-04922 | S33: Blaster License: FKB15 - 080917- 04561

Sheet 6-17-23, 2024
A10: EXPLOSIVES WEEKLY CONSUMPTION - TIGERWAY DECLINE PROJECT
A11: JUNE 17-23, 2024
A14: SUPPLIER | D14: MT. ROCK
A16: DATE | B16: DESCRIPTION | D16: EMULSION | F16: EMULSION | H16: Dyna | J16: EMULSION | L16: EMULSION | N16: Dyna | P16: EMULSION | R16: EMULSION | T16: EMULSION | V16: Pentex | W16: Anfo | X16: S/Fuse | Y16: S/Fuse | Z16: OBC | AA16: SHOCKSTAR | AB16: SUPREME | AC16: NEOCORD | AD16: DETCORD | AE16: DETCORD | AF16: Billwire | AG16: EBC
D17: 62 | F17: 36 | H17: 200 | J17: 208 | L17: 150 | N17: 150 | P17: 208 | R17: 91 | T17: 135 | V17: Spider | X17: (savings) | AA17: 4.8 | AB17: 4.9 | AC17: 10 | AD17: 10 | AE17: 40
D18: Neogel 901 | F18: Emulex | H18: Superdyne | J18: EMULEX | L18: Super Power | N18: Senatel/Pulsar | P18: Superpower 90 | R18: Superpower 90 | T18: Senatel/Pulsar
D19: Pcs | E19: Kls | F19: Pcs | G19: Kls | H19: Pcs | I19: Kls | J19: Pcs | K19: Kls | L19: Pcs | M19: Kls | N19: Pcs | O19: Kls | P19: Pcs | Q19: Kls | R19: Pcs | S19: Kls | T19: Pcs | U19: Kls | V19: Pcs | W19: Kls | X19: Mtrs | Y19: Mtrs | Z19: Pcs | AA19: Pcs | AB19: Pcs | AC19: Mtrs | AD19: Mtrs | AE19: Mtrs | AF19: Mtrs | AG19: Pcs
A20: 45460 | B20: Beginning Balance | E20: ='4-8-14,2024'!E24 -> 0 | F20: ='5-20-26,2024'!F24 -> 0 | G20: ='5-20-26,2024'!G24 -> 0 | H20: ='5-20-26,2024'!H24 -> #REF! | I20: ='5-20-26,2024'!I24 -> #REF! | J20: ='5-20-26,2024'!J24 -> 0 | K20: ='5-20-26,2024'!K24 -> 0 | L20: ='5-20-26,2024'!L24 -> 0 | M20: ='5-20-26,2024'!M24 -> 0 | ... O20: ='5-20-26,2024'!O24 -> #REF! | P20: 2288 | Q20: =P20/208*25 -> 275 | R20: 20566 | S20: =R20/91*25 -> 5650 | T20: ='6-3-9, 2024'!R24 -> 0 | U20: ='6-3-9, 2024'!S24 -> 0 | V20: ='6-3-9, 2024'!T24 -> #REF! | W20: ='6-3-9, 2024'!U24 -> 975 | X20: ='6-3-9, 2024'!V24 -> #REF! | Y20: 2276 | Z20: 293 | AA20: ='6-3-9, 2024'!Y24 -> 160 | AB20: 9914 | AC20: ='6-3-9, 2024'!AA24 -> 0 | AD20: 2005 | AE20: ='6-3-9, 2024'!AC24 -> 0 | AF20: ='6-3-9, 2024'!AD24 -> 0 | AG20: ='6-3-9, 2024'!AE24 -> 96
A21: Entry From Consignee Magazine | G21: =F21/36*25 -> 0 | P21: =15*208 -> 3120 | Q21: 0 | R21: =230*91 -> 20930 | S21: =R21/91*25 -> 5750 | W21: 0 | Y21: 0 | Z21: 0 | AA21: 0 | AB21: 0 | AC21: 3000 | AD21: 0 | AE21: 3000 | AF21: 0 | AG21: 0
A22: Total Stock On Hand | D22: =D20+D21 -> 0 | E22: =E20+E21 -> 0 | F22: =F20+F21 -> 0 | G22: =G20+G21 -> 0 | H22: =H20+H21 -> #REF! | I22: =I20+I21 -> #REF! | J22: =J20+J21 -> 0 | K22: =K20+K21 -> 0 | ... AG22: =AG20+AG21 -> 96
A23: Less: Total Weekly Consumption | E23: =D23/62*25 -> 0 | F23: 0 | G23: =F23/36*25 -> 0 | H23: =#REF! -> #REF! | I23: =#REF! -> #REF! | J23: 0 | K23: =J23/208*25 -> 0 | L23: 0 | M23: =L23/150*25 -> 0 | N23: 0 | O23: =N23/150*20 -> 0 | P23: =10*208 -> 2080 | Q23: =P23/208*25 -> 250 | R23: =10*91 -> 910 | S23: =R23/91*25 -> 250 | Y23: 252.72 | Z23: 40 | AB23: 307 | AD23: 290 | AE23: 75
A24: 45466 | B24: Remaining Stock Balance | D24: =D22-D23 -> 0 | E24: =E22-E23 -> 0 | F24: =F22-F23 -> 0 | G24: =G22-G23 -> 0 | H24: =H22-H23 -> #REF! | I24: =I22-I23 -> #REF! | J24: =J22-J23 -> 0 | K24: =K22-K23 -> 0 | ... AG24: =AG22-AG23 -> 96
A27: Prepared by: | S27: Checked by: | T27: Certified correct by: | AB27: Certified Correct by:
A30: MR. JUN RAY C. ENDICO | S30: ENGR. RAFFY D. TORRES | T30: ENGR. EDWIN B. BATAL | AB30: ENGR. JOHN PAUHL T. NAVARRO
A31: Drill and Blast Engineer | S31: Mine Explosives Manager | T31: Mine Explosive Asst. Manager | AB31: Tigerway Project Manager
A32: Mount Rock Powder Corp. | S32: PHILSAGA MINING CORPORATION | X32: Mine Explosives Manager | AB32: PHILSAGA MINING CORPORATION
A33: Blaster License: FPDJ10-090819-04922 | S33: Blaster License: FKB15 - 080917- 04562

Sheet 6-24-30,2024
A10: EXPLOSIVES WEEKLY CONSUMPTION - TIGERWAY DECLINE PROJECT
A11: JUNE 24-30, 2024
A14: SUPPLIER | D14: MT. ROCK
A16: DATE | B16: DESCRIPTION | D16: EMULSION | F16: EMULSION | H16: Dyna | J16: EMULSION | L16: EMULSION | N16: Dyna | P16: EMULSION | R16: EMULSION | T16: EMULSION | V16: Pentex | W16: Anfo | X16: S/Fuse | Y16: S/Fuse | Z16: OBC | AA16: SHOCKSTAR | AB16: SUPREME | AC16: NEOCORD | AD16: DETCORD | AE16: DETCORD | AF16: Billwire | AG16: EBC
D17: 62 | F17: 36 | H17: 200 | J17: 208 | L17: 150 | N17: 150 | P17: 208 | R17: 91 | T17: 135 | V17: Spider | X17: (savings) | AA17: 4.8 | AB17: 4.9 | AC17: 10 | AD17: 10 | AE17: 40
D18: Neogel 901 | F18: Emulex | H18: Superdyne | J18: EMULEX | L18: Super Power | N18: Senatel/Pulsar | P18: Superpower 90 | R18: Superpower 90 | T18: Senatel/Pulsar
D19: Pcs | E19: Kls | F19: Pcs | G19: Kls | H19: Pcs | I19: Kls | J19: Pcs | K19: Kls | L19: Pcs | M19: Kls | N19: Pcs | O19: Kls | P19: Pcs | Q19: Kls | R19: Pcs | S19: Kls | T19: Pcs | U19: Kls | V19: Pcs | W19: Kls | X19: Mtrs | Y19: Mtrs | Z19: Pcs | AA19: Pcs | AB19: Pcs | AC19: Mtrs | AD19: Mtrs | AE19: Mtrs | AF19: Mtrs | AG19: Pcs
A20: 45467 | B20: Beginning Balance | E20: ='4-8-14,2024'!E24 -> 0 | F20: ='5-20-26,2024'!F24 -> 0 | G20: ='5-20-26,2024'!G24 -> 0 | H20: ='5-20-26,2024'!H24 -> #REF! | I20: ='5-20-26,2024'!I24 -> #REF! | J20: ='5-20-26,2024'!J24 -> 0 | K20: ='5-20-26,2024'!K24 -> 0 | L20: ='5-20-26,2024'!L24 -> 0 | M20: ='5-20-26,2024'!M24 -> 0 | ... O20: ='5-20-26,2024'!O24 -> #REF! | P20: =3328-3120 -> 208 | Q20: =P20/208*25 -> 25 | R20: =40586-38-3693 -> 36855 | S20: =R20/91*25 -> 10125 | T20: ='6-17-23, 2024'!T24 -> 0 | U20: ='6-17-23, 2024'!U24 -> 0 | V20: ='6-17-23, 2024'!V24 -> #REF! | W20: ='6-17-23, 2024'!W24 -> 975 | X20: ='6-17-23, 2024'!X24 -> #REF! | Y20: ='6-17-23, 2024'!Y24 -> 2023.28 | Z20: =253+23 -> 276 | AA20: 0 | AB20: =9607-285 -> 9322 | AC20: ='6-17-23, 2024'!AC24 -> 3000 | AD20: =1715+40 -> 1755 | AE20: ='6-17-23, 2024'!AE24 -> 2925 | AF20: ='6-17-23, 2024'!AF24 -> 0 | AG20: ='6-17-23, 2024'!AG24 -> 96
A21: Entry From Consignee Magazine | G21: =F21/36*25 -> 0
A22: Total Stock On Hand | D22: =D20+D21 -> 0 | E22: =E20+E21 -> 0 | F22: =F20+F21 -> 0 | G22: =G20+G21 -> 0 | H22: =H20+H21 -> #REF! | I22: =I20+I21 -> #REF! | J22: =J20+J21 -> 0 | K22: =K20+K21 -> 0 | ... AG22: =AG20+AG21 -> 96
A23: Less: Total Weekly Consumption | E23: =D23/62*25 -> 0 | F23: 0 | G23: =F23/36*25 -> 0 | H23: =#REF! -> #REF! | I23: =#REF! -> #REF! | J23: 0 | K23: =J23/208*25 -> 0 | L23: 0 | M23: =L23/150*25 -> 0 | N23: 0 | O23: =N23/150*20 -> 0 | P23: =104+104 -> 208 | Q23: =P23/208*25 -> 25 | R23: =11*91 -> 1001 | S23: =R23/91*25 -> 275 | W23: 0 | Y23: 60 | Z23: 25 | AB23: 112 | AD23: 200 | AE23: 75 | AF23: 0 | AG23: 0
A24: 45473 | B24: Remaining Stock Balance | D24: =D22-D23 -> 0 | E24: =E22-E23 -> 0 | F24: =F22-F23 -> 0 | G24: =G22-G23 -> 0 | H24: =H22-H23 -> #REF! | I24: =I22-I23 -> #REF! | J24: =J22-J23 -> 0 | K24: =K22-K23 -> 0 | ... AG24: =AG22-AG23 -> 96
A27: Prepared by: | Q27: Checked by: | T27: Certified correct by: | AA27: Certified Correct by:
A30: MR. JUN RAY C. ENDICO | Q30: ENGR. RAFFY D. TORRES | T30: ENGR. EDWIN B. BATAL | AA30: ENGR. JOHN PAUHL T. NAVARRO
A31: Drill and Blast Engineer | Q31: Mine Explosives Manager | T31: Mine Explosive Asst. Manager | AA31: Tigerway Project Manager
A32: Mount Rock Powder Corp. | Q32: PHILSAGA MINING CORPORATION | X32: Mine Explosives Manager | AA32: PHILSAGA MINING CORPORATION
A33: Blaster License: FPDJ10-090819-04922 | Q33: Blaster License: FKB15 - 080917- 04562

Sheet 7-1-7.2024
A10: EXPLOSIVES WEEKLY CONSUMPTION - TIGERWAY DECLINE PROJECT
A11: JULY 1-7, 2024
A14: SUPPLIER | D14: MT. ROCK
A16: DATE | B16: DESCRIPTION | D16: EMULSION | F16: EMULSION | H16: Dyna | J16: EMULSION | L16: EMULSION | N16: Dyna | P16: EMULSION | R16: EMULSION | T16: EMULSION | V16: Pentex | W16: Anfo | X16: S/Fuse | Y16: S/Fuse | Z16: OBC | AA16: SHOCKSTAR | AB16: SUPREME | AC16: NEOCORD | AD16: DETCORD | AE16: DETCORD | AF16: Billwire | AG16: EBC
D17: 62 | F17: 36 | H17: 200 | J17: 208 | L17: 150 | N17: 150 | P17: 208 | R17: 91 | T17: 135 | V17: Spider | X17: (savings) | AA17: 4.8 | AB17: 4.9 | AC17: 10 | AD17: 10 | AE17: 40
D18: Neogel 901 | F18: Emulex | H18: Superdyne | J18: EMULEX | L18: Super Power | N18: Senatel/Pulsar | P18: Superpower 90 | R18: Superpower 90 | T18: Senatel/Pulsar
D19: Pcs | E19: Kls | F19: Pcs | G19: Kls | H19: Pcs | I19: Kls | J19: Pcs | K19: Kls | L19: Pcs | M19: Kls | N19: Pcs | O19: Kls | P19: Pcs | Q19: Kls | R19: Pcs | S19: Kls | T19: Pcs | U19: Kls | V19: Pcs | W19: Kls | X19: Mtrs | Y19: Mtrs | Z19: Pcs | AA19: Pcs | AB19: Pcs | AC19: Mtrs | AD19: Mtrs | AE19: Mtrs | AF19: Mtrs | AG19: Pcs
A20: 45474 | B20: Beginning Balance | E20: ='4-8-14,2024'!E24 -> 0 | F20: ='5-20-26,2024'!F24 -> 0 | G20: ='5-20-26,2024'!G24 -> 0 | H20: ='5-20-26,2024'!H24 -> #REF! | I20: ='5-20-26,2024'!I24 -> #REF! | J20: ='5-20-26,2024'!J24 -> 0 | K20: ='5-20-26,2024'!K24 -> 0 | L20: ='5-20-26,2024'!L24 -> 0 | M20: ='5-20-26,2024'!M24 -> 0 | ... O20: ='5-20-26,2024'!O24 -> #REF! | P20: ='6-24-30,2024'!P24 -> 0 | Q20: ='6-24-30,2024'!Q24 -> 0 | R20: 35945 | S20: ='6-24-30,2024'!S24 -> 9850 | T20: ='6-24-30,2024'!T24 -> 0 | U20: ='6-24-30,2024'!U24 -> 0 | V20: ='6-24-30,2024'!V24 -> #REF! | W20: ='6-24-30,2024'!W24 -> 975 | X20: ='6-24-30,2024'!X24 -> #REF! | Y20: 2072 | Z20: ='6-24-30,2024'!Z24 -> 251 | AA20: ='6-24-30,2024'!AA24 -> 0 | AB20: ='6-24-30,2024'!AB24 -> 9210 | AC20: ='6-24-30,2024'!AC24 -> 3000 | AD20: ='6-24-30,2024'!AD24 -> 1555 | AE20: ='6-24-30,2024'!AE24 -> 2850 | AF20: ='6-24-30,2024'!AF24 -> 0 | AG20: ='6-24-30,2024'!AG24 -> 96
A21: Entry From Consignee Magazine | G21: =F21/36*25 -> 0
A22: Total Stock On Hand | D22: =D20+D21 -> 0 | E22: =E20+E21 -> 0 | F22: =F20+F21 -> 0 | G22: =G20+G21 -> 0 | H22: =H20+H21 -> #REF! | I22: =I20+I21 -> #REF! | J22: =J20+J21 -> 0 | K22: =K20+K21 -> 0 | ... AG22: =AG20+AG21 -> 96
A23: Less: Total Weekly Consumption | E23: =D23/62*25 -> 0 | F23: 0 | G23: =F23/36*25 -> 0 | H23: =#REF! -> #REF! | I23: =#REF! -> #REF! | J23: 0 | K23: =J23/208*25 -> 0 | L23: 0 | M23: =L23/150*25 -> 0 | N23: 0 | O23: =N23/150*20 -> 0 | Q23: =P23/208*25 -> 0 | R23: 5642 | S23: =R23/91*25 -> 1550 | W23: 0 | Y23: 120 | Z23: 30 | AB23: 378 | AD23: 480 | AE23: 450 | AF23: 0 | AG23: 0
A24: 45480 | B24: Remaining Stock Balance | D24: =D22-D23 -> 0 | E24: =E22-E23 -> 0 | F24: =F22-F23 -> 0 | G24: =G22-G23 -> 0 | H24: =H22-H23 -> #REF! | I24: =I22-I23 -> #REF! | J24: =J22-J23 -> 0 | K24: =K22-K23 -> 0 | ... AG24: =AG22-AG23 -> 96
A27: Prepared by: | Q27: Checked by: | T27: Certified correct by: | AA27: Certified Correct by:
A30: MR. JUN RAY C. ENDICO | Q30: ENGR. RAFFY D. TORRES | T30: ENGR. EDWIN B. BATAL | AA30: ENGR. JOHN PAUHL T. NAVARRO
A31: Drill and Blast Engineer | Q31: Mine Explosives Manager | T31: Mine Explosive Asst. Manager | AA31: Tigerway Project Manager
A32: Mount Rock Powder Corp. | Q32: PHILSAGA MINING CORPORATION | X32: Mine Explosives Manager | AA32: PHILSAGA MINING CORPORATION
A33: Blaster License: FPDJ10-090819-04922 | Q33: Blaster License: FKB15 - 080917- 04562

Sheet 7-8-14, 2024
A10: EXPLOSIVES WEEKLY CONSUMPTION - TIGERWAY DECLINE PROJECT
A11: JULY 8-14, 2024
A14: SUPPLIER | D14: MT. ROCK
A16: DATE | B16: DESCRIPTION | D16: EMULSION | F16: EMULSION | H16: Dyna | J16: EMULSION | L16: EMULSION | N16: Dyna | P16: EMULSION | R16: EMULSION | T16: EMULSION | V16: Pentex | W16: Anfo | X16: S/Fuse | Y16: S/Fuse | Z16: OBC | AA16: SHOCKSTAR | AB16: SUPREME | AC16: NEOCORD | AD16: DETCORD | AE16: DETCORD | AF16: Billwire | AG16: EBC
D17: 62 | F17: 36 | H17: 200 | J17: 208 | L17: 150 | N17: 150 | P17: 208 | R17: 91 | T17: 135 | V17: Spider | X17: (savings) | AA17: 4.8 | AB17: 4.9 | AC17: 10 | AD17: 10 | AE17: 40
D18: Neogel 901 | F18: Emulex | H18: Superdyne | J18: EMULEX | L18: Super Power | N18: Senatel/Pulsar | P18: Superpower 90 | R18: Superpower 90 | T18: Senatel/Pulsar
D19: Pcs | E19: Kls | F19: Pcs | G19: Kls | H19: Pcs | I19: Kls | J19: Pcs | K19: Kls | L19: Pcs | M19: Kls | N19: Pcs | O19: Kls | P19: Pcs | Q19: Kls | R19: Pcs | S19: Kls | T19: Pcs | U19: Kls | V19: Pcs | W19: Kls | X19: Mtrs | Y19: Mtrs | Z19: Pcs | AA19: Pcs | AB19: Pcs | AC19: Mtrs | AD19: Mtrs | AE19: Mtrs | AF19: Mtrs | AG19: Pcs
A20: 45481 | B20: Beginning Balance | E20: ='4-8-14,2024'!E24 -> 0 | F20: ='5-20-26,2024'!F24 -> 0 | G20: ='5-20-26,2024'!G24 -> 0 | H20: ='5-20-26,2024'!H24 -> #REF! | I20: ='5-20-26,2024'!I24 -> #REF! | J20: ='5-20-26,2024'!J24 -> 0 | K20: ='5-20-26,2024'!K24 -> 0 | L20: ='5-20-26,2024'!L24 -> 0 | M20: ='5-20-26,2024'!M24 -> 0 | ... O20: ='5-20-26,2024'!O24 -> #REF! | P20: ='6-24-30,2024'!P24 -> 0 | Q20: ='6-24-30,2024'!Q24 -> 0 | R20: 30303 | S20: ='6-24-30,2024'!S24 -> 9850 | T20: ='6-24-30,2024'!T24 -> 0 | U20: ='6-24-30,2024'!U24 -> 0 | V20: ='6-24-30,2024'!V24 -> #REF! | W20: ='6-24-30,2024'!W24 -> 975 | X20: ='6-24-30,2024'!X24 -> #REF! | Y20: 1952 | Z20: 221 | AA20: ='6-24-30,2024'!AA24 -> 0 | AB20: 8832 | AC20: ='6-24-30,2024'!AC24 -> 3000 | AD20: 1075 | AE20: 2400 | AF20: ='6-24-30,2024'!AF24 -> 0 | AG20: ='6-24-30,2024'!AG24 -> 96
A21: Entry From Consignee Magazine | G21: =F21/36*25 -> 0
A22: Total Stock On Hand | D22: =D20+D21 -> 0 | E22: =E20+E21 -> 0 | F22: =F20+F21 -> 0 | G22: =G20+G21 -> 0 | H22: =H20+H21 -> #REF! | I22: =I20+I21 -> #REF! | J22: =J20+J21 -> 0 | K22: =K20+K21 -> 0 | ... AG22: =AG20+AG21 -> 96
A23: Less: Total Weekly Consumption | E23: =D23/62*25 -> 0 | F23: 0 | G23: =F23/36*25 -> 0 | H23: =#REF! -> #REF! | I23: =#REF! -> #REF! | J23: 0 | K23: =J23/208*25 -> 0 | L23: 0 | M23: =L23/150*25 -> 0 | N23: 0 | O23: =N23/150*20 -> 0 | Q23: =P23/208*25 -> 0 | R23: 7644 | S23: =R23/91*25 -> 2100 | W23: 0 | Y23: 160 | Z23: 40 | AB23: 504 | AD23: 650 | AE23: 600 | AF23: 0 | AG23: 0
A24: 45487 | B24: Remaining Stock Balance | D24: =D22-D23 -> 0 | E24: =E22-E23 -> 0 | F24: =F22-F23 -> 0 | G24: =G22-G23 -> 0 | H24: =H22-H23 -> #REF! | I24: =I22-I23 -> #REF! | J24: =J22-J23 -> 0 | K24: =K22-K23 -> 0 | ... AG24: =AG22-AG23 -> 96
A27: Prepared by: | Q27: Checked by: | T27: Certified correct by: | AA27: Certified Correct by:
A30: MR. ARGYNE LEO B. LIBAO JR. | Q30: ENGR. EDWIN B. BATAL | T30: ENGR. EDWIN B. BATAL | AA30: ENGR. JOHN PAUHL T. NAVARRO
A31: Drill and Blast Engineer | Q31: Mine Explosives Asst. Manager | T31: Mine Explosive Asst. Manager | AA31: Tigerway Project Manager
A32: Mount Rock Powder Corp. | Q32: PHILSAGA MINING CORPORATION | X32: Mine Explosives Manager | AA32: PHILSAGA MINING CORPORATION
A33: Blaster License: FPDJ10-240424-1116 | Q33: Blaster License: FKB15 - 080917- 04561

Sheet 7-15-21, 2024
A10: EXPLOSIVES WEEKLY CONSUMPTION - TIGERWAY DECLINE PROJECT
A11: JULY 15-21, 2024
A14: SUPPLIER | D14: MT. ROCK
A16: DATE | B16: DESCRIPTION | D16: EMULSION | F16: EMULSION | H16: Dyna | J16: EMULSION | L16: EMULSION | N16: Dyna | P16: EMULSION | R16: EMULSION | T16: EMULSION | V16: Pentex | W16: Anfo | X16: S/Fuse | Y16: S/Fuse | Z16: OBC | AA16: SHOCKSTAR | AB16: SUPREME | AC16: NEOCORD | AD16: DETCORD | AE16: DETCORD | AF16: Billwire | AG16: EBC
D17: 62 | F17: 36 | H17: 200 | J17: 208 | L17: 150 | N17: 150 | P17: 208 | R17: 91 | T17: 135 | V17: Spider | X17: (savings) | AA17: 4.8 | AB17: 4.9 | AC17: 10 | AD17: 10 | AE17: 40
D18: Neogel 901 | F18: Emulex | H18: Superdyne | J18: EMULEX | L18: Super Power | N18: Senatel/Pulsar | P18: Superpower 90 | R18: Superpower 90 | T18: Senatel/Pulsar
D19: Pcs | E19: Kls | F19: Pcs | G19: Kls | H19: Pcs | I19: Kls | J19: Pcs | K19: Kls | L19: Pcs | M19: Kls | N19: Pcs | O19: Kls | P19: Pcs | Q19: Kls | R19: Pcs | S19: Kls | T19: Pcs | U19: Kls | V19: Pcs | W19: Kls | X19: Mtrs | Y19: Mtrs | Z19: Pcs | AA19: Pcs | AB19: Pcs | AC19: Mtrs | AD19: Mtrs | AE19: Mtrs | AF19: Mtrs | AG19: Pcs
A20: 45488 | B20: Beginning Balance | E20: ='4-8-14,2024'!E24 -> 0 | F20: ='5-20-26,2024'!F24 -> 0 | G20: ='5-20-26,2024'!G24 -> 0 | H20: ='5-20-26,2024'!H24 -> #REF! | I20: ='5-20-26,2024'!I24 -> #REF! | J20: ='5-20-26,2024'!J24 -> 0 | K20: ='5-20-26,2024'!K24 -> 0 | L20: ='5-20-26,2024'!L24 -> 0 | M20: ='5-20-26,2024'!M24 -> 0 | ... O20: ='5-20-26,2024'!O24 -> #REF! | P20: ='6-24-30,2024'!P24 -> 0 | Q20: ='6-24-30,2024'!Q24 -> 0 | R20: 22659 | S20: ='6-24-30,2024'!S24 -> 9850 | T20: ='6-24-30,2024'!T24 -> 0 | U20: ='6-24-30,2024'!U24 -> 0 | V20: ='6-24-30,2024'!V24 -> #REF! | W20: ='6-24-30,2024'!W24 -> 975 | X20: ='6-24-30,2024'!X24 -> #REF! | Y20: 1792 | Z20: 181 | AA20: ='6-24-30,2024'!AA24 -> 0 | AB20: 8328 | AC20: ='6-24-30,2024'!AC24 -> 3000 | AD20: 425 | AE20: 1800 | AF20: ='6-24-30,2024'!AF24 -> 0 | AG20: ='6-24-30,2024'!AG24 -> 96
A21: Entry From Consignee Magazine | G21: =F21/36*25 -> 0
A22: Total Stock On Hand | D22: =D20+D21 -> 0 | E22: =E20+E21 -> 0 | F22: =F20+F21 -> 0 | G22: =G20+G21 -> 0 | H22: =H20+H21 -> #REF! | I22: =I20+I21 -> #REF! | J22: =J20+J21 -> 0 | K22: =K20+K21 -> 0 | ... AG22: =AG20+AG21 -> 96
A23: Less: Total Weekly Consumption | E23: =D23/62*25 -> 0 | F23: 0 | G23: =F23/36*25 -> 0 | H23: =#REF! -> #REF! | I23: =#REF! -> #REF! | J23: 0 | K23: =J23/208*25 -> 0 | L23: 0 | M23: =L23/150*25 -> 0 | N23: 0 | O23: =N23/150*20 -> 0 | Q23: =P23/208*25 -> 0 | R23: =93*91 -> 8463 | S23: =R23/91*25 -> 2325 | Y23: 180 | Z23: 45 | AB23: 567 | AC23: 500 | AD23: 425 | AE23: 675
A24: 45494 | B24: Remaining Stock Balance | D24: =D22-D23 -> 0 | E24: =E22-E23 -> 0 | F24: =F22-F23 -> 0 | G24: =G22-G23 -> 0 | H24: =H22-H23 -> #REF! | I24: =I22-I23 -> #REF! | J24: =J22-J23 -> 0 | K24: =K22-K23 -> 0 | ... AG24: =AG22-AG23 -> 96
A27: Prepared by: | Q27: Checked by: | T27: Certified correct by: | AA27: Certified Correct by:
A30: MR. ARGYNE LEO B. LIBAO JR. | Q30: ENGR. RAFFY D. TORRES | T30: ENGR. EDWIN B. BATAL | AA30: ENGR. JOHN PAUHL T. NAVARRO
A31: Drill and Blast Engineer | Q31: Mine Explosives Manager | T31: Mine Explosive Asst. Manager | AA31: Tigerway Project Manager
A32: Mount Rock Powder Corp. | Q32: PHILSAGA MINING CORPORATION | X32: Mine Explosives Manager | AA32: PHILSAGA MINING CORPORATION
A33: Blaster License: FPDJ10-240424-1116 | Q33: Blaster License: FKB15 - 080917- 04562

Sheet 7-22-28,2024
A10: EXPLOSIVES WEEKLY CONSUMPTION - TIGERWAY DECLINE PROJECT
A11: JULY 22-28, 2024
A14: SUPPLIER | D14: MT. ROCK
A16: DATE | B16: DESCRIPTION | D16: EMULSION | F16: EMULSION | H16: Dyna | J16: EMULSION | L16: EMULSION | N16: Dyna | P16: EMULSION | R16: EMULSION | T16: EMULSION | V16: Pentex | W16: Anfo | X16: S/Fuse | Y16: S/Fuse | Z16: OBC | AA16: SHOCKSTAR | AB16: SUPREME | AC16: NEOCORD | AD16: DETCORD | AE16: DETCORD | AF16: Billwire | AG16: EBC
D17: 62 | F17: 36 | H17: 200 | J17: 208 | L17: 150 | N17: 150 | P17: 208 | R17: 91 | T17: 135 | V17: Spider | X17: (savings) | AA17: 4.8 | AB17: 4.9 | AC17: 10 | AD17: 10 | AE17: 40
D18: Neogel 901 | F18: Emulex | H18: Superdyne | J18: EMULEX | L18: Super Power | N18: Senatel/Pulsar | P18: Superpower 90 | R18: Superpower 90 | T18: Senatel/Pulsar
D19: Pcs | E19: Kls | F19: Pcs | G19: Kls | H19: Pcs | I19: Kls | J19: Pcs | K19: Kls | L19: Pcs | M19: Kls | N19: Pcs | O19: Kls | P19: Pcs | Q19: Kls | R19: Pcs | S19: Kls | T19: Pcs | U19: Kls | V19: Pcs | W19: Kls | X19: Mtrs | Y19: Mtrs | Z19: Pcs | AA19: Pcs | AB19: Pcs | AC19: Mtrs | AD19: Mtrs | AE19: Mtrs | AF19: Mtrs | AG19: Pcs
A20: 45495 | B20: Beginning Balance | E20: ='4-8-14,2024'!E24 -> 0 | F20: ='5-20-26,2024'!F24 -> 0 | G20: ='5-20-26,2024'!G24 -> 0 | H20: ='5-20-26,2024'!H24 -> #REF! | I20: ='5-20-26,2024'!I24 -> #REF! | J20: ='5-20-26,2024'!J24 -> 0 | K20: ='5-20-26,2024'!K24 -> 0 | L20: ='5-20-26,2024'!L24 -> 0 | M20: ='5-20-26,2024'!M24 -> 0 | ... O20: ='5-20-26,2024'!O24 -> #REF! | P20: ='7-15-21, 2024'!P24 -> 0 | Q20: ='7-15-21, 2024'!Q24 -> 0 | R20: ='7-15-21, 2024'!R24 -> 14196 | S20: ='7-15-21, 2024'!S24 -> 7525 | T20: ='7-15-21, 2024'!T24 -> 0 | U20: ='7-15-21, 2024'!U24 -> 0 | V20: ='7-15-21, 2024'!V24 -> #REF! | W20: ='7-15-21, 2024'!W24 -> 975 | ... AG20: ='7-15-21, 2024'!AG24 -> 96
A21: Entry From Consignee Magazine | G21: =F21/36*25 -> 0
A22: Total Stock On Hand | D22: =D20+D21 -> 0 | E22: =E20+E21 -> 0 | F22: =F20+F21 -> 0 | G22: =G20+G21 -> 0 | H22: =H20+H21 -> #REF! | I22: =I20+I21 -> #REF! | J22: =J20+J21 -> 0 | K22: =K20+K21 -> 0 | ... AG22: =AG20+AG21 -> 96
A23: Less: Total Weekly Consumption | E23: =D23/62*25 -> 0 | F23: 0 | G23: =F23/36*25 -> 0 | H23: =#REF! -> #REF! | I23: =#REF! -> #REF! | J23: 0 | K23: =J23/208*25 -> 0 | L23: 0 | M23: =L23/150*25 -> 0 | N23: 0 | O23: =N23/150*20 -> 0 | Q23: =P23/208*25 -> 0 | R23: 6825 | S23: =R23/91*25 -> 1875 | Y23: 120 | Z23: 30 | AB23: 439 | AC23: 980 | AE23: 450
A24: 45501 | B24: Remaining Stock Balance | D24: =D22-D23 -> 0 | E24: =E22-E23 -> 0 | F24: =F22-F23 -> 0 | G24: =G22-G23 -> 0 | H24: =H22-H23 -> #REF! | I24: =I22-I23 -> #REF! | J24: =J22-J23 -> 0 | K24: =K22-K23 -> 0 | ... AG24: =AG22-AG23 -> 96
A27: Prepared by: | Q27: Checked by: | T27: Certified correct by: | Z27: Certified Correct by:
A30: MR. JUN RAY C. ENDICO | Q30: ENGR. RAFFY D. TORRES | T30: ENGR. EDWIN B. BATAL | Z30: ENGR. JOHN PAUHL T. NAVARRO
A31: Drill and Blast Engineer | Q31: Mine Explosives Manager | T31: Mine Explosive Asst. Manager | Z31: Tigerway Project Manager
A32: Mount Rock Powder Corp. | Q32: PHILSAGA MINING CORPORATION | X32: Mine Explosives Manager | Z32: PHILSAGA MINING CORPORATION
A33: Blaster License: FPDJ10-090819-04922 | Q33: Blaster License: FKB15 - 080917- 04562

Sheet 7-29-8-4,2024
A10: EXPLOSIVES WEEKLY CONSUMPTION - TIGERWAY DECLINE PROJECT
A11: JULY 29 - AUGUST 4, 2024
A14: SUPPLIER | D14: MT. ROCK
A16: DATE | B16: DESCRIPTION | D16: EMULSION | F16: EMULSION | H16: Dyna | J16: EMULSION | L16: EMULSION | N16: Dyna | P16: EMULSION | R16: EMULSION | T16: EMULSION | V16: Pentex | W16: Anfo | X16: S/Fuse | Y16: S/Fuse | Z16: OBC | AA16: SHOCKSTAR | AB16: SUPREME | AC16: NEOCORD | AD16: DETCORD | AE16: DETCORD | AF16: Billwire | AG16: EBC
D17: 62 | F17: 36 | H17: 200 | J17: 208 | L17: 150 | N17: 150 | P17: 208 | R17: 91 | T17: 135 | V17: Spider | X17: (savings) | AA17: 4.8 | AB17: 4.9 | AC17: 10 | AD17: 10 | AE17: 40
D18: Neogel 901 | F18: Emulex | H18: Superdyne | J18: EMULEX | L18: Super Power | N18: Senatel/Pulsar | P18: Superpower 90 | R18: Superpower 90 | T18: Senatel/Pulsar
D19: Pcs | E19: Kls | F19: Pcs | G19: Kls | H19: Pcs | I19: Kls | J19: Pcs | K19: Kls | L19: Pcs | M19: Kls | N19: Pcs | O19: Kls | P19: Pcs | Q19: Kls | R19: Pcs | S19: Kls | T19: Pcs | U19: Kls | V19: Pcs | W19: Kls | X19: Mtrs | Y19: Mtrs | Z19: Pcs | AA19: Pcs | AB19: Pcs | AC19: Mtrs | AD19: Mtrs | AE19: Mtrs | AF19: Mtrs | AG19: Pcs
A20: 45501 | B20: Beginning Balance | E20: ='4-8-14,2024'!E24 -> 0 | F20: ='5-20-26,2024'!F24 -> 0 | G20: ='5-20-26,2024'!G24 -> 0 | H20: ='5-20-26,2024'!H24 -> #REF! | I20: ='5-20-26,2024'!I24 -> #REF! | J20: ='5-20-26,2024'!J24 -> 0 | K20: ='5-20-26,2024'!K24 -> 0 | L20: ='5-20-26,2024'!L24 -> 0 | M20: ='5-20-26,2024'!M24 -> 0 | ... O20: ='5-20-26,2024'!O24 -> #REF! | P20: ='7-22-28,2024'!P24 -> 0 | Q20: ='7-22-28,2024'!Q24 -> 0 | R20: ='7-22-28,2024'!R24 -> 7371 | S20: ='7-22-28,2024'!S24 -> 5650 | T20: ='7-22-28,2024'!T24 -> 0 | U20: ='7-22-28,2024'!U24 -> 0 | V20: ='7-22-28,2024'!V24 -> #REF! | W20: ='7-22-28,2024'!W24 -> 975 | ... AG20: ='7-22-28,2024'!AG24 -> 96
A21: Entry From Consignee Magazine | G21: =F21/36*25 -> 0 | R21: =270*91 -> 24570 | S21: =R21/91*25 -> 6750 | Y21: 1000 | Z21: 200 | AB21: 2420 | AC21: 3000 | AE21: 1200 | AF21: 0
A22: Total Stock On Hand | D22: =D20+D21 -> 0 | E22: =E20+E21 -> 0 | F22: =F20+F21 -> 0 | G22: =G20+G21 -> 0 | H22: =H20+H21 -> #REF! | I22: =I20+I21 -> #REF! | J22: =J20+J21 -> 0 | K22: =K20+K21 -> 0 | ... AG22: =AG20+AG21 -> 96
A23: Less: Total Weekly Consumption | E23: =D23/62*25 -> 0 | F23: 0 | G23: =F23/36*25 -> 0 | H23: =#REF! -> #REF! | I23: =#REF! -> #REF! | J23: 0 | K23: =J23/208*25 -> 0 | L23: 0 | M23: =L23/150*25 -> 0 | N23: 0 | O23: =N23/150*20 -> 0 | Q23: =P23/208*25 -> 0 | R23: =112*91 -> 10192 | S23: =R23/91*25 -> 2800 | Y23: 165 | Z23: 43 | AA23: 0 | AB23: 696 | AC23: 1390 | AE23: 450
A24: 45508 | B24: Remaining Stock Balance | D24: =D22-D23 -> 0 | E24: =E22-E23 -> 0 | F24: =F22-F23 -> 0 | G24: =G22-G23 -> 0 | H24: =H22-H23 -> #REF! | I24: =I22-I23 -> #REF! | J24: =J22-J23 -> 0 | K24: =K22-K23 -> 0 | ... AG24: =AG22-AG23 -> 96
A27: Prepared by: | Q27: Checked by: | T27: Certified correct by: | Z27: Certified Correct by:
A30: MR. JUN RAY C. ENDICO | Q30: ENGR. RAFFY D. TORRES | T30: ENGR. EDWIN B. BATAL | Z30: ENGR. JOHN PAUHL T. NAVARRO
A31: Drill and Blast Engineer | Q31: Mine Explosives Manager | T31: Mine Explosive Asst. Manager | Z31: Tigerway Project Manager
A32: Mount Rock Powder Corp. | Q32: PHILSAGA MINING CORPORATION | X32: Mine Explosives Manager | Z32: PHILSAGA MINING CORPORATION
A33: Blaster License: FPDJ10-090819-04922 | Q33: Blaster License: FKB15 - 080917- 04562

Sheet 8-5-11,2024
A10: EXPLOSIVES WEEKLY CONSUMPTION - TIGERWAY DECLINE PROJECT
A11: AUGUST 5-11, 2024
A14: SUPPLIER | D14: MT. ROCK
A16: DATE | B16: DESCRIPTION | D16: EMULSION | F16: EMULSION | H16: Dyna | J16: EMULSION | L16: EMULSION | N16: Dyna | P16: EMULSION | R16: EMULSION | T16: EMULSION | V16: Pentex | W16: Anfo | X16: S/Fuse | Y16: S/Fuse | Z16: OBC | AA16: SHOCKSTAR | AB16: SUPREME | AC16: NEOCORD | AD16: DETCORD | AE16: DETCORD | AF16: Billwire | AG16: EBC
D17: 62 | F17: 36 | H17: 200 | J17: 208 | L17: 150 | N17: 150 | P17: 208 | R17: 91 | T17: 135 | V17: Spider | X17: (savings) | AA17: 4.8 | AB17: 4.9 | AC17: 10 | AD17: 10 | AE17: 40
D18: Neogel 901 | F18: Emulex | H18: Superdyne | J18: EMULEX | L18: Super Power | N18: Senatel/Pulsar | P18: Superpower 90 | R18: Superpower 90 | T18: Senatel/Pulsar
D19: Pcs | E19: Kls | F19: Pcs | G19: Kls | H19: Pcs | I19: Kls | J19: Pcs | K19: Kls | L19: Pcs | M19: Kls | N19: Pcs | O19: Kls | P19: Pcs | Q19: Kls | R19: Pcs | S19: Kls | T19: Pcs | U19: Kls | V19: Pcs | W19: Kls | X19: Mtrs | Y19: Mtrs | Z19: Pcs | AA19: Pcs | AB19: Pcs | AC19: Mtrs | AD19: Mtrs | AE19: Mtrs | AF19: Mtrs | AG19: Pcs
A20: 45509 | B20: Beginning Balance | E20: ='4-8-14,2024'!E24 -> 0 | F20: ='5-20-26,2024'!F24 -> 0 | G20: ='5-20-26,2024'!G24 -> 0 | H20: ='5-20-26,2024'!H24 -> #REF! | I20: ='5-20-26,2024'!I24 -> #REF! | J20: ='5-20-26,2024'!J24 -> 0 | K20: ='5-20-26,2024'!K24 -> 0 | L20: ='5-20-26,2024'!L24 -> 0 | M20: ='5-20-26,2024'!M24 -> 0 | ... O20: ='5-20-26,2024'!O24 -> #REF! | P20: ='7-29-8-4,2024'!P24 -> 0 | Q20: ='7-29-8-4,2024'!Q24 -> 0 | R20: ='7-29-8-4,2024'!R24 -> 21749 | S20: ='7-29-8-4,2024'!S24 -> 9600 | T20: ='7-29-8-4,2024'!T24 -> 0 | U20: ='7-29-8-4,2024'!U24 -> 0 | V20: ='7-29-8-4,2024'!V24 -> #REF! | W20: ='7-29-8-4,2024'!W24 -> 975 | ... AG20: ='7-29-8-4,2024'!AG24 -> 96
A21: Entry From Consignee Magazine | G21: =F21/36*25 -> 0 | S21: =R21/91*25 -> 0
A22: Total Stock On Hand | D22: =D20+D21 -> 0 | E22: =E20+E21 -> 0 | F22: =F20+F21 -> 0 | G22: =G20+G21 -> 0 | H22: =H20+H21 -> #REF! | I22: =I20+I21 -> #REF! | J22: =J20+J21 -> 0 | K22: =K20+K21 -> 0 | ... AG22: =AG20+AG21 -> 96
A23: Less: Total Weekly Consumption | E23: =D23/62*25 -> 0 | F23: 0 | G23: =F23/36*25 -> 0 | H23: =#REF! -> #REF! | I23: =#REF! -> #REF! | J23: 0 | K23: =J23/208*25 -> 0 | L23: 0 | M23: =L23/150*25 -> 0 | N23: 0 | O23: =N23/150*20 -> 0 | Q23: =P23/208*25 -> 0 | R23: =150*91 -> 13650 | S23: =R23/91*25 -> 3750 | Y23: 212 | Z23: 67 | AA23: 0 | AB23: 877 | AC23: 1730 | AD23: 0 | AE23: 525 | AF23: 0 | AG23: 0
A24: 45515 | B24: Remaining Stock Balance | D24: =D22-D23 -> 0 | E24: =E22-E23 -> 0 | F24: =F22-F23 -> 0 | G24: =G22-G23 -> 0 | H24: =H22-H23 -> #REF! | I24: =I22-I23 -> #REF! | J24: =J22-J23 -> 0 | K24: =K22-K23 -> 0 | ... AG24: =AG22-AG23 -> 96
A27: Prepared by: | Q27: Checked by: | T27: Certified correct by: | Z27: Certified Correct by:
A30: MR. ARGYNE LEO B. LIBAO JR. | Q30: ENGR. RAFFY D. TORRES | T30: ENGR. EDWIN B. BATAL | Z30: ENGR. RIVA B. GUIBELONDO
A31: Drill and Blast Engineer | Q31: Mine Explosives Manager | T31: Mine Explosive Asst. Manager | Z31: Project Management Manager - TIGERWAY
A32: Mount Rock Powder Corp. | Q32: PHILSAGA MINING CORPORATION | X32: Mine Explosives Manager | Z32: PHILSAGA MINING CORPORATION
A33: Blaster License: FPDJ10-240424-1116 | Q33: Blaster License: FKB15 - 080917- 04562

Sheet 8-12-18, 2024
A10: EXPLOSIVES WEEKLY CONSUMPTION - TIGERWAY DECLINE PROJECT
A11: AUGUST 12-18, 2024
A14: SUPPLIER | D14: MT. ROCK
A16: DATE | B16: DESCRIPTION | D16: EMULSION | F16: EMULSION | H16: Dyna | J16: EMULSION | L16: EMULSION | N16: Dyna | P16: EMULSION | R16: EMULSION | T16: EMULSION | V16: Pentex | W16: Anfo | X16: S/Fuse | Y16: S/Fuse | Z16: OBC | AA16: SHOCKSTAR | AB16: SUPREME | AC16: NEOCORD | AD16: DETCORD | AE16: DETCORD | AF16: Billwire | AG16: EBC
D17: 62 | F17: 36 | H17: 200 | J17: 208 | L17: 150 | N17: 150 | P17: 208 | R17: 91 | T17: 135 | V17: Spider | X17: (savings) | AA17: 4.8 | AB17: 4.9 | AC17: 10 | AD17: 10 | AE17: 40
D18: Neogel 901 | F18: Emulex | H18: Superdyne | J18: EMULEX | L18: Super Power | N18: Senatel/Pulsar | P18: Superpower 90 | R18: Superpower 90 | T18: Senatel/Pulsar
D19: Pcs | E19: Kls | F19: Pcs | G19: Kls | H19: Pcs | I19: Kls | J19: Pcs | K19: Kls | L19: Pcs | M19: Kls | N19: Pcs | O19: Kls | P19: Pcs | Q19: Kls | R19: Pcs | S19: Kls | T19: Pcs | U19: Kls | V19: Pcs | W19: Kls | X19: Mtrs | Y19: Mtrs | Z19: Pcs | AA19: Pcs | AB19: Pcs | AC19: Mtrs | AD19: Mtrs | AE19: Mtrs | AF19: Mtrs | AG19: Pcs
A20: 45516 | B20: Beginning Balance | E20: ='4-8-14,2024'!E24 -> 0 | F20: ='5-20-26,2024'!F24 -> 0 | G20: ='5-20-26,2024'!G24 -> 0 | H20: ='5-20-26,2024'!H24 -> #REF! | I20: ='5-20-26,2024'!I24 -> #REF! | J20: ='5-20-26,2024'!J24 -> 0 | K20: ='5-20-26,2024'!K24 -> 0 | L20: ='5-20-26,2024'!L24 -> 0 | M20: ='5-20-26,2024'!M24 -> 0 | ... O20: ='5-20-26,2024'!O24 -> #REF! | P20: ='8-5-11,2024'!P24 -> 0 | Q20: ='8-5-11,2024'!Q24 -> 0 | R20: ='8-5-11,2024'!R24 -> 8099 | S20: ='8-5-11,2024'!S24 -> 5850 | T20: ='8-5-11,2024'!T24 -> 0 | U20: ='8-5-11,2024'!U24 -> 0 | V20: ='8-5-11,2024'!V24 -> #REF! | W20: ='8-5-11,2024'!W24 -> 975 | ... AG20: ='8-5-11,2024'!AG24 -> 96
A21: Entry From Consignee Magazine | G21: =F21/36*25 -> 0 | Q21: =P21/208*25 -> 0 | S21: =R21/91*25 -> 0 | W21: =70*25 -> 1750 | AC21: 1000
A22: Total Stock On Hand | D22: =D20+D21 -> 0 | E22: =E20+E21 -> 0 | F22: =F20+F21 -> 0 | G22: =G20+G21 -> 0 | H22: =H20+H21 -> #REF! | I22: =I20+I21 -> #REF! | J22: =J20+J21 -> 0 | K22: =K20+K21 -> 0 | ... AG22: =AG20+AG21 -> 96
A23: Less: Total Weekly Consumption | E23: =D23/62*25 -> 0 | F23: 0 | G23: =F23/36*25 -> 0 | H23: =#REF! -> #REF! | I23: =#REF! -> #REF! | J23: 0 | K23: =J23/208*25 -> 0 | L23: 0 | M23: =L23/150*25 -> 0 | N23: 0 | O23: =N23/150*20 -> 0 | Q23: =P23/208*25 -> 0 | R23: 7007 | S23: =R23/91*25 -> 1925 | W23: 1375 | Y23: 170 | Z23: 58 | AA23: 0 | AB23: 729 | AC23: 1060 | AD23: 0 | AE23: 450 | AF23: 0 | AG23: 0
A24: 45522 | B24: Remaining Stock Balance | D24: =D22-D23 -> 0 | E24: =E22-E23 -> 0 | F24: =F22-F23 -> 0 | G24: =G22-G23 -> 0 | H24: =H22-H23 -> #REF! | I24: =I22-I23 -> #REF! | J24: =J22-J23 -> 0 | K24: =K22-K23 -> 0 | ... AG24: =AG22-AG23 -> 96
A27: Prepared by: | Q27: Checked by: | T27: Certified correct by: | Z27: Certified Correct by:
A30: MR. ARGYNE LEO B. LIBAO JR. | Q30: ENGR. EDWIN B. BATAL | T30: ENGR. EDWIN B. BATAL | Z30: ENGR. JOHN PAUHL T. NAVARRO
A31: Drill and Blast Engineer | Q31: Mine Explosives Asst. Manager | T31: Mine Explosive Asst. Manager | Z31: Asst. Mines Manager
A32: Mount Rock Powder Corp. | Q32: PHILSAGA MINING CORPORATION | X32: Mine Explosives Manager | Z32: PHILSAGA MINING CORPORATION
A33: Blaster License: FPDJ10-240424-1116 | Q33: Blaster License: FKB15 - 080917- 04561

Sheet 8-19-25,2024
A10: EXPLOSIVES WEEKLY CONSUMPTION - TIGERWAY DECLINE PROJECT
A11: AUGUST 19-25, 2024
A14: SUPPLIER | D14: MT. ROCK
A16: DATE | B16: DESCRIPTION | D16: EMULSION | F16: EMULSION | H16: Dyna | J16: EMULSION | L16: EMULSION | N16: Dyna | P16: EMULSION | R16: EMULSION | T16: EMULSION | V16: EMULSION | X16: Pentex | Y16: Anfo | Z16: S/Fuse | AA16: S/Fuse | AB16: OBC | AC16: SHOCKSTAR | AD16: SUPREME | AE16: NEOCORD | AF16: DETCORD | AG16: DETCORD | AH16: Billwire | AI16: EBC
D17: 62 | F17: 36 | H17: 200 | J17: 208 | L17: 150 | N17: 150 | P17: 80 | R17: 208 | T17: 91 | V17: 135 | X17: Spider | Z17: (savings) | AC17: 4.8 | AD17: 4.9 | AE17: 10 | AF17: 10 | AG17: 40
D18: Neogel 901 | F18: Emulex | H18: Superdyne | J18: EMULEX | L18: Super Power | N18: Senatel/Pulsar | P18: Emulex | R18: Superpower 90 | T18: Superpower 90 | V18: Senatel/Pulsar
D19: Pcs | E19: Kls | F19: Pcs | G19: Kls | H19: Pcs | I19: Kls | J19: Pcs | K19: Kls | L19: Pcs | M19: Kls | N19: Pcs | O19: Kls | P19: Pcs | Q19: Kls | R19: Pcs | S19: Kls | T19: Pcs | U19: Kls | V19: Pcs | W19: Kls | X19: Pcs | Y19: Kls | Z19: Mtrs | AA19: Mtrs | AB19: Pcs | AC19: Pcs | AD19: Pcs | AE19: Mtrs | AF19: Mtrs | AG19: Mtrs | AH19: Mtrs | AI19: Pcs
A20: 45523 | B20: Beginning Balance | E20: ='4-8-14,2024'!E24 -> 0 | F20: ='5-20-26,2024'!F24 -> 0 | G20: ='5-20-26,2024'!G24 -> 0 | H20: ='5-20-26,2024'!H24 -> #REF! | I20: ='5-20-26,2024'!I24 -> #REF! | J20: ='5-20-26,2024'!J24 -> 0 | K20: ='5-20-26,2024'!K24 -> 0 | L20: ='5-20-26,2024'!L24 -> 0 | M20: ='5-20-26,2024'!M24 -> 0 | ... O20: ='5-20-26,2024'!O24 -> #REF! | P20: 0 | Q20: 0 | R20: 0 | S20: 0 | T20: ='8-12-18, 2024'!R24 -> 1092 | U20: =T20/91*25 -> 300 | V20: ='8-12-18, 2024'!T24 -> 0 | W20: ='8-12-18, 2024'!U24 -> 0 | X20: ='8-12-18, 2024'!V24 -> #REF! | Y20: ='8-12-18, 2024'!W24 -> 1350 | Z20: ='8-12-18, 2024'!X24 -> #REF! | AA20: ='8-12-18, 2024'!Y24 -> 1945 | AB20: ='8-12-18, 2024'!Z24 -> 138 | AC20: ='8-12-18, 2024'!AA24 -> 0 | ... AI20: ='8-12-18, 2024'!AG24 -> 96
A21: Entry From Consignee Magazine | G21: =F21/36*25 -> 0 | P21: =300*80 -> 24000 | Q21: =P21/80*25 -> 7500 | R21: 208 | S21: =R21/208*25 -> 25 | U21: =T21/91*25 -> 0 | AA21: 1000 | AB21: 200 | AE21: 9000 | AF21: 1000 | AG21: 1800
A22: Total Stock On Hand | D22: =D20+D21 -> 0 | E22: =E20+E21 -> 0 | F22: =F20+F21 -> 0 | G22: =G20+G21 -> 0 | H22: =H20+H21 -> #REF! | I22: =I20+I21 -> #REF! | J22: =J20+J21 -> 0 | K22: =K20+K21 -> 0 | ... AI22: =AI20+AI21 -> 96
A23: Less: Total Weekly Consumption | E23: =D23/62*25 -> 0 | F23: 0 | G23: =F23/36*25 -> 0 | H23: =#REF! -> #REF! | I23: =#REF! -> #REF! | J23: 0 | K23: =J23/208*25 -> 0 | L23: 0 | M23: =L23/150*25 -> 0 | N23: 0 | O23: =N23/150*20 -> 0 | P23: =47*80 -> 3760 | Q23: =P23/80*25 -> 1175 | R23: 208 | S23: =R23/208*25 -> 25 | T23: 1092 | U23: =T23/91*25 -> 300 | Y23: 1325 | AA23: 160 | AB23: 55 | AC23: 0 | AD23: 566 | AE23: 760 | AF23: 150 | AG23: 450 | AH23: 0 | AI23: 0
A24: 45529 | B24: Remaining Stock Balance | D24: =D22-D23 -> 0 | E24: =E22-E23 -> 0 | F24: =F22-F23 -> 0 | G24: =G22-G23 -> 0 | H24: =H22-H23 -> #REF! | I24: =I22-I23 -> #REF! | J24: =J22-J23 -> 0 | K24: =K22-K23 -> 0 | ... AI24: =AI22-AI23 -> 96
A27: Prepared by: | R27: Checked by: | V27: Certified correct by: | AB27: Certified Correct by:
A30: MR. ARGYNE LEO B. LIBAO JR. | R30: ENGR. RAFFY D. TORRES | AB30: ENGR. RIVA B. GUIBELONDO
A31: Drill and Blast Engineer | R31: Mine Explosives Manager | AB31: Project Management Manager - TIGERWAY
A32: Mount Rock Powder Corp. | R32: PHILSAGA MINING CORPORATION | Z32: Mine Explosives Manager | AB32: PHILSAGA MINING CORPORATION
A33: Blaster License: FPDJ10-240424-1116 | R33: Blaster License: FKB15 - 080917- 04562

Sheet 8-26-9-1, 2024
A10: EXPLOSIVES WEEKLY CONSUMPTION - TIGERWAY DECLINE PROJECT
A11: AUGUST 26-SEPTEMBER 1, 2024
A14: SUPPLIER | D14: MT. ROCK
A16: DATE | B16: DESCRIPTION | D16: EMULSION | F16: EMULSION | H16: Dyna | J16: EMULSION | L16: EMULSION | N16: Dyna | P16: EMULSION | R16: EMULSION | T16: EMULSION | V16: EMULSION | X16: Pentex | Y16: Anfo | Z16: S/Fuse | AA16: S/Fuse | AB16: OBC | AC16: SHOCKSTAR | AD16: SUPREME | AE16: NEOCORD | AF16: DETCORD | AG16: DETCORD | AH16: Billwire | AI16: EBC
D17: 62 | F17: 36 | H17: 200 | J17: 208 | L17: 150 | N17: 150 | P17: 80 | R17: 208 | T17: 91 | V17: 135 | X17: Spider | Z17: (savings) | AC17: 4.8 | AD17: 4.9 | AE17: 10 | AF17: 10 | AG17: 40
D18: Neogel 901 | F18: Emulex | H18: Superdyne | J18: EMULEX | L18: Super Power | N18: Senatel/Pulsar | P18: Emulex | R18: Superpower 90 | T18: Superpower 90 | V18: Senatel/Pulsar
D19: Pcs | E19: Kls | F19: Pcs | G19: Kls | H19: Pcs | I19: Kls | J19: Pcs | K19: Kls | L19: Pcs | M19: Kls | N19: Pcs | O19: Kls | P19: Pcs | Q19: Kls | R19: Pcs | S19: Kls | T19: Pcs | U19: Kls | V19: Pcs | W19: Kls | X19: Pcs | Y19: Kls | Z19: Mtrs | AA19: Mtrs | AB19: Pcs | AC19: Pcs | AD19: Pcs | AE19: Mtrs | AF19: Mtrs | AG19: Mtrs | AH19: Mtrs | AI19: Pcs
A20: 45530 | B20: Beginning Balance | E20: ='4-8-14,2024'!E24 -> 0 | F20: ='5-20-26,2024'!F24 -> 0 | G20: ='5-20-26,2024'!G24 -> 0 | H20: ='5-20-26,2024'!H24 -> #REF! | I20: ='5-20-26,2024'!I24 -> #REF! | J20: ='5-20-26,2024'!J24 -> 0 | K20: ='5-20-26,2024'!K24 -> 0 | L20: ='5-20-26,2024'!L24 -> 0 | M20: ='5-20-26,2024'!M24 -> 0 | ... O20: ='5-20-26,2024'!O24 -> #REF! | P20: ='8-19-25,2024'!P24 -> 20240 | Q20: ='8-19-25,2024'!Q24 -> 6325 | R20: ='8-19-25,2024'!R24 -> 0 | S20: ='8-19-25,2024'!S24 -> 0 | T20: ='8-19-25,2024'!T24 -> 0 | U20: ='8-19-25,2024'!U24 -> 0 | V20: ='8-19-25,2024'!V24 -> 0 | W20: ='8-19-25,2024'!W24 -> 0 | ... AI20: ='8-19-25,2024'!AI24 -> 96
A21: Entry From Consignee Magazine | G21: =F21/36*25 -> 0 | Q21: =P21/300*80 -> 0 | S21: =R21/208*25 -> 0 | U21: =T21/91*25 -> 0
A22: Total Stock On Hand | D22: =D20+D21 -> 0 | E22: =E20+E21 -> 0 | F22: =F20+F21 -> 0 | G22: =G20+G21 -> 0 | H22: =H20+H21 -> #REF! | I22: =I20+I21 -> #REF! | J22: =J20+J21 -> 0 | K22: =K20+K21 -> 0 | ... AI22: =AI20+AI21 -> 96
A23: Less: Total Weekly Consumption | E23: =D23/62*25 -> 0 | F23: 0 | G23: =F23/36*25 -> 0 | H23: =#REF! -> #REF! | I23: =#REF! -> #REF! | J23: 0 | K23: =J23/208*25 -> 0 | L23: 0 | M23: =L23/150*25 -> 0 | N23: 0 | O23: =N23/150*20 -> 0 | P23: 8080 | Q23: =P23/80*25 -> 2525 | S23: =R23/208*25 -> 0 | U23: =T23/91*25 -> 0 | AA23: =9*20 -> 180 | AB23: 45 | AC23: 0 | AD23: =541+91 -> 632 | AE23: =650+120 -> 770 | AF23: =325+55 -> 380 | AG23: 675 | AH23: 0 | AI23: 0
A24: 45536 | B24: Remaining Stock Balance | D24: =D22-D23 -> 0 | E24: =E22-E23 -> 0 | F24: =F22-F23 -> 0 | G24: =G22-G23 -> 0 | H24: =H22-H23 -> #REF! | I24: =I22-I23 -> #REF! | J24: =J22-J23 -> 0 | K24: =K22-K23 -> 0 | ... AI24: =AI22-AI23 -> 96
A27: Prepared by: | R27: Checked by: | V27: Certified correct by: | AB27: Certified Correct by:
A30: MR. ARGYNE LEO B. LIBAO JR. | R30: ENGR. EDWIN B. BATAL | AB30: ENGR. RIVA B. GUIBELONDO
A31: Drill and Blast Engineer | R31: Mine Explosives Asst. Manager | AB31: Project Management Manager - TIGERWAY
A32: Mount Rock Powder Corp. | R32: PHILSAGA MINING CORPORATION | Z32: Mine Explosives Manager | AB32: PHILSAGA MINING CORPORATION
A33: Blaster License: FPDJ10-240424-1116 | R33: Blaster License: FKB15 - 080917- 04561

Sheet 9-2-8,2024
A10: EXPLOSIVES WEEKLY CONSUMPTION - TIGERWAY DECLINE PROJECT
A11: SEPTEMBER 2-8, 2024
A14: SUPPLIER | D14: MT. ROCK
A16: DATE | B16: DESCRIPTION | D16: EMULSION | F16: EMULSION | H16: Dyna | J16: EMULSION | L16: EMULSION | N16: Dyna | P16: EMULSION | R16: EMULSION | T16: EMULSION | V16: EMULSION | X16: Pentex | Y16: Anfo | Z16: S/Fuse | AA16: S/Fuse | AB16: OBC | AC16: SHOCKSTAR | AD16: SUPREME | AE16: NEOCORD | AF16: DETCORD | AG16: DETCORD | AH16: Billwire | AI16: EBC
D17: 62 | F17: 36 | H17: 200 | J17: 208 | L17: 150 | N17: 150 | P17: 80 | R17: 208 | T17: 91 | V17: 135 | X17: Spider | Z17: (savings) | AC17: 4.8 | AD17: 4.9 | AE17: 10 | AF17: 10 | AG17: 40
D18: Neogel 901 | F18: Emulex | H18: Superdyne | J18: EMULEX | L18: Super Power | N18: Senatel/Pulsar | P18: Emulex | R18: Superpower 90 | T18: Superpower 90 | V18: Senatel/Pulsar
D19: Pcs | E19: Kls | F19: Pcs | G19: Kls | H19: Pcs | I19: Kls | J19: Pcs | K19: Kls | L19: Pcs | M19: Kls | N19: Pcs | O19: Kls | P19: Pcs | Q19: Kls | R19: Pcs | S19: Kls | T19: Pcs | U19: Kls | V19: Pcs | W19: Kls | X19: Pcs | Y19: Kls | Z19: Mtrs | AA19: Mtrs | AB19: Pcs | AC19: Pcs | AD19: Pcs | AE19: Mtrs | AF19: Mtrs | AG19: Mtrs | AH19: Mtrs | AI19: Pcs
A20: 45537 | B20: Beginning Balance | E20: ='4-8-14,2024'!E24 -> 0 | F20: ='5-20-26,2024'!F24 -> 0 | G20: ='5-20-26,2024'!G24 -> 0 | H20: ='5-20-26,2024'!H24 -> #REF! | I20: ='5-20-26,2024'!I24 -> #REF! | J20: ='5-20-26,2024'!J24 -> 0 | K20: ='5-20-26,2024'!K24 -> 0 | L20: ='5-20-26,2024'!L24 -> 0 | M20: ='5-20-26,2024'!M24 -> 0 | ... O20: ='5-20-26,2024'!O24 -> #REF! | P20: ='8-26-9-1, 2024'!P24 -> 12160 | Q20: ='8-26-9-1, 2024'!Q24 -> 3800 | R20: ='8-26-9-1, 2024'!R24 -> 0 | S20: ='8-26-9-1, 2024'!S24 -> 0 | T20: ='8-26-9-1, 2024'!T24 -> 0 | U20: ='8-26-9-1, 2024'!U24 -> 0 | V20: ='8-26-9-1, 2024'!V24 -> 0 | W20: ='8-26-9-1, 2024'!W24 -> 0 | ... AI20: ='8-26-9-1, 2024'!AI24 -> 96
A21: Entry From Consignee Magazine | G21: =F21/36*25 -> 0 | Q21: =P21/300*80 -> 0 | S21: =R21/208*25 -> 0 | U21: =T21/91*25 -> 0
A22: Total Stock On Hand | D22: =D20+D21 -> 0 | E22: =E20+E21 -> 0 | F22: =F20+F21 -> 0 | G22: =G20+G21 -> 0 | H22: =H20+H21 -> #REF! | I22: =I20+I21 -> #REF! | J22: =J20+J21 -> 0 | K22: =K20+K21 -> 0 | ... AI22: =AI20+AI21 -> 96
A23: Less: Total Weekly Consumption | E23: =D23/62*25 -> 0 | F23: 0 | G23: =F23/36*25 -> 0 | H23: =#REF! -> #REF! | I23: =#REF! -> #REF! | J23: 0 | K23: =J23/208*25 -> 0 | L23: 0 | M23: =L23/150*25 -> 0 | N23: 0 | O23: =N23/150*20 -> 0 | P23: 7760 | Q23: =P23/80*25 -> 2425 | S23: =R23/208*25 -> 0 | U23: =T23/91*25 -> 0 | AA23: 190 | AB23: 52 | AC23: 0 | AD23: 633 | AE23: 885 | AF23: 140 | AG23: 600 | AH23: 0 | AI23: 0
A24: 45543 | B24: Remaining Stock Balance | D24: =D22-D23 -> 0 | E24: =E22-E23 -> 0 | F24: =F22-F23 -> 0 | G24: =G22-G23 -> 0 | H24: =H22-H23 -> #REF! | I24: =I22-I23 -> #REF! | J24: =J22-J23 -> 0 | K24: =K22-K23 -> 0 | ... AI24: =AI22-AI23 -> 96
A27: Prepared by: | R27: Checked by: | V27: Certified correct by: | AB27: Certified Correct by:
A30: MR. ARGYNE LEO B. LIBAO JR. | R30: ENGR. RAFFY D. TORRES | AB30: ENGR. RIVA B. GUIBELONDO
A31: Drill and Blast Engineer | R31: Mine Explosives Manager | AB31: Project Management Manager - TIGERWAY
A32: Mount Rock Powder Corp. | R32: PHILSAGA MINING CORPORATION | AB32: PHILSAGA MINING CORPORATION
A33: Blaster License: FPDJ10-240424-1116 | R33: Blaster License: FKB15 - 080917- 04562

Sheet 9-9-15, 2024
A10: EXPLOSIVES WEEKLY CONSUMPTION - TIGERWAY DECLINE PROJECT
A11: SEPTEMBER 9-15, 2024
A14: SUPPLIER | D14: MT. ROCK
A16: DATE | B16: DESCRIPTION | D16: EMULSION | F16: EMULSION | H16: Dyna | J16: EMULSION | L16: EMULSION | N16: Dyna | P16: EMULSION | R16: EMULSION | T16: EMULSION | V16: EMULSION | X16: Pentex | Y16: Anfo | Z16: S/Fuse | AA16: S/Fuse | AB16: OBC | AC16: SHOCKSTAR | AD16: SUPREME | AE16: NEOCORD | AF16: DETCORD | AG16: DETCORD | AH16: Billwire | AI16: EBC
D17: 62 | F17: 36 | H17: 200 | J17: 208 | L17: 150 | N17: 150 | P17: 80 | R17: 208 | T17: 91 | V17: 135 | X17: Spider | Z17: (savings) | AC17: 4.8 | AD17: 4.9 | AE17: 10 | AF17: 10 | AG17: 40
D18: Neogel 901 | F18: Emulex | H18: Superdyne | J18: EMULEX | L18: Super Power | N18: Senatel/Pulsar | P18: Emulex | R18: Superpower 90 | T18: Superpower 90 | V18: Senatel/Pulsar
D19: Pcs | E19: Kls | F19: Pcs | G19: Kls | H19: Pcs | I19: Kls | J19: Pcs | K19: Kls | L19: Pcs | M19: Kls | N19: Pcs | O19: Kls | P19: Pcs | Q19: Kls | R19: Pcs | S19: Kls | T19: Pcs | U19: Kls | V19: Pcs | W19: Kls | X19: Pcs | Y19: Kls | Z19: Mtrs | AA19: Mtrs | AB19: Pcs | AC19: Pcs | AD19: Pcs | AE19: Mtrs | AF19: Mtrs | AG19: Mtrs | AH19: Mtrs | AI19: Pcs
A20: 45544 | B20: Beginning Balance | E20: ='4-8-14,2024'!E24 -> 0 | F20: ='5-20-26,2024'!F24 -> 0 | G20: ='5-20-26,2024'!G24 -> 0 | H20: ='5-20-26,2024'!H24 -> #REF! | I20: ='5-20-26,2024'!I24 -> #REF! | J20: ='5-20-26,2024'!J24 -> 0 | K20: ='5-20-26,2024'!K24 -> 0 | L20: ='5-20-26,2024'!L24 -> 0 | M20: ='5-20-26,2024'!M24 -> 0 | ... O20: ='5-20-26,2024'!O24 -> #REF! | P20: ='9-2-8,2024'!P24 -> 4400 | Q20: ='9-2-8,2024'!Q24 -> 1375 | R20: ='9-2-8,2024'!R24 -> 0 | S20: ='9-2-8,2024'!S24 -> 0 | T20: ='9-2-8,2024'!T24 -> 0 | U20: ='9-2-8,2024'!U24 -> 0 | V20: ='9-2-8,2024'!V24 -> 0 | W20: ='9-2-8,2024'!W24 -> 0 | ... AI20: ='9-2-8,2024'!AI24 -> 96
A21: Entry From Consignee Magazine | G21: =F21/36*25 -> 0 | P21: =300*80 -> 24000 | Q21: =P21/80*25 -> 7500 | S21: =R21/208*25 -> 0 | U21: =T21/91*25 -> 0 | AB21: 200 | AD21: 3270 | AG21: 1500
A22: Total Stock On Hand | D22: =D20+D21 -> 0 | E22: =E20+E21 -> 0 | F22: =F20+F21 -> 0 | G22: =G20+G21 -> 0 | H22: =H20+H21 -> #REF! | I22: =I20+I21 -> #REF! | J22: =J20+J21 -> 0 | K22: =K20+K21 -> 0 | ... AI22: =AI20+AI21 -> 96
A23: Less: Total Weekly Consumption | E23: =D23/62*25 -> 0 | F23: 0 | G23: =F23/36*25 -> 0 | H23: =#REF! -> #REF! | I23: =#REF! -> #REF! | J23: 0 | K23: =J23/208*25 -> 0 | L23: 0 | M23: =L23/150*25 -> 0 | N23: 0 | O23: =N23/150*20 -> 0 | P23: 7440 | Q23: =P23/80*25 -> 2325 | S23: =R23/208*25 -> 0 | U23: =T23/91*25 -> 0 | AA23: 160 | AB23: 50 | AC23: 0 | AD23: 568 | AE23: 519 | AF23: 330 | AG23: 450 | AH23: 0 | AI23: 0
A24: 45550 | B24: Remaining Stock Balance | D24: =D22-D23 -> 0 | E24: =E22-E23 -> 0 | F24: =F22-F23 -> 0 | G24: =G22-G23 -> 0 | H24: =H22-H23 -> #REF! | I24: =I22-I23 -> #REF! | J24: =J22-J23 -> 0 | K24: =K22-K23 -> 0 | ... AI24: =AI22-AI23 -> 96
A27: Prepared by: | R27: Checked by: | V27: Certified correct by: | AB27: Certified Correct by:
A30: MR. ARGYNE LEO B. LIBAO JR. | R30: ENGR. EDWIN B. BATAL | AB30: ENGR. RIVA B. GUIBELONDO
A31: Drill and Blast Engineer | R31: Mine Explosives Asst. Manager | AB31: Project Management Manager - TIGERWAY
A32: Mount Rock Powder Corp. | R32: PHILSAGA MINING CORPORATION | AB32: PHILSAGA MINING CORPORATION
A33: Blaster License: FPDJ10-240424-1116 | R33: Blaster License: FKB15 - 080917- 04561

Sheet 9-16-22, 2024
A10: EXPLOSIVES WEEKLY CONSUMPTION - TIGERWAY DECLINE PROJECT
A11: SEPTEMBER 16-22, 2024
A14: SUPPLIER | D14: MT. ROCK
A16: DATE | B16: DESCRIPTION | D16: EMULSION | F16: EMULSION | H16: Dyna | J16: EMULSION | L16: EMULSION | N16: Dyna | P16: EMULSION | R16: EMULSION | T16: EMULSION | V16: EMULSION | X16: Pentex | Y16: Anfo | Z16: S/Fuse | AA16: S/Fuse | AB16: OBC | AC16: SHOCKSTAR | AD16: SUPREME | AE16: NEOCORD | AF16: DETCORD | AG16: DETCORD | AH16: Billwire | AI16: EBC
D17: 62 | F17: 36 | H17: 200 | J17: 208 | L17: 150 | N17: 150 | P17: 80 | R17: 208 | T17: 91 | V17: 135 | X17: Spider | Z17: (savings) | AC17: 4.8 | AD17: 4.9 | AE17: 10 | AF17: 10 | AG17: 40
D18: Neogel 901 | F18: Emulex | H18: Superdyne | J18: EMULEX | L18: Super Power | N18: Senatel/Pulsar | P18: Emulex | R18: Superpower 90 | T18: Superpower 90 | V18: Senatel/Pulsar
D19: Pcs | E19: Kls | F19: Pcs | G19: Kls | H19: Pcs | I19: Kls | J19: Pcs | K19: Kls | L19: Pcs | M19: Kls | N19: Pcs | O19: Kls | P19: Pcs | Q19: Kls | R19: Pcs | S19: Kls | T19: Pcs | U19: Kls | V19: Pcs | W19: Kls | X19: Pcs | Y19: Kls | Z19: Mtrs | AA19: Mtrs | AB19: Pcs | AC19: Pcs | AD19: Pcs | AE19: Mtrs | AF19: Mtrs | AG19: Mtrs | AH19: Mtrs | AI19: Pcs
A20: 45551 | B20: Beginning Balance | E20: ='4-8-14,2024'!E24 -> 0 | F20: ='5-20-26,2024'!F24 -> 0 | G20: ='5-20-26,2024'!G24 -> 0 | H20: ='5-20-26,2024'!H24 -> #REF! | I20: ='5-20-26,2024'!I24 -> #REF! | J20: ='5-20-26,2024'!J24 -> 0 | K20: ='5-20-26,2024'!K24 -> 0 | L20: ='5-20-26,2024'!L24 -> 0 | M20: ='5-20-26,2024'!M24 -> 0 | ... O20: ='5-20-26,2024'!O24 -> #REF! | P20: ='9-9-15, 2024'!P24 -> 20960 | Q20: ='9-9-15, 2024'!Q24 -> 6550 | R20: ='9-9-15, 2024'!R24 -> 0 | S20: ='9-9-15, 2024'!S24 -> 0 | T20: ='9-9-15, 2024'!T24 -> 0 | U20: ='9-9-15, 2024'!U24 -> 0 | V20: ='9-9-15, 2024'!V24 -> 0 | W20: ='9-9-15, 2024'!W24 -> 0 | ... AI20: ='9-9-15, 2024'!AI24 -> 96
A21: Entry From Consignee Magazine | G21: =F21/36*25 -> 0 | Q21: =P21/80*25 -> 0 | S21: =R21/208*25 -> 0 | U21: =T21/91*25 -> 0
A22: Total Stock On Hand | D22: =D20+D21 -> 0 | E22: =E20+E21 -> 0 | F22: =F20+F21 -> 0 | G22: =G20+G21 -> 0 | H22: =H20+H21 -> #REF! | I22: =I20+I21 -> #REF! | J22: =J20+J21 -> 0 | K22: =K20+K21 -> 0 | ... AI22: =AI20+AI21 -> 96
A23: Less: Total Weekly Consumption | E23: =D23/62*25 -> 0 | F23: 0 | G23: =F23/36*25 -> 0 | H23: =#REF! -> #REF! | I23: =#REF! -> #REF! | J23: 0 | K23: =J23/208*25 -> 0 | L23: 0 | M23: =L23/150*25 -> 0 | N23: 0 | O23: =N23/150*20 -> 0 | P23: 9520 | Q23: =P23/80*25 -> 2975 | S23: =R23/208*25 -> 0 | U23: =T23/91*25 -> 0 | AA23: 183 | AB23: 55 | AC23: 0 | AD23: 788 | AE23: 1660 | AG23: 525 | AH23: 0 | AI23: 0
A24: 45557 | B24: Remaining Stock Balance | D24: =D22-D23 -> 0 | E24: =E22-E23 -> 0 | F24: =F22-F23 -> 0 | G24: =G22-G23 -> 0 | H24: =H22-H23 -> #REF! | I24: =I22-I23 -> #REF! | J24: =J22-J23 -> 0 | K24: =K22-K23 -> 0 | ... AI24: =AI22-AI23 -> 96
A27: Prepared by: | R27: Checked by: | V27: Certified correct by: | AB27: Certified Correct by:
A30: MR. ARGYNE LEO B. LIBAO JR. | R30: ENGR. EDWIN B. BATAL | AB30: ENGR. RIVA B. GUIBELONDO
A31: Drill and Blast Engineer | R31: Mine Explosives Asst. Manager | AB31: Project Management Manager - TIGERWAY
A32: Mount Rock Powder Corp. | R32: PHILSAGA MINING CORPORATION | AB32: PHILSAGA MINING CORPORATION
A33: Blaster License: FPDJ10-240424-1116 | R33: Blaster License: FKB15 - 080917- 04561

Sheet 9-23-29, 2024
A10: EXPLOSIVES WEEKLY CONSUMPTION - TIGERWAY DECLINE PROJECT
A11: SEPTEMBER 23-29, 2024
A14: SUPPLIER | D14: MT. ROCK
A16: DATE | B16: DESCRIPTION | D16: EMULSION | F16: EMULSION | H16: Dyna | J16: EMULSION | L16: EMULSION | N16: Dyna | P16: EMULSION | R16: EMULSION | T16: EMULSION | V16: EMULSION | X16: Pentex | Y16: Anfo | Z16: S/Fuse | AA16: S/Fuse | AB16: OBC | AC16: SHOCKSTAR | AD16: SUPREME | AE16: NEOCORD | AF16: DETCORD | AG16: DETCORD | AH16: Billwire | AI16: EBC
D17: 62 | F17: 36 | H17: 200 | J17: 208 | L17: 150 | N17: 150 | P17: 80 | R17: 208 | T17: 91 | V17: 135 | X17: Spider | Z17: (savings) | AC17: 4.8 | AD17: 4.9 | AE17: 10 | AF17: 10 | AG17: 40
D18: Neogel 901 | F18: Emulex | H18: Superdyne | J18: EMULEX | L18: Super Power | N18: Senatel/Pulsar | P18: Emulex | R18: Superpower 90 | T18: Superpower 90 | V18: Senatel/Pulsar
D19: Pcs | E19: Kls | F19: Pcs | G19: Kls | H19: Pcs | I19: Kls | J19: Pcs | K19: Kls | L19: Pcs | M19: Kls | N19: Pcs | O19: Kls | P19: Pcs | Q19: Kls | R19: Pcs | S19: Kls | T19: Pcs | U19: Kls | V19: Pcs | W19: Kls | X19: Pcs | Y19: Kls | Z19: Mtrs | AA19: Mtrs | AB19: Pcs | AC19: Pcs | AD19: Pcs | AE19: Mtrs | AF19: Mtrs | AG19: Mtrs | AH19: Mtrs | AI19: Pcs
A20: 45558 | B20: Beginning Balance | E20: ='4-8-14,2024'!E24 -> 0 | F20: ='5-20-26,2024'!F24 -> 0 | G20: ='5-20-26,2024'!G24 -> 0 | H20: ='5-20-26,2024'!H24 -> #REF! | I20: ='5-20-26,2024'!I24 -> #REF! | J20: ='5-20-26,2024'!J24 -> 0 | K20: ='5-20-26,2024'!K24 -> 0 | L20: ='5-20-26,2024'!L24 -> 0 | M20: ='5-20-26,2024'!M24 -> 0 | ... O20: ='5-20-26,2024'!O24 -> #REF! | P20: ='9-16-22, 2024'!P24 -> 11440 | Q20: ='9-16-22, 2024'!Q24 -> 3575 | R20: ='9-16-22, 2024'!R24 -> 0 | S20: ='9-16-22, 2024'!S24 -> 0 | T20: ='9-16-22, 2024'!T24 -> 0 | U20: ='9-16-22, 2024'!U24 -> 0 | V20: ='9-16-22, 2024'!V24 -> 0 | W20: ='9-16-22, 2024'!W24 -> 0 | ... AI20: ='9-16-22, 2024'!AI24 -> 96
A21: Entry From Consignee Magazine | G21: =F21/36*25 -> 0 | Q21: =P21/80*25 -> 0 | S21: =R21/208*25 -> 0 | U21: =T21/91*25 -> 0
A22: Total Stock On Hand | D22: =D20+D21 -> 0 | E22: =E20+E21 -> 0 | F22: =F20+F21 -> 0 | G22: =G20+G21 -> 0 | H22: =H20+H21 -> #REF! | I22: =I20+I21 -> #REF! | J22: =J20+J21 -> 0 | K22: =K20+K21 -> 0 | ... AI22: =AI20+AI21 -> 96
A23: Less: Total Weekly Consumption | E23: =D23/62*25 -> 0 | F23: 0 | G23: =F23/36*25 -> 0 | H23: =#REF! -> #REF! | I23: =#REF! -> #REF! | J23: 0 | K23: =J23/208*25 -> 0 | L23: 0 | M23: =L23/150*25 -> 0 | N23: 0 | O23: =N23/150*20 -> 0 | P23: 7680 | Q23: =P23/80*25 -> 2400 | S23: =R23/208*25 -> 0 | U23: =T23/91*25 -> 0 | AA23: 200 | AB23: 59 | AC23: 0 | AD23: 662 | AE23: 1750 | AG23: 525 | AH23: 0 | AI23: 0
A24: 45564 | B24: Remaining Stock Balance | D24: =D22-D23 -> 0 | E24: =E22-E23 -> 0 | F24: =F22-F23 -> 0 | G24: =G22-G23 -> 0 | H24: =H22-H23 -> #REF! | I24: =I22-I23 -> #REF! | J24: =J22-J23 -> 0 | K24: =K22-K23 -> 0 | ... AI24: =AI22-AI23 -> 96
A27: Prepared by: | R27: Checked by: | V27: Certified correct by: | AB27: Certified Correct by:
A30: MR. ARGYNE LEO B. LIBAO JR. | R30: ENGR. EDWIN B. BATAL | AB30: ENGR. RIVA B. GUIBELONDO
A31: Drill and Blast Engineer | R31: Mine Explosives Asst. Manager | AB31: Project Management Manager - TIGERWAY
A32: Mount Rock Powder Corp. | R32: PHILSAGA MINING CORPORATION | AB32: PHILSAGA MINING CORPORATION
A33: Blaster License: FPDJ10-240424-1116 | R33: Blaster License: FKB15 - 080917- 04561

Sheet 9-30-10-6, 2024
A10: EXPLOSIVES WEEKLY CONSUMPTION - TIGERWAY DECLINE PROJECT
A11: SEPTEMBER 30-OCTOBER 6, 2024
A14: SUPPLIER | D14: MT. ROCK
A16: DATE | B16: DESCRIPTION | D16: EMULSION | F16: EMULSION | H16: Dyna | J16: EMULSION | L16: EMULSION | N16: Dyna | P16: EMULSION | R16: EMULSION | T16: EMULSION | V16: EMULSION | X16: Pentex | Y16: Anfo | Z16: S/Fuse | AA16: S/Fuse | AB16: OBC | AC16: SHOCKSTAR | AD16: SUPREME | AE16: NEOCORD | AF16: DETCORD | AG16: DETCORD | AH16: Billwire | AI16: EBC
D17: 62 | F17: 36 | H17: 200 | J17: 208 | L17: 150 | N17: 150 | P17: 80 | R17: 208 | T17: 91 | V17: 135 | X17: Spider | Z17: (savings) | AC17: 4.8 | AD17: 4.9 | AE17: 10 | AF17: 10 | AG17: 40
D18: Neogel 901 | F18: Emulex | H18: Superdyne | J18: EMULEX | L18: Super Power | N18: Senatel/Pulsar | P18: Emulex | R18: Superpower 90 | T18: Superpower 90 | V18: Senatel/Pulsar
D19: Pcs | E19: Kls | F19: Pcs | G19: Kls | H19: Pcs | I19: Kls | J19: Pcs | K19: Kls | L19: Pcs | M19: Kls | N19: Pcs | O19: Kls | P19: Pcs | Q19: Kls | R19: Pcs | S19: Kls | T19: Pcs | U19: Kls | V19: Pcs | W19: Kls | X19: Pcs | Y19: Kls | Z19: Mtrs | AA19: Mtrs | AB19: Pcs | AC19: Pcs | AD19: Pcs | AE19: Mtrs | AF19: Mtrs | AG19: Mtrs | AH19: Mtrs | AI19: Pcs
A20: 45565 | B20: Beginning Balance | E20: ='4-8-14,2024'!E24 -> 0 | F20: ='5-20-26,2024'!F24 -> 0 | G20: ='5-20-26,2024'!G24 -> 0 | H20: ='5-20-26,2024'!H24 -> #REF! | I20: ='5-20-26,2024'!I24 -> #REF! | J20: ='5-20-26,2024'!J24 -> 0 | K20: ='5-20-26,2024'!K24 -> 0 | L20: ='5-20-26,2024'!L24 -> 0 | M20: ='5-20-26,2024'!M24 -> 0 | ... O20: ='5-20-26,2024'!O24 -> #REF! | P20: ='9-23-29, 2024'!P24 -> 3760 | Q20: ='9-23-29, 2024'!Q24 -> 1175 | R20: ='9-23-29, 2024'!R24 -> 0 | S20: ='9-23-29, 2024'!S24 -> 0 | T20: ='9-23-29, 2024'!T24 -> 0 | U20: ='9-23-29, 2024'!U24 -> 0 | V20: ='9-23-29, 2024'!V24 -> 0 | W20: ='9-23-29, 2024'!W24 -> 0 | ... AI20: ='9-23-29, 2024'!AI24 -> 96
A21: Entry From Consignee Magazine | G21: =F21/36*25 -> 0 | P21: =300*80 -> 24000 | Q21: =P21/80*25 -> 7500 | S21: =R21/208*25 -> 0 | U21: =T21/91*25 -> 0 | AF21: 3000 | AG21: 1500
A22: Total Stock On Hand | D22: =D20+D21 -> 0 | E22: =E20+E21 -> 0 | F22: =F20+F21 -> 0 | G22: =G20+G21 -> 0 | H22: =H20+H21 -> #REF! | I22: =I20+I21 -> #REF! | J22: =J20+J21 -> 0 | K22: =K20+K21 -> 0 | ... AI22: =AI20+AI21 -> 96
A23: Less: Total Weekly Consumption | E23: =D23/62*25 -> 0 | F23: 0 | G23: =F23/36*25 -> 0 | H23: =#REF! -> #REF! | I23: =#REF! -> #REF! | J23: 0 | K23: =J23/208*25 -> 0 | L23: 0 | M23: =L23/150*25 -> 0 | N23: 0 | O23: =N23/150*20 -> 0 | P23: 7920 | Q23: =P23/80*25 -> 2475 | R23: 0 | S23: =R23/208*25 -> 0 | T23: 0 | U23: =T23/91*25 -> 0 | Y23: 0 | AA23: 178 | AB23: 55 | AC23: 0 | AD23: 649 | AE23: 1000 | AF23: 360 | AG23: 525 | AH23: 0 | AI23: 0
A24: 45571 | B24: Remaining Stock Balance | D24: =D22-D23 -> 0 | E24: =E22-E23 -> 0 | F24: =F22-F23 -> 0 | G24: =G22-G23 -> 0 | H24: =H22-H23 -> #REF! | I24: =I22-I23 -> #REF! | J24: =J22-J23 -> 0 | K24: =K22-K23 -> 0 | ... AI24: =AI22-AI23 -> 96
A27: Prepared by: | R27: Checked by: | V27: Certified correct by: | AB27: Certified Correct by:
A30: MR. ARGYNE LEO B. LIBAO JR. | R30: ENGR. EDWIN B. BATAL | AB30: ENGR. RIVA B. GUIBELONDO
A31: Drill and Blast Engineer | R31: Mine Explosives Asst. Manager | AB31: Project Management Manager - TIGERWAY
A32: Mount Rock Powder Corp. | R32: PHILSAGA MINING CORPORATION | AB32: PHILSAGA MINING CORPORATION
A33: Blaster License: FPDJ10-240424-1116 | R33: Blaster License: FKB15 - 080917- 04561

Sheet 10-7-13, 2024
A10: EXPLOSIVES WEEKLY CONSUMPTION - TIGERWAY DECLINE PROJECT
A11: OCTOBER 7-13, 2024
A14: SUPPLIER | D14: MT. ROCK
A16: DATE | B16: DESCRIPTION | D16: EMULSION | F16: EMULSION | H16: Dyna | J16: EMULSION | L16: EMULSION | N16: Dyna | P16: EMULSION | R16: EMULSION | T16: EMULSION | V16: EMULSION | X16: Pentex | Y16: Anfo | Z16: S/Fuse | AA16: S/Fuse | AB16: OBC | AC16: SHOCKSTAR | AD16: SUPREME | AE16: NEOCORD | AF16: DETCORD | AG16: DETCORD | AH16: Billwire | AI16: EBC
D17: 62 | F17: 36 | H17: 200 | J17: 208 | L17: 150 | N17: 150 | P17: 80 | R17: 208 | T17: 91 | V17: 135 | X17: Spider | Z17: (savings) | AC17: 4.8 | AD17: 4.9 | AE17: 10 | AF17: 10 | AG17: 40
D18: Neogel 901 | F18: Emulex | H18: Superdyne | J18: EMULEX | L18: Super Power | N18: Senatel/Pulsar | P18: Emulex | R18: Superpower 90 | T18: Superpower 90 | V18: Senatel/Pulsar
D19: Pcs | E19: Kls | F19: Pcs | G19: Kls | H19: Pcs | I19: Kls | J19: Pcs | K19: Kls | L19: Pcs | M19: Kls | N19: Pcs | O19: Kls | P19: Pcs | Q19: Kls | R19: Pcs | S19: Kls | T19: Pcs | U19: Kls | V19: Pcs | W19: Kls | X19: Pcs | Y19: Kls | Z19: Mtrs | AA19: Mtrs | AB19: Pcs | AC19: Pcs | AD19: Pcs | AE19: Mtrs | AF19: Mtrs | AG19: Mtrs | AH19: Mtrs | AI19: Pcs
A20: 45572 | B20: Beginning Balance | E20: ='4-8-14,2024'!E24 -> 0 | F20: ='5-20-26,2024'!F24 -> 0 | G20: ='5-20-26,2024'!G24 -> 0 | H20: ='5-20-26,2024'!H24 -> #REF! | I20: ='5-20-26,2024'!I24 -> #REF! | J20: ='5-20-26,2024'!J24 -> 0 | K20: ='5-20-26,2024'!K24 -> 0 | L20: ='5-20-26,2024'!L24 -> 0 | M20: ='5-20-26,2024'!M24 -> 0 | ... O20: ='5-20-26,2024'!O24 -> #REF! | P20: ='9-30-10-6, 2024'!P24 -> 19840 | Q20: ='9-30-10-6, 2024'!Q24 -> 6200 | R20: ='9-30-10-6, 2024'!R24 -> 0 | S20: ='9-30-10-6, 2024'!S24 -> 0 | T20: ='9-30-10-6, 2024'!T24 -> 0 | U20: ='9-30-10-6, 2024'!U24 -> 0 | V20: ='9-30-10-6, 2024'!V24 -> 0 | W20: ='9-30-10-6, 2024'!W24 -> 0 | ... AI20: ='9-30-10-6, 2024'!AI24 -> 96
A21: Entry From Consignee Magazine | G21: =F21/36*25 -> 0 | Q21: =P21/80*25 -> 0 | S21: =R21/208*25 -> 0 | U21: =T21/91*25 -> 0
A22: Total Stock On Hand | D22: =D20+D21 -> 0 | E22: =E20+E21 -> 0 | F22: =F20+F21 -> 0 | G22: =G20+G21 -> 0 | H22: =H20+H21 -> #REF! | I22: =I20+I21 -> #REF! | J22: =J20+J21 -> 0 | K22: =K20+K21 -> 0 | ... AI22: =AI20+AI21 -> 96
A23: Less: Total Weekly Consumption | E23: =D23/62*25 -> 0 | F23: 0 | G23: =F23/36*25 -> 0 | H23: =#REF! -> #REF! | I23: =#REF! -> #REF! | J23: 0 | K23: =J23/208*25 -> 0 | L23: 0 | M23: =L23/150*25 -> 0 | N23: 0 | O23: =N23/150*20 -> 0 | P23: 7920 | Q23: =P23/80*25 -> 2475 | R23: 0 | S23: =R23/208*25 -> 0 | T23: 0 | U23: =T23/91*25 -> 0 | Y23: 0 | AA23: 180 | AB23: 51 | AC23: 0 | AD23: 624 | AE23: 1000 | AF23: 551 | AG23: 525 | AH23: 0 | AI23: 0
A24: 45578 | B24: Remaining Stock Balance | D24: =D22-D23 -> 0 | E24: =E22-E23 -> 0 | F24: =F22-F23 -> 0 | G24: =G22-G23 -> 0 | H24: =H22-H23 -> #REF! | I24: =I22-I23 -> #REF! | J24: =J22-J23 -> 0 | K24: =K22-K23 -> 0 | ... AI24: =AI22-AI23 -> 96
A27: Prepared by: | R27: Checked by: | V27: Certified correct by: | AB27: Certified Correct by:
A30: MR. ARGYNE LEO B. LIBAO JR. | R30: ENGR. EDWIN B. BATAL | AB30: ENGR. RIVA B. GUIBELONDO
A31: Drill and Blast Engineer | R31: Mine Explosives Asst. Manager | AB31: Project Management Manager - TIGERWAY
A32: Mount Rock Powder Corp. | R32: PHILSAGA MINING CORPORATION | AB32: PHILSAGA MINING CORPORATION
A33: Blaster License: FPDJ10-240424-1116 | R33: Blaster License: FKB15 - 080917- 04561

Sheet 10-14-20, 2024
A10: EXPLOSIVES WEEKLY CONSUMPTION - TIGERWAY DECLINE PROJECT
A11: OCTOBER 14-20, 2024
A14: SUPPLIER | D14: MT. ROCK
A16: DATE | B16: DESCRIPTION | D16: EMULSION | F16: EMULSION | H16: Dyna | J16: EMULSION | L16: EMULSION | N16: Dyna | P16: EMULSION | R16: EMULSION | T16: EMULSION | V16: EMULSION | X16: Pentex | Y16: Anfo | Z16: S/Fuse | AA16: S/Fuse | AB16: OBC | AC16: SHOCKSTAR | AD16: SUPREME | AE16: NEOCORD | AF16: DETCORD | AG16: DETCORD | AH16: Billwire | AI16: EBC
D17: 62 | F17: 36 | H17: 200 | J17: 208 | L17: 150 | N17: 150 | P17: 80 | R17: 208 | T17: 91 | V17: 135 | X17: Spider | Z17: (savings) | AC17: 4.8 | AD17: 4.9 | AE17: 10 | AF17: 10 | AG17: 40
D18: Neogel 901 | F18: Emulex | H18: Superdyne | J18: EMULEX | L18: Super Power | N18: Senatel/Pulsar | P18: Emulex | R18: Superpower 90 | T18: Superpower 90 | V18: Senatel/Pulsar
D19: Pcs | E19: Kls | F19: Pcs | G19: Kls | H19: Pcs | I19: Kls | J19: Pcs | K19: Kls | L19: Pcs | M19: Kls | N19: Pcs | O19: Kls | P19: Pcs | Q19: Kls | R19: Pcs | S19: Kls | T19: Pcs | U19: Kls | V19: Pcs | W19: Kls | X19: Pcs | Y19: Kls | Z19: Mtrs | AA19: Mtrs | AB19: Pcs | AC19: Pcs | AD19: Pcs | AE19: Mtrs | AF19: Mtrs | AG19: Mtrs | AH19: Mtrs | AI19: Pcs
A20: 45579 | B20: Beginning Balance | E20: ='4-8-14,2024'!E24 -> 0 | F20: ='5-20-26,2024'!F24 -> 0 | G20: ='5-20-26,2024'!G24 -> 0 | H20: ='5-20-26,2024'!H24 -> #REF! | I20: ='5-20-26,2024'!I24 -> #REF! | J20: ='5-20-26,2024'!J24 -> 0 | K20: ='5-20-26,2024'!K24 -> 0 | L20: ='5-20-26,2024'!L24 -> 0 | M20: ='5-20-26,2024'!M24 -> 0 | ... O20: ='5-20-26,2024'!O24 -> #REF! | P20: ='10-7-13, 2024'!P24 -> 11920 | Q20: ='10-7-13, 2024'!Q24 -> 3725 | R20: ='10-7-13, 2024'!R24 -> 0 | S20: ='10-7-13, 2024'!S24 -> 0 | T20: ='10-7-13, 2024'!T24 -> 0 | U20: ='10-7-13, 2024'!U24 -> 0 | V20: ='10-7-13, 2024'!V24 -> 0 | W20: ='10-7-13, 2024'!W24 -> 0 | ... AI20: ='10-7-13, 2024'!AI24 -> 96
