Workbook

Sheet JANUARY 2026
A1: PHILSAGA MINING CORPORATION
A2: BAYUGAN 3, ROSARIO AGUSAN DEL SUR
A4: EXPLOSIVE MONTHLY REPORT
A5: MONTH OF JANUARY 2026
A7: DESCRIPTION | B7: MT.ROCK | D7: MT ROCK | F7: EXPEDITION | P7: MT ROCK | Q7: MT. ROCK | V7: EXPEDITION | Y7: MT ROCK | AA7: EXPEDITION | AB7: MT. ROCK | AC7: EXPEDITION | AE7: MT ROCK | AF7: EXPEDITION
B8: EMULSION | P8: EXPEDITION | Y8: EXPEDITION | AE8: EXPEDITION
B9: EMULEX | P9: Anfo | Q9: DETONATORS | AA9: DETONATING CORD
B10: 11083 | D10: 200 | F10: 215 | H10: 135 | J10: 150 | L10: 150 | N10: 38 | Q10: NONEL | S10: SUPREME | U10: SHOCK STAR | V10: EXEL | Y10: OBC | Z10: EBC | AA10: Cordtex | AE10: S/Fuse | AF10: Billwire | AG10: FUSE
B11: 208 | D11: Neogel | F11: Senatel/Pulsar | H11: Senatel/Pulsar | J11: Super Power | L11: Magnum | N11: Senatel/Pulsar | Q11: 2.4 | R11: 3.6 | S11: 2.4 | T11: 3.6 | U11: 2.4 | V11: 3.6 | W11: 2.4 | X11: 4.9 | AA11: 5 | AB11: 10 | AC11: I5 | AD11: 40 | AG11: LIGHTER
B12: pcs | C12: kls | D12: 35245 | F12: 11082 | H12: 21810 | J12: 17362 | L12: 18389 | N12: 21811 | P12: 10128 | Q12: 10962 | R12: 15427 | S12: 16623 | T12: 16967 | U12: 28230 | V12: 10966 | W12: 10965 | X12: 21809 | Y12: 11966 | Z12: 11089 | AA12: 10960 | AB12: 10961 | AC12: 33442 | AD12: 10959 | AE12: 12487 | AF12: 16823 | AG12: 11342
D13: Pcs | E13: Kls | F13: Pcs | G13: Kls | H13: Pcs | I13: Kls | J13: Pcs | K13: Kls | L13: Pcs | M13: Kls | N13: Pcs | O13: Kls | P13: Kls | Q13: Pcs | R13: Pcs | S13: Pcs | T13: Pcs | U13: Pcs | V13: Pcs | W13: Pcs | X13: Pcs | Y13: Pcs | Z13: Pcs | AA13: Mtrs | AB13: Mtrs | AC13: Mtrs | AD13: Mtrs | AE13: Mtrs | AF13: Mtrs | AG13: Pcs
A14: BEGINNING STOCKS AS OF JANUARY 1, 2026 | B14: 0 | C14: 0 | D14: 42101 | E14: 5262.625 | F14: 106162 | G14: 6891.5116 | H14: 0 | I14: 0 | J14: 0 | K14: 0 | L14: 0 | M14: 0 | N14: 0 | O14: 0 | P14: 62799.19 | Q14: 264 | R14: 847 | S14: 16364 | T14: 0 | U14: 0 | V14: 5798 | W14: 60947 | X14: 646 | Y14: 12003 | Z14: 246 | AA14: 23827 | AB14: 1532 | AC14: 2473 | AD14: 1060 | AE14: 23537.29 | AF14: 1845 | AG14: 279
A15: THIS MONTH WITHDRAWAL | D15: 60000 | E15: =D15/200*25 -> 7500 | F15: 64500 | G15: =F15/215*25 -> 7500 | H15: 0 | I15: =H15/135*25 -> 0 | N15: 0 | O15: =N15/38*25 -> 0 | P15: 37500 | Q15: 0 | R15: 0 | S15: 0 | T15: 0 | U15: 0 | V15: 7480 | W15: 60500 | Y15: 6000 | Z15: 50 | AA15: 27900 | AE15: 18000 | AF15: 600
A16: TOTAL STOCKS ON HAND | B16: =B14+B15 -> 0 | C16: =C14+C15 -> 0 | D16: =D14+D15 -> 102101 | E16: =E14+E15 -> 12762.625 | F16: =F14+F15 -> 170662 | G16: =G14+G15 -> 14391.512 | H16: =H14+H15 -> 0 | I16: =I14+I15 -> 0 | ... N16: =N14+N15 -> 0 | O16: =N16/38*25 -> 0 | P16: =P14+P15 -> 100299.19 | Q16: =Q14+Q15 -> 264 | R16: =R14+R15 -> 847 | S16: =S14+S15 -> 16364 | T16: =T14+T15 -> 0 | U16: =U14+U15 -> 0 | V16: =V14+V15 -> 13278 | W16: =W14+W15 -> 121447 | ... AG16: =AG14+AG15 -> 279
A17: Less: MONTHLY CONSUMPTION | B17: 0 | C17: =B17/208*25 -> 0 | D17: 45072 | E17: =D17/200*25 -> 5634 | F17: 49039 | G17: =F17/215*25 -> 5702.2093 | H17: 0 | I17: =H17/135*25 -> 0 | K17: =J17/150*25 -> 0 | M17: =L17/150*25 -> 0 | N17: 0 | O17: =N17/38*25 -> 0 | P17: 30816.1 | Q17: 0 | R17: 0 | S17: 0 | T17: 0 | U17: 0 | V17: 1609 | W17: 44750 | X17: 0 | Y17: 5497 | Z17: 92 | AA17: 20129 | AB17: 0 | AC17: 1676 | AD17: 0 | AE17: =Y17*2.43 -> 13357.71 | AF17: 310 | AG17: 3
A18: REMAINING STOCK AS OF JANUARY 31, 2026 | B18: =B16-B17 -> 0 | C18: =C16-C17 -> 0 | D18: =D16-D17 -> 57029 | E18: =E16-E17 -> 7128.625 | F18: =F16-F17 -> 121623 | G18: =G16-G17 -> 8689.3023 | H18: =H16-H17 -> 0 | I18: =I16-I17 -> 0 | ... AG18: =AG16-AG17 -> 276
A20: Prepared by: | E20: Checked by: | J20: Noted by: | S20: Noted by: | Z20: Approved by:
A23: AIHREIN T. BACLAAN | E23: NHOLL GREAL O. LOZADA | J23: EDWIN B. BATAL | S23: ENGR. RAFFY D. TORRES | Z23: ENGR. EARL M. SON
A24: Mine Explosives Supervisor | E24: Mine Explosives Inventory Supervisor | J24: Mine Explosives Asst. Manager | S24: Mine Explosives Manager | Z24: Mine Division Manager

Sheet FEBRUARY 2026
A1: PHILSAGA MINING CORPORATION
A2: BAYUGAN 3, ROSARIO AGUSAN DEL SUR
A4: EXPLOSIVE MONTHLY REPORT
A5: MONTH OF FEBRUARY 2026
A7: DESCRIPTION | B7: MT.ROCK | D7: MT ROCK | F7: EXPEDITION | P7: MT ROCK | Q7: MT. ROCK | V7: EXPEDITION | Y7: MT ROCK | AA7: EXPEDITION | AB7: MT. ROCK | AC7: EXPEDITION | AE7: MT ROCK | AF7: EXPEDITION
B8: EMULSION | P8: EXPEDITION | Y8: EXPEDITION | AE8: EXPEDITION
B9: EMULEX | P9: Anfo | Q9: DETONATORS | AA9: DETONATING CORD
B10: 11083 | D10: 200 | F10: 215 | H10: 135 | J10: 150 | L10: 150 | N10: 38 | Q10: NONEL | S10: SUPREME | U10: SHOCK STAR | V10: EXEL | Y10: OBC | Z10: EBC | AA10: Cordtex | AE10: S/Fuse | AF10: Billwire | AG10: FUSE
B11: 208 | D11: Neogel | F11: Senatel/Pulsar | H11: Senatel/Pulsar | J11: Super Power | L11: Magnum | N11: Senatel/Pulsar | Q11: 2.4 | R11: 3.6 | S11: 2.4 | T11: 3.6 | U11: 2.4 | V11: 3.6 | W11: 2.4 | X11: 4.9 | AA11: 5 | AB11: 10 | AC11: I5 | AD11: 40 | AG11: LIGHTER
B12: pcs | C12: kls | D12: 35245 | F12: 11082 | H12: 21810 | J12: 17362 | L12: 18389 | N12: 21811 | P12: 10128 | Q12: 10962 | R12: 15427 | S12: 16623 | T12: 16967 | U12: 28230 | V12: 10966 | W12: 10965 | X12: 21809 | Y12: 11966 | Z12: 11089 | AA12: 10960 | AB12: 10961 | AC12: 33442 | AD12: 10959 | AE12: 12487 | AF12: 16823 | AG12: 11342
D13: Pcs | E13: Kls | F13: Pcs | G13: Kls | H13: Pcs | I13: Kls | J13: Pcs | K13: Kls | L13: Pcs | M13: Kls | N13: Pcs | O13: Kls | P13: Kls | Q13: Pcs | R13: Pcs | S13: Pcs | T13: Pcs | U13: Pcs | V13: Pcs | W13: Pcs | X13: Pcs | Y13: Pcs | Z13: Pcs | AA13: Mtrs | AB13: Mtrs | AC13: Mtrs | AD13: Mtrs | AE13: Mtrs | AF13: Mtrs | AG13: Pcs
A14: BEGINNING STOCKS AS OF FEBRUARY 1, 2026 | B14: 0 | C14: 0 | D14: ='JANUARY 2026'!D18 -> 57029 | E14: ='JANUARY 2026'!E18 -> 7128.625 | F14: ='JANUARY 2026'!F18 -> 121623 | G14: ='JANUARY 2026'!G18 -> 8689.3023 | H14: ='JANUARY 2026'!H18 -> 0 | I14: ='JANUARY 2026'!I18 -> 0 | J14: ='JANUARY 2026'!J18 -> 0 | K14: ='JANUARY 2026'!K18 -> 0 | ... AG14: ='JANUARY 2026'!AG18 -> 276
A15: THIS MONTH WITHDRAWAL | D15: 35000 | E15: =D15/200*25 -> 4375 | F15: 37625 | G15: =F15/215*25 -> 4375 | H15: 0 | I15: =H15/135*25 -> 0 | N15: 0 | O15: =N15/38*25 -> 0 | P15: 30000 | Q15: 0 | R15: 0 | S15: 0 | T15: 0 | U15: 0 | V15: 0 | W15: 32250 | Y15: 4000 | Z15: 160 | AA15: 14400 | AE15: 15000 | AF15: 600
A16: TOTAL STOCKS ON HAND | B16: =B14+B15 -> 0 | C16: =C14+C15 -> 0 | D16: =D14+D15 -> 92029 | E16: =E14+E15 -> 11503.625 | F16: =F14+F15 -> 159248 | G16: =G14+G15 -> 13064.302 | H16: =H14+H15 -> 0 | I16: =I14+I15 -> 0 | ... N16: =N14+N15 -> 0 | O16: =N16/38*25 -> 0 | P16: =P14+P15 -> 99483.09 | Q16: =Q14+Q15 -> 264 | R16: =R14+R15 -> 847 | S16: =S14+S15 -> 16364 | T16: =T14+T15 -> 0 | U16: =U14+U15 -> 0 | V16: =V14+V15 -> 11669 | W16: =W14+W15 -> 108947 | ... AG16: =AG14+AG15 -> 276
A17: Less: MONTHLY CONSUMPTION | B17: 0 | C17: =B17/208*25 -> 0 | D17: 41302 | E17: =D17/200*25 -> 5162.75 | F17: 40650 | G17: =F17/215*25 -> 4726.7442 | H17: 0 | I17: =H17/135*25 -> 0 | K17: =J17/150*25 -> 0 | M17: =L17/150*25 -> 0 | N17: 0 | O17: =N17/38*25 -> 0 | P17: 29541.5 | Q17: 0 | R17: 0 | S17: 0 | T17: 0 | U17: 0 | V17: 587 | W17: 39878 | X17: 0 | Y17: 4650 | Z17: 158 | AA17: 18862 | AB17: 20 | AC17: 797 | AD17: 0 | AE17: =Y17*2.43 -> 11299.5 | AF17: 340 | AG17: 1
A18: REMAINING STOCK AS OF FEBRUARY 28, 2026 | B18: =B16-B17 -> 0 | C18: =C16-C17 -> 0 | D18: =D16-D17 -> 50727 | E18: =E16-E17 -> 6340.875 | F18: =F16-F17 -> 118598 | G18: =G16-G17 -> 8337.5581 | H18: =H16-H17 -> 0 | I18: =I16-I17 -> 0 | ... AG18: =AG16-AG17 -> 275
A20: Prepared by: | E20: Checked by: | J20: Noted by: | S20: Noted by: | Z20: Approved by:
A23: AIHREIN T. BACLAAN | E23: NHOLL GREAL O. LOZADA | J23: EDWIN B. BATAL | S23: ENGR. RAFFY D. TORRES | Z23: ENGR. EARL M. SON
A24: Mine Explosives Supervisor | E24: Mine Explosives Inventory Supervisor | J24: Mine Explosives Asst. Manager | S24: Mine Explosives Manager | Z24: Mine Division Manager

Sheet MARCH 2026
A1: PHILSAGA MINING CORPORATION
A2: BAYUGAN 3, ROSARIO AGUSAN DEL SUR
A4: EXPLOSIVE MONTHLY REPORT
A5: MONTH OF MARCH 2026
A7: DESCRIPTION | B7: MT.ROCK | D7: MT ROCK | F7: EXPEDITION | P7: MT ROCK | Q7: MT. ROCK | V7: EXPEDITION | Y7: MT ROCK | AA7: EXPEDITION | AB7: MT. ROCK | AC7: EXPEDITION | AE7: MT ROCK | AF7: EXPEDITION
B8: EMULSION | P8: EXPEDITION | Y8: EXPEDITION | AE8: EXPEDITION
B9: EMULEX | P9: Anfo | Q9: DETONATORS | AA9: DETONATING CORD
B10: 11083 | D10: 200 | F10: 215 | H10: 135 | J10: 150 | L10: 150 | N10: 38 | Q10: NONEL | S10: SUPREME | U10: SHOCK STAR | V10: EXEL | Y10: OBC | Z10: EBC | AA10: Cordtex | AE10: S/Fuse | AF10: Billwire | AG10: FUSE
B11: 208 | D11: Neogel | F11: Senatel/Pulsar | H11: Senatel/Pulsar | J11: Super Power | L11: Magnum | N11: Senatel/Pulsar | Q11: 2.4 | R11: 3.6 | S11: 2.4 | T11: 3.6 | U11: 2.4 | V11: 3.6 | W11: 2.4 | X11: 4.9 | AA11: 5 | AB11: 10 | AC11: I5 | AD11: 40 | AG11: LIGHTER
B12: pcs | C12: kls | D12: 35245 | F12: 11082 | H12: 21810 | J12: 17362 | L12: 18389 | N12: 21811 | P12: 10128 | Q12: 10962 | R12: 15427 | S12: 16623 | T12: 16967 | U12: 28230 | V12: 10966 | W12: 10965 | X12: 21809 | Y12: 11966 | Z12: 11089 | AA12: 10960 | AB12: 10961 | AC12: 33442 | AD12: 10959 | AE12: 12487 | AF12: 16823 | AG12: 11342
D13: Pcs | E13: Kls | F13: Pcs | G13: Kls | H13: Pcs | I13: Kls | J13: Pcs | K13: Kls | L13: Pcs | M13: Kls | N13: Pcs | O13: Kls | P13: Kls | Q13: Pcs | R13: Pcs | S13: Pcs | T13: Pcs | U13: Pcs | V13: Pcs | W13: Pcs | X13: Pcs | Y13: Pcs | Z13: Pcs | AA13: Mtrs | AB13: Mtrs | AC13: Mtrs | AD13: Mtrs | AE13: Mtrs | AF13: Mtrs | AG13: Pcs
A14: BEGINNING STOCKS AS OF MARCH 1, 2026 | B14: 0 | C14: 0 | D14: ='FEBRUARY 2026'!D18 -> 50727 | E14: ='FEBRUARY 2026'!E18 -> 6340.875 | F14: ='FEBRUARY 2026'!F18 -> 118598 | G14: ='FEBRUARY 2026'!G18 -> 8337.5581 | H14: ='FEBRUARY 2026'!H18 -> 0 | I14: ='FEBRUARY 2026'!I18 -> 0 | J14: ='FEBRUARY 2026'!J18 -> 0 | K14: ='FEBRUARY 2026'!K18 -> 0 | ... AG14: ='FEBRUARY 2026'!AG18 -> 275
A15: THIS MONTH WITHDRAWAL | D15: 10000 | E15: =D15/200*25 -> 1250 | F15: 43000 | G15: =F15/215*25 -> 5000 | H15: 0 | I15: =H15/135*25 -> 0 | N15: 0 | O15: =N15/38*25 -> 0 | P15: 30000 | Q15: 0 | R15: 0 | S15: 0 | T15: 0 | U15: 0 | V15: 0 | W15: 35750 | Y15: 2000 | Z15: 120 | AA15: 12600 | AB15: 12000 | AE15: 4000
A16: TOTAL STOCKS ON HAND | B16: =B14+B15 -> 0 | C16: =C14+C15 -> 0 | D16: =D14+D15 -> 60727 | E16: =E14+E15 -> 7590.875 | F16: =F14+F15 -> 161598 | G16: =G14+G15 -> 13337.558 | H16: =H14+H15 -> 0 | I16: =I14+I15 -> 0 | ... N16: =N14+N15 -> 0 | O16: =N16/38*25 -> 0 | P16: =P14+P15 -> 99941.59 | Q16: =Q14+Q15 -> 264 | R16: =R14+R15 -> 847 | S16: =S14+S15 -> 16364 | T16: =T14+T15 -> 0 | U16: =U14+U15 -> 0 | V16: =V14+V15 -> 11082 | W16: =W14+W15 -> 104819 | ... AG16: =AG14+AG15 -> 275
A17: Less: MONTHLY CONSUMPTION | B17: 0 | C17: =B17/208*25 -> 0 | D17: 55225 | E17: =D17/200*25 -> 6903.125 | F17: 46249 | G17: =F17/215*25 -> 5377.7907 | H17: 0 | I17: =H17/135*25 -> 0 | K17: =J17/150*25 -> 0 | M17: =L17/150*25 -> 0 | N17: 0 | O17: =N17/38*25 -> 0 | P17: 35141.07 | Q17: 0 | R17: 0 | S17: 0 | T17: 0 | U17: 0 | V17: 368 | W17: 49312 | Y17: 5828 | Z17: 156 | AA17: 24333 | AB17: 0 | AC17: 0 | AD17: 0 | AE17: =Y17*2.43 -> 14162.04 | AF17: 90
A18: REMAINING STOCK AS OF MARCH 31, 2026 | B18: =B16-B17 -> 0 | C18: =C16-C17 -> 0 | D18: =D16-D17 -> 5502 | E18: =E16-E17 -> 687.75 | F18: =F16-F17 -> 115349 | G18: =G16-G17 -> 7959.7674 | H18: =H16-H17 -> 0 | I18: =I16-I17 -> 0 | ... AG18: =AG16-AG17 -> 275
A20: Prepared by: | E20: Checked by: | J20: Noted by: | S20: Noted by: | Z20: Approved by:
A23: AIHREIN T. BACLAAN | E23: NHOLL GREAL O. LOZADA | J23: EDWIN B. BATAL | S23: ENGR. EDWIN B. BATAL | Z23: ENGR. EARL M. SON
A24: Mine Explosives Supervisor | E24: Mine Explosives Inventory Supervisor | J24: Mine Explosives Asst. Manager | S24: Mine Explosives Asst. Manager | Z24: Mine Division Manager

Sheet APRIL 2026
A1: PHILSAGA MINING CORPORATION
A2: BAYUGAN 3, ROSARIO AGUSAN DEL SUR
A4: EXPLOSIVE MONTHLY REPORT
A5: MONTH OF APRIL 2026
A7: DESCRIPTION | B7: MT.ROCK | D7: MT ROCK | F7: EXPEDITION | P7: MT ROCK | Q7: MT. ROCK | V7: EXPEDITION | Y7: MT ROCK | AA7: EXPEDITION | AB7: MT. ROCK | AC7: EXPEDITION | AE7: MT ROCK | AF7: EXPEDITION
B8: EMULSION | P8: EXPEDITION | Y8: EXPEDITION | AE8: EXPEDITION
B9: EMULEX | P9: Anfo | Q9: DETONATORS | AA9: DETONATING CORD
B10: 11083 | D10: 200 | F10: 215 | H10: 135 | J10: 150 | L10: 150 | N10: 38 | Q10: NONEL | S10: SUPREME | U10: SHOCK STAR | V10: EXEL | Y10: OBC | Z10: EBC | AA10: Cordtex | AE10: S/Fuse | AF10: Billwire | AG10: FUSE
B11: 208 | D11: Neogel | F11: Senatel/Pulsar | H11: Senatel/Pulsar | J11: Super Power | L11: Magnum | N11: Senatel/Pulsar | Q11: 2.4 | R11: 3.6 | S11: 2.4 | T11: 3.6 | U11: 2.4 | V11: 3.6 | W11: 2.4 | X11: 4.9 | AA11: 5 | AB11: 10 | AC11: I5 | AD11: 40 | AG11: LIGHTER
B12: pcs | C12: kls | D12: 35245 | F12: 11082 | H12: 21810 | J12: 17362 | L12: 18389 | N12: 21811 | P12: 10128 | Q12: 10962 | R12: 15427 | S12: 16623 | T12: 16967 | U12: 28230 | V12: 10966 | W12: 10965 | X12: 21809 | Y12: 11966 | Z12: 11089 | AA12: 10960 | AB12: 10961 | AC12: 33442 | AD12: 10959 | AE12: 12487 | AF12: 16823 | AG12: 11342
D13: Pcs | E13: Kls | F13: Pcs | G13: Kls | H13: Pcs | I13: Kls | J13: Pcs | K13: Kls | L13: Pcs | M13: Kls | N13: Pcs | O13: Kls | P13: Kls | Q13: Pcs | R13: Pcs | S13: Pcs | T13: Pcs | U13: Pcs | V13: Pcs | W13: Pcs | X13: Pcs | Y13: Pcs | Z13: Pcs | AA13: Mtrs | AB13: Mtrs | AC13: Mtrs | AD13: Mtrs | AE13: Mtrs | AF13: Mtrs | AG13: Pcs
A14: BEGINNING STOCKS AS OF APRIL 1, 2026 | B14: 0 | C14: 0 | D14: ='MARCH 2026'!D18 -> 5502 | E14: ='MARCH 2026'!E18 -> 687.75 | F14: ='MARCH 2026'!F18 -> 115349 | G14: ='MARCH 2026'!G18 -> 7959.7674 | H14: ='MARCH 2026'!H18 -> 0 | I14: ='MARCH 2026'!I18 -> 0 | J14: ='MARCH 2026'!J18 -> 0 | K14: ='MARCH 2026'!K18 -> 0 | ... AG14: ='MARCH 2026'!AG18 -> 275
A15: THIS MONTH WITHDRAWAL | D15: 50000 | E15: =D15/200*25 -> 6250 | F15: 53750 | G15: =F15/215*25 -> 6250 | H15: 0 | I15: =H15/135*25 -> 0 | N15: 0 | O15: =N15/38*25 -> 0 | P15: 56250 | Q15: 0 | R15: 0 | S15: 0 | T15: 0 | U15: 0 | V15: 5500 | W15: 43500 | Y15: 4000 | Z15: 300 | AA15: 12600 | AB15: 11000 | AE15: 13000 | AF15: 0 | AG15: 0
A16: TOTAL STOCKS ON HAND | B16: =B14+B15 -> 0 | C16: =C14+C15 -> 0 | D16: =D14+D15 -> 55502 | E16: =E14+E15 -> 6937.75 | F16: =F14+F15 -> 169099 | G16: =G14+G15 -> 14209.767 | H16: =H14+H15 -> 0 | I16: =I14+I15 -> 0 | ... N16: =N14+N15 -> 0 | O16: =N16/38*25 -> 0 | P16: =P14+P15 -> 121050.52 | Q16: =Q14+Q15 -> 264 | R16: =R14+R15 -> 847 | S16: =S14+S15 -> 16364 | T16: =T14+T15 -> 0 | U16: =U14+U15 -> 0 | V16: =V14+V15 -> 16214 | W16: =W14+W15 -> 99007 | ... AG16: =AG14+AG15 -> 275
A17: Less: MONTHLY CONSUMPTION | B17: 0 | C17: =B17/208*25 -> 0 | D17: 16788 | E17: =D17/200*25 -> 2098.5 | F17: 63497 | G17: =F17/215*25 -> 7383.3721 | H17: 0 | I17: =H17/135*25 -> 0 | K17: =J17/150*25 -> 0 | M17: =L17/150*25 -> 0 | N17: 0 | O17: =N17/38*25 -> 0 | P17: 26252.2 | Q17: 0 | R17: 0 | S17: 0 | T17: 0 | U17: 0 | V17: 570 | W17: 39526 | Y17: 4599 | Z17: 148 | AA17: 10819 | AB17: 8389 | AC17: 0 | AD17: 0 | AE17: =Y17*2.43 -> 11175.57 | AF17: 30 | AG17: 0
A18: REMAINING STOCK AS OF APRIL 30, 2026 | B18: =B16-B17 -> 0 | C18: =C16-C17 -> 0 | D18: =D16-D17 -> 38714 | E18: =E16-E17 -> 4839.25 | F18: =F16-F17 -> 105602 | G18: =G16-G17 -> 6826.3953 | H18: =H16-H17 -> 0 | I18: =I16-I17 -> 0 | ... AG18: =AG16-AG17 -> 275
A20: Prepared by: | E20: Checked by: | J20: Noted by: | S20: Noted by: | Z20: Approved by:
A23: AIHREIN T. BACLAAN | E23: NHOLL GREAL O. LOZADA | J23: EDWIN B. BATAL | S23: ENGR. EDWIN B. BATAL | Z23: ENGR. EARL M. SON
A24: Mine Explosives Supervisor | E24: Mine Explosives Inventory Supervisor | J24: Mine Explosives Asst. Manager | S24: Mine Explosives Asst. Manager | Z24: Mine Division Manager

Sheet MAY 2026
A1: PHILSAGA MINING CORPORATION
A2: BAYUGAN 3, ROSARIO AGUSAN DEL SUR
A4: EXPLOSIVE MONTHLY REPORT
A5: MONTH OF MAY 2026
A7: DESCRIPTION | B7: MT.ROCK | D7: MT ROCK | F7: EXPEDITION | P7: MT ROCK | Q7: MT. ROCK | V7: EXPEDITION | Y7: MT ROCK | AA7: EXPEDITION | AB7: MT. ROCK | AC7: EXPEDITION | AE7: MT ROCK | AF7: EXPEDITION
B8: EMULSION | P8: EXPEDITION | Y8: EXPEDITION | AE8: EXPEDITION
B9: EMULEX | P9: Anfo | Q9: DETONATORS | AA9: DETONATING CORD
B10: 11083 | D10: 200 | F10: 215 | H10: 135 | J10: 150 | L10: 150 | N10: 38 | Q10: NONEL | S10: SUPREME | U10: SHOCK STAR | V10: EXEL | Y10: OBC | Z10: EBC | AA10: Cordtex | AE10: S/Fuse | AF10: Billwire | AG10: FUSE
B11: 208 | D11: Neogel | F11: Senatel/Pulsar | H11: Senatel/Pulsar | J11: Super Power | L11: Magnum | N11: Senatel/Pulsar | Q11: 2.4 | R11: 3.6 | S11: 2.4 | T11: 3.6 | U11: 2.4 | V11: 3.6 | W11: 2.4 | X11: 4.9 | AA11: 5 | AB11: 10 | AC11: I5 | AD11: 40 | AG11: LIGHTER
B12: pcs | C12: kls | D12: 35245 | F12: 11082 | H12: 21810 | J12: 17362 | L12: 18389 | N12: 21811 | P12: 10128 | Q12: 10962 | R12: 15427 | S12: 16623 | T12: 16967 | U12: 28230 | V12: 10966 | W12: 10965 | X12: 21809 | Y12: 11966 | Z12: 11089 | AA12: 10960 | AB12: 10961 | AC12: 33442 | AD12: 10959 | AE12: 12487 | AF12: 16823 | AG12: 11342
D13: Pcs | E13: Kls | F13: Pcs | G13: Kls | H13: Pcs | I13: Kls | J13: Pcs | K13: Kls | L13: Pcs | M13: Kls | N13: Pcs | O13: Kls | P13: Kls | Q13: Pcs | R13: Pcs | S13: Pcs | T13: Pcs | U13: Pcs | V13: Pcs | W13: Pcs | X13: Pcs | Y13: Pcs | Z13: Pcs | AA13: Mtrs | AB13: Mtrs | AC13: Mtrs | AD13: Mtrs | AE13: Mtrs | AF13: Mtrs | AG13: Pcs
A14: BEGINNING STOCKS AS OF MAY 1, 2026 | B14: 0 | C14: 0 | D14: ='APRIL 2026'!D18 -> 38714 | E14: ='APRIL 2026'!E18 -> 4839.25 | F14: ='APRIL 2026'!F18 -> 105602 | G14: ='APRIL 2026'!G18 -> 6826.3953 | H14: ='APRIL 2026'!H18 -> 0 | I14: ='APRIL 2026'!I18 -> 0 | J14: ='APRIL 2026'!J18 -> 0 | K14: ='APRIL 2026'!K18 -> 0 | ... AG14: ='APRIL 2026'!AG18 -> 275
A15: THIS MONTH WITHDRAWAL | D15: 35000 | E15: =D15/200*25 -> 4375 | F15: 37625 | G15: =F15/215*25 -> 4375 | H15: 0 | I15: =H15/135*25 -> 0 | N15: 0 | O15: =N15/38*25 -> 0 | P15: 17500 | Q15: 0 | R15: 0 | S15: 0 | T15: 0 | U15: 0 | V15: 0 | W15: 31500 | X15: 0 | Y15: 5000 | Z15: 80 | AA15: 5400 | AB15: 6000 | AE15: 8000 | AF15: 0 | AG15: 0
A16: TOTAL STOCKS ON HAND | B16: =B14+B15 -> 0 | C16: =C14+C15 -> 0 | D16: =D14+D15 -> 73714 | E16: =E14+E15 -> 9214.25 | F16: =F14+F15 -> 143227 | G16: =G14+G15 -> 11201.395 | H16: =H14+H15 -> 0 | I16: =I14+I15 -> 0 | ... N16: =N14+N15 -> 0 | O16: =N16/38*25 -> 0 | P16: =P14+P15 -> 112298.32 | Q16: =Q14+Q15 -> 264 | R16: =R14+R15 -> 847 | S16: =S14+S15 -> 16364 | T16: =T14+T15 -> 0 | U16: =U14+U15 -> 0 | V16: =V14+V15 -> 15644 | W16: =W14+W15 -> 90981 | ... AG16: =AG14+AG15 -> 275
A17: Less: MONTHLY CONSUMPTION | B17: 0 | C17: =B17/208*25 -> 0 | D17: 46364 | E17: =D17/200*25 -> 5795.5 | F17: 42223 | G17: =F17/215*25 -> 4909.6512 | H17: 0 | I17: =H17/135*25 -> 0 | K17: =J17/150*25 -> 0 | M17: =L17/150*25 -> 0 | N17: 0 | O17: =N17/38*25 -> 0 | P17: 30961.5 | Q17: 0 | R17: 0 | S17: 0 | T17: 0 | U17: 0 | V17: 3453 | W17: 44222 | X17: 0 | Y17: 5002 | Z17: 128 | AA17: 12260 | AB17: 8724 | AC17: 0 | AD17: 0 | AE17: =Y17*2.43 -> 12154.86 | AF17: 330 | AG17: 0
A18: REMAINING STOCK AS OF MAY 31, 2026 | B18: =B16-B17 -> 0 | C18: =C16-C17 -> 0 | D18: =D16-D17 -> 27350 | E18: =E16-E17 -> 3418.75 | F18: =F16-F17 -> 101004 | G18: =G16-G17 -> 6291.7442 | H18: =H16-H17 -> 0 | I18: =I16-I17 -> 0 | ... AG18: =AG16-AG17 -> 275
A20: Prepared by: | E20: Checked by: | J20: Noted by: | S20: Noted by: | Z20: Approved by:
A23: AIHREIN T. BACLAAN | E23: NHOLL GREAL O. LOZADA | J23: EDWIN B. BATAL | S23: ENGR. RAFFY D. TORRES | Z23: ENGR. EARL M. SON
A24: Mine Explosives Supervisor | E24: Mine Explosives Inventory Supervisor | J24: Mine Explosives Asst. Manager | S24: Mine Explosives Manager | Z24: Mine Division Manager
